[2m2025-04-14 13:37:51.827[0;39m [[32m INFO[0;39m] [35m88914[0;39m [2m[           main ][0;39m [32mnet.mingsoft.MSApplication[0;39m:55 [2m:[0;39m Starting MSApplication using Java 17.0.8 on KacBook-Pro.local with PID 88914 (/Users/unk/ssd/IdeaProjects/github/MCMS/target/classes started by unk in /Users/unk/ssd/IdeaProjects/github/MCMS)
[2m2025-04-14 13:37:51.831[0;39m [[32mDEBUG[0;39m] [35m88914[0;39m [2m[           main ][0;39m [32mnet.mingsoft.MSApplication[0;39m:56 [2m:[0;39m Running with Spring Boot v2.7.18, Spring v5.3.31
[2m2025-04-14 13:37:51.832[0;39m [[32m INFO[0;39m] [35m88914[0;39m [2m[           main ][0;39m [32mnet.mingsoft.MSApplication[0;39m:638 [2m:[0;39m The following 1 profile is active: "dev"
[2m2025-04-14 13:37:53.163[0;39m [[32m INFO[0;39m] [35m88914[0;39m [2m[           main ][0;39m [32mcom.alibaba.druid.spring.boot.autoconfigure.DruidDataSourceAutoConfigure[0;39m:66 [2m:[0;39m Init DruidDataSource
[2m2025-04-14 13:37:53.358[0;39m [[32m INFO[0;39m] [35m88914[0;39m [2m[           main ][0;39m [32mcom.alibaba.druid.pool.DruidDataSource[0;39m:1007 [2m:[0;39m {dataSource-1} inited
[2m2025-04-14 13:37:53.605[0;39m [[33m WARN[0;39m] [35m88914[0;39m [2m[           main ][0;39m [33mcom.baomidou.mybatisplus.core.injector.AbstractMethod[0;39m:405 [2m:[0;39m [net.mingsoft.basic.dao.IManagerDao.delete] Has been loaded by XML or SqlProvider or Mybatis's Annotation, so ignoring this injection for [class com.baomidou.mybatisplus.core.injector.methods.Delete]
[2m2025-04-14 13:37:53.822[0;39m [[33m WARN[0;39m] [35m88914[0;39m [2m[           main ][0;39m [33mcom.baomidou.mybatisplus.core.injector.AbstractMethod[0;39m:405 [2m:[0;39m [net.mingsoft.basic.dao.IModelDao.delete] Has been loaded by XML or SqlProvider or Mybatis's Annotation, so ignoring this injection for [class com.baomidou.mybatisplus.core.injector.methods.Delete]
[2m2025-04-14 13:37:53.850[0;39m [[33m WARN[0;39m] [35m88914[0;39m [2m[           main ][0;39m [33mcom.baomidou.mybatisplus.core.metadata.TableInfoHelper[0;39m:347 [2m:[0;39m Can not find table primary key in Class: "net.mingsoft.basic.entity.RoleModelEntity".
[2m2025-04-14 13:37:53.850[0;39m [[33m WARN[0;39m] [35m88914[0;39m [2m[           main ][0;39m [33mcom.baomidou.mybatisplus.core.injector.DefaultSqlInjector[0;39m:56 [2m:[0;39m class net.mingsoft.basic.entity.RoleModelEntity ,Not found @TableId annotation, Cannot use Mybatis-Plus 'xxById' Method.
[2m2025-04-14 13:37:54.414[0;39m [[32m INFO[0;39m] [35m88914[0;39m [2m[           main ][0;39m [32morg.apache.coyote.http11.Http11NioProtocol[0;39m:173 [2m:[0;39m Initializing ProtocolHandler ["http-nio-8080"]
[2m2025-04-14 13:37:54.415[0;39m [[32m INFO[0;39m] [35m88914[0;39m [2m[           main ][0;39m [32morg.apache.catalina.core.StandardService[0;39m:173 [2m:[0;39m Starting service [Tomcat]
[2m2025-04-14 13:37:54.415[0;39m [[32m INFO[0;39m] [35m88914[0;39m [2m[           main ][0;39m [32morg.apache.catalina.core.StandardEngine[0;39m:173 [2m:[0;39m Starting Servlet engine: [Apache Tomcat/9.0.83]
[2m2025-04-14 13:37:54.466[0;39m [[32m INFO[0;39m] [35m88914[0;39m [2m[           main ][0;39m [32morg.apache.catalina.core.ContainerBase.[Tomcat].[localhost].[/][0;39m:173 [2m:[0;39m Initializing Spring embedded WebApplicationContext
[2m2025-04-14 13:37:54.556[0;39m [[32mDEBUG[0;39m] [35m88914[0;39m [2m[           main ][0;39m [32mnet.mingsoft.basic.filter.XSSEscapeFilter[0;39m:140 [2m:[0;39m xss filter init
[2m2025-04-14 13:37:54.814[0;39m [[33m WARN[0;39m] [35m88914[0;39m [2m[           main ][0;39m [33mcom.baomidou.mybatisplus.core.injector.AbstractMethod[0;39m:405 [2m:[0;39m [net.mingsoft.cms.dao.ICategoryDao.delete] Has been loaded by XML or SqlProvider or Mybatis's Annotation, so ignoring this injection for [class com.baomidou.mybatisplus.core.injector.methods.Delete]
[2m2025-04-14 13:37:54.846[0;39m [[33m WARN[0;39m] [35m88914[0;39m [2m[           main ][0;39m [33mcom.baomidou.mybatisplus.core.injector.AbstractMethod[0;39m:405 [2m:[0;39m [net.mingsoft.cms.dao.IContentDao.delete] Has been loaded by XML or SqlProvider or Mybatis's Annotation, so ignoring this injection for [class com.baomidou.mybatisplus.core.injector.methods.Delete]
[2m2025-04-14 13:37:55.096[0;39m [[33m WARN[0;39m] [35m88914[0;39m [2m[           main ][0;39m [33mcom.baomidou.mybatisplus.core.injector.AbstractMethod[0;39m:405 [2m:[0;39m [net.mingsoft.mdiy.dao.IModelDao.delete] Has been loaded by XML or SqlProvider or Mybatis's Annotation, so ignoring this injection for [class com.baomidou.mybatisplus.core.injector.methods.Delete]
[2m2025-04-14 13:37:55.336[0;39m [[33m WARN[0;39m] [35m88914[0;39m [2m[           main ][0;39m [33mcom.baomidou.mybatisplus.core.injector.AbstractMethod[0;39m:405 [2m:[0;39m [net.mingsoft.mdiy.dao.ITagDao.delete] Has been loaded by XML or SqlProvider or Mybatis's Annotation, so ignoring this injection for [class com.baomidou.mybatisplus.core.injector.methods.Delete]
[2m2025-04-14 13:37:55.767[0;39m [[33m WARN[0;39m] [35m88914[0;39m [2m[           main ][0;39m [33mcom.baomidou.mybatisplus.core.injector.AbstractMethod[0;39m:405 [2m:[0;39m [net.mingsoft.cms.dao.ICmsHistoryLogDao.delete] Has been loaded by XML or SqlProvider or Mybatis's Annotation, so ignoring this injection for [class com.baomidou.mybatisplus.core.injector.methods.Delete]
[2m2025-04-14 13:37:56.160[0;39m [[33m WARN[0;39m] [35m88914[0;39m [2m[           main ][0;39m [33mcom.baomidou.mybatisplus.core.injector.AbstractMethod[0;39m:405 [2m:[0;39m [net.mingsoft.basic.dao.ILogDao.delete] Has been loaded by XML or SqlProvider or Mybatis's Annotation, so ignoring this injection for [class com.baomidou.mybatisplus.core.injector.methods.Delete]
[2m2025-04-14 13:37:56.375[0;39m [[33m WARN[0;39m] [35m88914[0;39m [2m[           main ][0;39m [33mcom.baomidou.mybatisplus.core.injector.AbstractMethod[0;39m:405 [2m:[0;39m [net.mingsoft.basic.dao.IRoleDao.delete] Has been loaded by XML or SqlProvider or Mybatis's Annotation, so ignoring this injection for [class com.baomidou.mybatisplus.core.injector.methods.Delete]
[2m2025-04-14 13:37:56.602[0;39m [[33m WARN[0;39m] [35m88914[0;39m [2m[           main ][0;39m [33mcom.baomidou.mybatisplus.core.injector.AbstractMethod[0;39m:405 [2m:[0;39m [net.mingsoft.basic.dao.ICityDao.delete] Has been loaded by XML or SqlProvider or Mybatis's Annotation, so ignoring this injection for [class com.baomidou.mybatisplus.core.injector.methods.Delete]
[2m2025-04-14 13:37:57.473[0;39m [[33m WARN[0;39m] [35m88914[0;39m [2m[           main ][0;39m [33mcom.baomidou.mybatisplus.core.injector.AbstractMethod[0;39m:405 [2m:[0;39m [net.mingsoft.mdiy.dao.IDictDao.delete] Has been loaded by XML or SqlProvider or Mybatis's Annotation, so ignoring this injection for [class com.baomidou.mybatisplus.core.injector.methods.Delete]
[2m2025-04-14 13:37:57.776[0;39m [[33m WARN[0;39m] [35m88914[0;39m [2m[           main ][0;39m [33mcom.baomidou.mybatisplus.core.injector.AbstractMethod[0;39m:405 [2m:[0;39m [net.mingsoft.mdiy.dao.IPageDao.delete] Has been loaded by XML or SqlProvider or Mybatis's Annotation, so ignoring this injection for [class com.baomidou.mybatisplus.core.injector.methods.Delete]
[2m2025-04-14 13:37:59.807[0;39m [[32m INFO[0;39m] [35m88914[0;39m [2m[           main ][0;39m [32morg.quartz.impl.StdSchedulerFactory[0;39m:1220 [2m:[0;39m Using default implementation for ThreadExecutor
[2m2025-04-14 13:37:59.813[0;39m [[32m INFO[0;39m] [35m88914[0;39m [2m[           main ][0;39m [32morg.quartz.core.SchedulerSignalerImpl[0;39m:61 [2m:[0;39m Initialized Scheduler Signaller of type: class org.quartz.core.SchedulerSignalerImpl
[2m2025-04-14 13:37:59.814[0;39m [[32m INFO[0;39m] [35m88914[0;39m [2m[           main ][0;39m [32morg.quartz.core.QuartzScheduler[0;39m:229 [2m:[0;39m Quartz Scheduler v.2.3.2 created.
[2m2025-04-14 13:37:59.814[0;39m [[32m INFO[0;39m] [35m88914[0;39m [2m[           main ][0;39m [32morg.quartz.simpl.RAMJobStore[0;39m:155 [2m:[0;39m RAMJobStore initialized.
[2m2025-04-14 13:37:59.814[0;39m [[32m INFO[0;39m] [35m88914[0;39m [2m[           main ][0;39m [32morg.quartz.core.QuartzScheduler[0;39m:294 [2m:[0;39m Scheduler meta-data: Quartz Scheduler (v2.3.2) 'quartzScheduler' with instanceId 'NON_CLUSTERED'
  Scheduler class: 'org.quartz.core.QuartzScheduler' - running locally.
  NOT STARTED.
  Currently in standby mode.
  Number of jobs executed: 0
  Using thread pool 'org.quartz.simpl.SimpleThreadPool' - with 10 threads.
  Using job-store 'org.quartz.simpl.RAMJobStore' - which does not support persistence. and is not clustered.

[2m2025-04-14 13:37:59.815[0;39m [[32m INFO[0;39m] [35m88914[0;39m [2m[           main ][0;39m [32morg.quartz.impl.StdSchedulerFactory[0;39m:1374 [2m:[0;39m Quartz scheduler 'quartzScheduler' initialized from an externally provided properties instance.
[2m2025-04-14 13:37:59.815[0;39m [[32m INFO[0;39m] [35m88914[0;39m [2m[           main ][0;39m [32morg.quartz.impl.StdSchedulerFactory[0;39m:1378 [2m:[0;39m Quartz scheduler version: 2.3.2
[2m2025-04-14 13:37:59.815[0;39m [[32m INFO[0;39m] [35m88914[0;39m [2m[           main ][0;39m [32morg.quartz.core.QuartzScheduler[0;39m:2293 [2m:[0;39m JobFactory set to: org.springframework.scheduling.quartz.SpringBeanJobFactory@46374b8
[2m2025-04-14 13:37:59.952[0;39m [[32m INFO[0;39m] [35m88914[0;39m [2m[           main ][0;39m [32morg.apache.coyote.http11.Http11NioProtocol[0;39m:173 [2m:[0;39m Starting ProtocolHandler ["http-nio-8080"]
[2m2025-04-14 13:37:59.968[0;39m [[32m INFO[0;39m] [35m88914[0;39m [2m[           main ][0;39m [32morg.quartz.core.QuartzScheduler[0;39m:547 [2m:[0;39m Scheduler quartzScheduler_$_NON_CLUSTERED started.
[2m2025-04-14 13:37:59.981[0;39m [[32m INFO[0;39m] [35m88914[0;39m [2m[           main ][0;39m [32mnet.mingsoft.MSApplication[0;39m:61 [2m:[0;39m Started MSApplication in 8.484 seconds (JVM running for 12.382)
[2m2025-04-14 13:38:09.929[0;39m [[32m INFO[0;39m] [35m88914[0;39m [2m[nio-8080-exec-1 ][0;39m [32morg.apache.catalina.core.ContainerBase.[Tomcat].[localhost].[/][0;39m:173 [2m:[0;39m Initializing Spring DispatcherServlet 'dispatcherServlet'
[2m2025-04-14 13:38:09.955[0;39m [[32m INFO[0;39m] [35m88914[0;39m [2m[nio-8080-exec-1 ][0;39m [32morg.apache.shiro.session.mgt.AbstractValidatingSessionManager[0;39m:233 [2m:[0;39m Enabling session validation scheduler...
[2m2025-04-14 13:38:09.979[0;39m [[32mDEBUG[0;39m] [35m88914[0;39m [2m[nio-8080-exec-1 ][0;39m [32mnet.mingsoft.basic.util.BasicUtil[0;39m:399 [2m:[0;39m headers:{}
[2m2025-04-14 13:38:10.009[0;39m [[32mDEBUG[0;39m] [35m88914[0;39m [2m[nio-8080-exec-1 ][0;39m [32mnet.mingsoft.basic.util.BasicUtil[0;39m:399 [2m:[0;39m headers:{}
[2m2025-04-14 13:38:10.015[0;39m [[32mDEBUG[0;39m] [35m88914[0;39m [2m[nio-8080-exec-1 ][0;39m [32mnet.mingsoft.basic.action.web.IndexAction[0;39m:67 [2m:[0;39m basic index
[2m2025-04-14 13:38:10.019[0;39m [[32mDEBUG[0;39m] [35m88914[0;39m [2m[nio-8080-exec-1 ][0;39m [32mnet.mingsoft.basic.util.BasicUtil[0;39m:349 [2m:[0;39m server:localhost,basePath:http://localhost:8080/
[2m2025-04-14 13:38:10.060[0;39m [[33m WARN[0;39m] [35m88914[0;39m [2m[nio-8080-exec-1 ][0;39m [33mcom.baomidou.mybatisplus.core.toolkit.support.ReflectLambdaMeta[0;39m:41 [2m:[0;39m Unable to make field private final java.lang.Class java.lang.invoke.SerializedLambda.capturingClass accessible: module java.base does not "opens java.lang.invoke" to unnamed module @358ee631
[2m2025-04-14 13:38:10.079[0;39m [[32mDEBUG[0;39m] [35m88914[0;39m [2m[nio-8080-exec-1 ][0;39m [32mnet.mingsoft.basic.dao.IAppDao.selectList[0;39m:135 [2m:[0;39m ==>  Preparing: SELECT id,app_state,app_name,app_description,app_logo,app_style,app_keyword,app_copyright,app_dir,app_url,app_urls,app_datetime,app_pay_date,app_pay,create_by,create_date,del,update_by,update_date FROM app WHERE (app_url = ?) ORDER BY id ASC
[2m2025-04-14 13:38:10.219[0;39m [[32mDEBUG[0;39m] [35m88914[0;39m [2m[nio-8080-exec-1 ][0;39m [32mnet.mingsoft.basic.dao.IAppDao.selectList[0;39m:135 [2m:[0;39m ==> Parameters: http://localhost:8080/(String)
[2m2025-04-14 13:38:10.232[0;39m [[32mDEBUG[0;39m] [35m88914[0;39m [2m[nio-8080-exec-1 ][0;39m [32mnet.mingsoft.basic.dao.IAppDao.selectList[0;39m:135 [2m:[0;39m <==      Total: 1
[2m2025-04-14 13:38:10.234[0;39m [[32mDEBUG[0;39m] [35m88914[0;39m [2m[nio-8080-exec-1 ][0;39m [32mnet.mingsoft.basic.util.BasicUtil[0;39m:349 [2m:[0;39m server:localhost,basePath:http://localhost:8080/
[2m2025-04-14 13:38:10.235[0;39m [[32mDEBUG[0;39m] [35m88914[0;39m [2m[nio-8080-exec-1 ][0;39m [32mnet.mingsoft.basic.util.BasicUtil[0;39m:893 [2m:[0;39m filePath html/web/default.html
[2m2025-04-14 13:38:10.235[0;39m [[32mDEBUG[0;39m] [35m88914[0;39m [2m[nio-8080-exec-1 ][0;39m [32mnet.mingsoft.basic.util.BasicUtil[0;39m:895 [2m:[0;39m classPath /Users/unk/ssd/IdeaProjects/github/MCMS/target/classes/
[2m2025-04-14 13:38:10.235[0;39m [[32mDEBUG[0;39m] [35m88914[0;39m [2m[nio-8080-exec-1 ][0;39m [32mnet.mingsoft.basic.util.BasicUtil[0;39m:899 [2m:[0;39m servlet org.apache.catalina.core.ApplicationContextFacade@285e936c
[2m2025-04-14 13:38:10.235[0;39m [[32mDEBUG[0;39m] [35m88914[0;39m [2m[nio-8080-exec-1 ][0;39m [32mnet.mingsoft.basic.util.BasicUtil[0;39m:901 [2m:[0;39m path /Users/unk/ssd/IdeaProjects/github/MCMS/src/main/webapp/
[2m2025-04-14 13:38:10.235[0;39m [[32mDEBUG[0;39m] [35m88914[0;39m [2m[nio-8080-exec-1 ][0;39m [32mnet.mingsoft.basic.action.web.IndexAction[0;39m:81 [2m:[0;39m defaultHtmlPath /Users/unk/ssd/IdeaProjects/github/MCMS/src/main/webapp/html/web/default.html
[2m2025-04-14 13:38:10.235[0;39m [[32mDEBUG[0;39m] [35m88914[0;39m [2m[nio-8080-exec-1 ][0;39m [32mnet.mingsoft.basic.action.web.IndexAction[0;39m:88 [2m:[0;39m indexPosition html/web/index.html
[2m2025-04-14 13:38:10.242[0;39m [[32mDEBUG[0;39m] [35m88914[0;39m [2m[nio-8080-exec-1 ][0;39m [32mnet.mingsoft.basic.util.BasicUtil[0;39m:399 [2m:[0;39m headers:{}
[2m2025-04-14 13:38:10.286[0;39m [[32mDEBUG[0;39m] [35m88914[0;39m [2m[nio-8080-exec-2 ][0;39m [32mnet.mingsoft.basic.util.BasicUtil[0;39m:399 [2m:[0;39m headers:{}
[2m2025-04-14 13:38:10.294[0;39m [[32mDEBUG[0;39m] [35m88914[0;39m [2m[nio-8080-exec-2 ][0;39m [32mnet.mingsoft.basic.exception.ErrorController[0;39m:73 [2m:[0;39m error status 404 NOT_FOUND, error {timestamp=2025-04-14T13:38:10.294+0800, status=404, error=Not Found, path=/upload/1/appLogo/1910642617297846272.png},url /error
[2m2025-04-14 13:38:10.297[0;39m [[32mDEBUG[0;39m] [35m88914[0;39m [2m[nio-8080-exec-5 ][0;39m [32mnet.mingsoft.basic.util.BasicUtil[0;39m:399 [2m:[0;39m headers:{}
[2m2025-04-14 13:38:10.310[0;39m [[32mDEBUG[0;39m] [35m88914[0;39m [2m[nio-8080-exec-6 ][0;39m [32mnet.mingsoft.basic.util.BasicUtil[0;39m:399 [2m:[0;39m headers:{}
[2m2025-04-14 13:38:10.310[0;39m [[32mDEBUG[0;39m] [35m88914[0;39m [2m[nio-8080-exec-3 ][0;39m [32mnet.mingsoft.basic.util.BasicUtil[0;39m:399 [2m:[0;39m headers:{}
[2m2025-04-14 13:38:10.320[0;39m [[32mDEBUG[0;39m] [35m88914[0;39m [2m[nio-8080-exec-3 ][0;39m [32mnet.mingsoft.basic.util.BasicUtil[0;39m:399 [2m:[0;39m headers:{}
[2m2025-04-14 13:38:10.321[0;39m [[32mDEBUG[0;39m] [35m88914[0;39m [2m[nio-8080-exec-7 ][0;39m [32mnet.mingsoft.basic.util.BasicUtil[0;39m:399 [2m:[0;39m headers:{}
[2m2025-04-14 13:38:10.325[0;39m [[32mDEBUG[0;39m] [35m88914[0;39m [2m[nio-8080-exec-4 ][0;39m [32mnet.mingsoft.basic.util.BasicUtil[0;39m:399 [2m:[0;39m headers:{}
[2m2025-04-14 13:38:10.330[0;39m [[32mDEBUG[0;39m] [35m88914[0;39m [2m[nio-8080-exec-5 ][0;39m [32mnet.mingsoft.basic.util.BasicUtil[0;39m:399 [2m:[0;39m headers:{}
[2m2025-04-14 13:38:10.330[0;39m [[32mDEBUG[0;39m] [35m88914[0;39m [2m[nio-8080-exec-6 ][0;39m [32mnet.mingsoft.basic.util.BasicUtil[0;39m:399 [2m:[0;39m headers:{}
[2m2025-04-14 13:38:10.334[0;39m [[32mDEBUG[0;39m] [35m88914[0;39m [2m[nio-8080-exec-6 ][0;39m [32mnet.mingsoft.basic.util.BasicUtil[0;39m:399 [2m:[0;39m headers:{}
[2m2025-04-14 13:38:10.335[0;39m [[32mDEBUG[0;39m] [35m88914[0;39m [2m[nio-8080-exec-9 ][0;39m [32mnet.mingsoft.basic.util.BasicUtil[0;39m:399 [2m:[0;39m headers:{}
[2m2025-04-14 13:38:10.337[0;39m [[32mDEBUG[0;39m] [35m88914[0;39m [2m[nio-8080-exec-7 ][0;39m [32mnet.mingsoft.basic.util.BasicUtil[0;39m:399 [2m:[0;39m headers:{}
[2m2025-04-14 13:38:10.338[0;39m [[32mDEBUG[0;39m] [35m88914[0;39m [2m[nio-8080-exec-3 ][0;39m [32mnet.mingsoft.basic.util.BasicUtil[0;39m:399 [2m:[0;39m headers:{}
[2m2025-04-14 13:38:10.338[0;39m [[32mDEBUG[0;39m] [35m88914[0;39m [2m[nio-8080-exec-9 ][0;39m [32mnet.mingsoft.basic.util.BasicUtil[0;39m:399 [2m:[0;39m headers:{}
[2m2025-04-14 13:38:10.339[0;39m [[32mDEBUG[0;39m] [35m88914[0;39m [2m[nio-8080-exec-4 ][0;39m [32mnet.mingsoft.basic.util.BasicUtil[0;39m:399 [2m:[0;39m headers:{}
[2m2025-04-14 13:38:10.340[0;39m [[32mDEBUG[0;39m] [35m88914[0;39m [2m[nio-8080-exec-5 ][0;39m [32mnet.mingsoft.basic.util.BasicUtil[0;39m:399 [2m:[0;39m headers:{}
[2m2025-04-14 13:38:10.343[0;39m [[32mDEBUG[0;39m] [35m88914[0;39m [2m[nio-8080-exec-9 ][0;39m [32mnet.mingsoft.basic.util.BasicUtil[0;39m:399 [2m:[0;39m headers:{}
[2m2025-04-14 13:38:10.345[0;39m [[32mDEBUG[0;39m] [35m88914[0;39m [2m[nio-8080-exec-8 ][0;39m [32mnet.mingsoft.basic.util.BasicUtil[0;39m:399 [2m:[0;39m headers:{}
[2m2025-04-14 13:38:10.349[0;39m [[32mDEBUG[0;39m] [35m88914[0;39m [2m[nio-8080-exec-9 ][0;39m [32mnet.mingsoft.basic.util.BasicUtil[0;39m:399 [2m:[0;39m headers:{}
[2m2025-04-14 13:38:10.352[0;39m [[32mDEBUG[0;39m] [35m88914[0;39m [2m[nio-8080-exec-8 ][0;39m [32mnet.mingsoft.basic.util.BasicUtil[0;39m:399 [2m:[0;39m headers:{}
[2m2025-04-14 13:38:10.353[0;39m [[32mDEBUG[0;39m] [35m88914[0;39m [2m[nio-8080-exec-6 ][0;39m [32mnet.mingsoft.basic.util.BasicUtil[0;39m:399 [2m:[0;39m headers:{}
[2m2025-04-14 13:38:10.353[0;39m [[32mDEBUG[0;39m] [35m88914[0;39m [2m[nio-8080-exec-7 ][0;39m [32mnet.mingsoft.basic.util.BasicUtil[0;39m:399 [2m:[0;39m headers:{}
[2m2025-04-14 13:38:10.355[0;39m [[32mDEBUG[0;39m] [35m88914[0;39m [2m[nio-8080-exec-4 ][0;39m [32mnet.mingsoft.basic.util.BasicUtil[0;39m:399 [2m:[0;39m headers:{}
[2m2025-04-14 13:38:10.357[0;39m [[32mDEBUG[0;39m] [35m88914[0;39m [2m[nio-8080-exec-5 ][0;39m [32mnet.mingsoft.basic.util.BasicUtil[0;39m:399 [2m:[0;39m headers:{}
[2m2025-04-14 13:38:10.357[0;39m [[32mDEBUG[0;39m] [35m88914[0;39m [2m[nio-8080-exec-1 ][0;39m [32mnet.mingsoft.basic.util.BasicUtil[0;39m:399 [2m:[0;39m headers:{}
[2m2025-04-14 13:38:10.358[0;39m [[32mDEBUG[0;39m] [35m88914[0;39m [2m[io-8080-exec-10 ][0;39m [32mnet.mingsoft.basic.util.BasicUtil[0;39m:399 [2m:[0;39m headers:{}
[2m2025-04-14 13:38:10.359[0;39m [[32mDEBUG[0;39m] [35m88914[0;39m [2m[nio-8080-exec-3 ][0;39m [32mnet.mingsoft.basic.util.BasicUtil[0;39m:399 [2m:[0;39m headers:{}
[2m2025-04-14 13:38:10.361[0;39m [[32mDEBUG[0;39m] [35m88914[0;39m [2m[nio-8080-exec-9 ][0;39m [32mnet.mingsoft.basic.util.BasicUtil[0;39m:399 [2m:[0;39m headers:{}
[2m2025-04-14 13:38:10.362[0;39m [[32mDEBUG[0;39m] [35m88914[0;39m [2m[nio-8080-exec-6 ][0;39m [32mnet.mingsoft.basic.util.BasicUtil[0;39m:399 [2m:[0;39m headers:{}
[2m2025-04-14 13:38:10.363[0;39m [[32mDEBUG[0;39m] [35m88914[0;39m [2m[nio-8080-exec-8 ][0;39m [32mnet.mingsoft.basic.util.BasicUtil[0;39m:399 [2m:[0;39m headers:{}
[2m2025-04-14 13:38:10.365[0;39m [[32mDEBUG[0;39m] [35m88914[0;39m [2m[nio-8080-exec-7 ][0;39m [32mnet.mingsoft.basic.util.BasicUtil[0;39m:399 [2m:[0;39m headers:{}
[2m2025-04-14 13:38:10.366[0;39m [[32mDEBUG[0;39m] [35m88914[0;39m [2m[nio-8080-exec-5 ][0;39m [32mnet.mingsoft.basic.util.BasicUtil[0;39m:399 [2m:[0;39m headers:{}
[2m2025-04-14 13:38:10.366[0;39m [[32mDEBUG[0;39m] [35m88914[0;39m [2m[nio-8080-exec-6 ][0;39m [32mnet.mingsoft.basic.util.BasicUtil[0;39m:399 [2m:[0;39m headers:{}
[2m2025-04-14 13:38:10.368[0;39m [[32mDEBUG[0;39m] [35m88914[0;39m [2m[nio-8080-exec-1 ][0;39m [32mnet.mingsoft.basic.util.BasicUtil[0;39m:399 [2m:[0;39m headers:{}
[2m2025-04-14 13:38:10.398[0;39m [[32mDEBUG[0;39m] [35m88914[0;39m [2m[nio-8080-exec-7 ][0;39m [32mnet.mingsoft.basic.util.BasicUtil[0;39m:399 [2m:[0;39m headers:{}
[2m2025-04-14 13:38:12.242[0;39m [[32mDEBUG[0;39m] [35m88914[0;39m [2m[nio-8080-exec-3 ][0;39m [32mnet.mingsoft.basic.util.BasicUtil[0;39m:399 [2m:[0;39m headers:{}
[2m2025-04-14 13:38:12.243[0;39m [[32mDEBUG[0;39m] [35m88914[0;39m [2m[nio-8080-exec-3 ][0;39m [32mnet.mingsoft.basic.util.BasicUtil[0;39m:399 [2m:[0;39m headers:{}
[2m2025-04-14 13:38:12.243[0;39m [[32mDEBUG[0;39m] [35m88914[0;39m [2m[nio-8080-exec-3 ][0;39m [32mnet.mingsoft.basic.action.web.IndexAction[0;39m:67 [2m:[0;39m basic index
[2m2025-04-14 13:38:12.243[0;39m [[32mDEBUG[0;39m] [35m88914[0;39m [2m[nio-8080-exec-3 ][0;39m [32mnet.mingsoft.basic.util.BasicUtil[0;39m:349 [2m:[0;39m server:localhost,basePath:http://localhost:8080/
[2m2025-04-14 13:38:12.243[0;39m [[32mDEBUG[0;39m] [35m88914[0;39m [2m[nio-8080-exec-3 ][0;39m [32mnet.mingsoft.basic.util.BasicUtil[0;39m:893 [2m:[0;39m filePath html/web/default.html
[2m2025-04-14 13:38:12.243[0;39m [[32mDEBUG[0;39m] [35m88914[0;39m [2m[nio-8080-exec-3 ][0;39m [32mnet.mingsoft.basic.util.BasicUtil[0;39m:895 [2m:[0;39m classPath /Users/unk/ssd/IdeaProjects/github/MCMS/target/classes/
[2m2025-04-14 13:38:12.243[0;39m [[32mDEBUG[0;39m] [35m88914[0;39m [2m[nio-8080-exec-3 ][0;39m [32mnet.mingsoft.basic.util.BasicUtil[0;39m:899 [2m:[0;39m servlet org.apache.catalina.core.ApplicationContextFacade@285e936c
[2m2025-04-14 13:38:12.244[0;39m [[32mDEBUG[0;39m] [35m88914[0;39m [2m[nio-8080-exec-3 ][0;39m [32mnet.mingsoft.basic.util.BasicUtil[0;39m:901 [2m:[0;39m path /Users/unk/ssd/IdeaProjects/github/MCMS/src/main/webapp/
[2m2025-04-14 13:38:12.244[0;39m [[32mDEBUG[0;39m] [35m88914[0;39m [2m[nio-8080-exec-3 ][0;39m [32mnet.mingsoft.basic.action.web.IndexAction[0;39m:81 [2m:[0;39m defaultHtmlPath /Users/unk/ssd/IdeaProjects/github/MCMS/src/main/webapp/html/web/default.html
[2m2025-04-14 13:38:12.244[0;39m [[32mDEBUG[0;39m] [35m88914[0;39m [2m[nio-8080-exec-3 ][0;39m [32mnet.mingsoft.basic.action.web.IndexAction[0;39m:88 [2m:[0;39m indexPosition html/web/index.html
[2m2025-04-14 13:38:12.245[0;39m [[32mDEBUG[0;39m] [35m88914[0;39m [2m[nio-8080-exec-3 ][0;39m [32mnet.mingsoft.basic.util.BasicUtil[0;39m:399 [2m:[0;39m headers:{}
[2m2025-04-14 13:38:12.264[0;39m [[32mDEBUG[0;39m] [35m88914[0;39m [2m[nio-8080-exec-6 ][0;39m [32mnet.mingsoft.basic.util.BasicUtil[0;39m:399 [2m:[0;39m headers:{}
[2m2025-04-14 13:38:12.265[0;39m [[32mDEBUG[0;39m] [35m88914[0;39m [2m[nio-8080-exec-6 ][0;39m [32mnet.mingsoft.basic.exception.ErrorController[0;39m:73 [2m:[0;39m error status 404 NOT_FOUND, error {timestamp=2025-04-14T13:38:12.265+0800, status=404, error=Not Found, path=/upload/1/appLogo/1910642617297846272.png},url /error
[2m2025-04-14 13:38:29.426[0;39m [[32mDEBUG[0;39m] [35m88914[0;39m [2m[nio-8080-exec-7 ][0;39m [32mnet.mingsoft.basic.util.BasicUtil[0;39m:349 [2m:[0;39m server:localhost,basePath:http://localhost:8080/
[2m2025-04-14 13:38:29.702[0;39m [[32mDEBUG[0;39m] [35m88914[0;39m [2m[nio-8080-exec-6 ][0;39m [32mnet.mingsoft.basic.util.BasicUtil[0;39m:399 [2m:[0;39m headers:{}
[2m2025-04-14 13:38:29.702[0;39m [[32mDEBUG[0;39m] [35m88914[0;39m [2m[nio-8080-exec-3 ][0;39m [32mnet.mingsoft.basic.util.BasicUtil[0;39m:349 [2m:[0;39m server:localhost,basePath:http://localhost:8080/
[2m2025-04-14 13:38:29.704[0;39m [[32mDEBUG[0;39m] [35m88914[0;39m [2m[nio-8080-exec-8 ][0;39m [32mnet.mingsoft.basic.util.BasicUtil[0;39m:399 [2m:[0;39m headers:{}
[2m2025-04-14 13:38:29.793[0;39m [[32mDEBUG[0;39m] [35m88914[0;39m [2m[nio-8080-exec-8 ][0;39m [32mnet.mingsoft.basic.dao.IAppDao[0;39m:60 [2m:[0;39m Cache Hit Ratio [net.mingsoft.basic.dao.IAppDao]: 0.0
[2m2025-04-14 13:38:29.794[0;39m [[32mDEBUG[0;39m] [35m88914[0;39m [2m[nio-8080-exec-8 ][0;39m [32mnet.mingsoft.basic.dao.IAppDao.query[0;39m:135 [2m:[0;39m ==>  Preparing: select * from app order by id asc
[2m2025-04-14 13:38:29.798[0;39m [[32mDEBUG[0;39m] [35m88914[0;39m [2m[nio-8080-exec-8 ][0;39m [32mnet.mingsoft.basic.dao.IAppDao.query[0;39m:135 [2m:[0;39m ==> Parameters: 
[2m2025-04-14 13:38:29.801[0;39m [[32mDEBUG[0;39m] [35m88914[0;39m [2m[nio-8080-exec-8 ][0;39m [32mnet.mingsoft.basic.dao.IAppDao.query[0;39m:135 [2m:[0;39m <==      Total: 1
[2m2025-04-14 13:38:29.848[0;39m [[32mDEBUG[0;39m] [35m88914[0;39m [2m[nio-8080-exec-5 ][0;39m [32mnet.mingsoft.basic.util.BasicUtil[0;39m:399 [2m:[0;39m headers:{}
[2m2025-04-14 13:38:29.848[0;39m [[32mDEBUG[0;39m] [35m88914[0;39m [2m[nio-8080-exec-1 ][0;39m [32mnet.mingsoft.basic.util.BasicUtil[0;39m:399 [2m:[0;39m headers:{}
[2m2025-04-14 13:38:29.852[0;39m [[33m WARN[0;39m] [35m88914[0;39m [2m[nio-8080-exec-1 ][0;39m [33morg.apache.ibatis.io.SerialFilterChecker[0;39m:45 [2m:[0;39m As you are using functionality that deserializes object streams, it is recommended to define the JEP-290 serial filter. Please refer to https://docs.oracle.com/pls/topic/lookup?ctx=javase15&id=GUID-8296D8E8-2B93-4B9A-856E-0A65AF9B8C66
[2m2025-04-14 13:38:29.854[0;39m [[32mDEBUG[0;39m] [35m88914[0;39m [2m[nio-8080-exec-1 ][0;39m [32mnet.mingsoft.basic.dao.IAppDao[0;39m:60 [2m:[0;39m Cache Hit Ratio [net.mingsoft.basic.dao.IAppDao]: 0.5
[2m2025-04-14 13:38:41.187[0;39m [[32mDEBUG[0;39m] [35m88914[0;39m [2m[nio-8080-exec-4 ][0;39m [32mnet.mingsoft.basic.action.web.LoginAction[0;39m:112 [2m:[0;39m basic checkLogin
[2m2025-04-14 13:38:41.201[0;39m [[32mDEBUG[0;39m] [35m88914[0;39m [2m[nio-8080-exec-4 ][0;39m [32mnet.mingsoft.basic.dao.IManagerDao.updateCache[0;39m:135 [2m:[0;39m ==>  Preparing: UPDATE manager set del=del where del < 0
[2m2025-04-14 13:38:41.205[0;39m [[32mDEBUG[0;39m] [35m88914[0;39m [2m[nio-8080-exec-4 ][0;39m [32mnet.mingsoft.basic.dao.IManagerDao.updateCache[0;39m:135 [2m:[0;39m ==> Parameters: 
[2m2025-04-14 13:38:41.207[0;39m [[32mDEBUG[0;39m] [35m88914[0;39m [2m[nio-8080-exec-4 ][0;39m [32mnet.mingsoft.basic.dao.IManagerDao.updateCache[0;39m:135 [2m:[0;39m <==    Updates: 0
[2m2025-04-14 13:38:41.209[0;39m [[32mDEBUG[0;39m] [35m88914[0;39m [2m[nio-8080-exec-4 ][0;39m [32mnet.mingsoft.basic.dao.IManagerDao[0;39m:60 [2m:[0;39m Cache Hit Ratio [net.mingsoft.basic.dao.IManagerDao]: 0.0
[2m2025-04-14 13:38:41.210[0;39m [[32mDEBUG[0;39m] [35m88914[0;39m [2m[nio-8080-exec-4 ][0;39m [32mnet.mingsoft.basic.dao.IManagerDao.getByEntity[0;39m:135 [2m:[0;39m ==>  Preparing: select * from manager WHERE MANAGER_NAME=?
[2m2025-04-14 13:38:41.210[0;39m [[32mDEBUG[0;39m] [35m88914[0;39m [2m[nio-8080-exec-4 ][0;39m [32mnet.mingsoft.basic.dao.IManagerDao.getByEntity[0;39m:135 [2m:[0;39m ==> Parameters: msopen(String)
[2m2025-04-14 13:38:41.211[0;39m [[32mDEBUG[0;39m] [35m88914[0;39m [2m[nio-8080-exec-4 ][0;39m [32mnet.mingsoft.basic.dao.IManagerDao.getByEntity[0;39m:135 [2m:[0;39m <==      Total: 1
[2m2025-04-14 13:38:41.217[0;39m [[32mDEBUG[0;39m] [35m88914[0;39m [2m[nio-8080-exec-4 ][0;39m [32mnet.mingsoft.basic.dao.IManagerDao[0;39m:60 [2m:[0;39m Cache Hit Ratio [net.mingsoft.basic.dao.IManagerDao]: 0.5
[2m2025-04-14 13:38:41.266[0;39m [[32mDEBUG[0;39m] [35m88914[0;39m [2m[nio-8080-exec-2 ][0;39m [32mnet.mingsoft.basic.dao.IModelDao[0;39m:60 [2m:[0;39m Cache Hit Ratio [net.mingsoft.basic.dao.IModelDao]: 0.0
[2m2025-04-14 13:38:41.267[0;39m [[32mDEBUG[0;39m] [35m88914[0;39m [2m[nio-8080-exec-2 ][0;39m [32mnet.mingsoft.basic.dao.IModelDao.queryModelByRoleId[0;39m:135 [2m:[0;39m ==>  Preparing: select * from model where id in (select MODEL_ID from role_model where ROLE_ID=?) order by MODEL_SORT desc,id desc
[2m2025-04-14 13:38:41.268[0;39m [[32mDEBUG[0;39m] [35m88914[0;39m [2m[nio-8080-exec-2 ][0;39m [32mnet.mingsoft.basic.dao.IModelDao.queryModelByRoleId[0;39m:135 [2m:[0;39m ==> Parameters: 48(Integer)
[2m2025-04-14 13:38:41.287[0;39m [[32mDEBUG[0;39m] [35m88914[0;39m [2m[nio-8080-exec-2 ][0;39m [32mnet.mingsoft.basic.dao.IModelDao.queryModelByRoleId[0;39m:135 [2m:[0;39m <==      Total: 88
[2m2025-04-14 13:38:41.311[0;39m [[32mDEBUG[0;39m] [35m88914[0;39m [2m[nio-8080-exec-2 ][0;39m [32mnet.mingsoft.basic.util.BasicUtil[0;39m:349 [2m:[0;39m server:localhost,basePath:http://localhost:8080/
[2m2025-04-14 13:38:41.354[0;39m [[32mDEBUG[0;39m] [35m88914[0;39m [2m[nio-8080-exec-2 ][0;39m [32mnet.mingsoft.basic.dao.IManagerDao[0;39m:60 [2m:[0;39m Cache Hit Ratio [net.mingsoft.basic.dao.IManagerDao]: 0.3333333333333333
[2m2025-04-14 13:38:41.355[0;39m [[32mDEBUG[0;39m] [35m88914[0;39m [2m[nio-8080-exec-2 ][0;39m [32mnet.mingsoft.basic.dao.IManagerDao.getByEntity[0;39m:135 [2m:[0;39m ==>  Preparing: select * from manager WHERE MANAGER_NAME=? and MANAGER_NICKNAME=? and MANAGER_PASSWORD=? and MANAGER_ADMIN=? and ROLE_IDS=?
[2m2025-04-14 13:38:41.357[0;39m [[32mDEBUG[0;39m] [35m88914[0;39m [2m[nio-8080-exec-2 ][0;39m [32mnet.mingsoft.basic.dao.IManagerDao.getByEntity[0;39m:135 [2m:[0;39m ==> Parameters: msopen(String), msopen(String), 9d8622060de5f24937b60585c3f4d66b(String), super(String), 48(String)
[2m2025-04-14 13:38:41.358[0;39m [[32mDEBUG[0;39m] [35m88914[0;39m [2m[nio-8080-exec-2 ][0;39m [32mnet.mingsoft.basic.dao.IManagerDao.getByEntity[0;39m:135 [2m:[0;39m <==      Total: 1
[2m2025-04-14 13:38:41.365[0;39m [[32mDEBUG[0;39m] [35m88914[0;39m [2m[nio-8080-exec-2 ][0;39m [32mnet.mingsoft.basic.dao.IModelDao.selectList[0;39m:135 [2m:[0;39m ==>  Preparing: SELECT id,model_title,model_datetime,model_id,model_url,model_code,is_child,model_icon,model_sort,model_ismenu,model_parent_ids,app_id,create_by,create_date,del,update_by,update_date FROM model
[2m2025-04-14 13:38:41.366[0;39m [[32mDEBUG[0;39m] [35m88914[0;39m [2m[nio-8080-exec-2 ][0;39m [32mnet.mingsoft.basic.dao.IModelDao.selectList[0;39m:135 [2m:[0;39m ==> Parameters: 
[2m2025-04-14 13:38:41.372[0;39m [[32mDEBUG[0;39m] [35m88914[0;39m [2m[nio-8080-exec-2 ][0;39m [32mnet.mingsoft.basic.dao.IModelDao.selectList[0;39m:135 [2m:[0;39m <==      Total: 94
[2m2025-04-14 13:38:41.463[0;39m [[32mDEBUG[0;39m] [35m88914[0;39m [2m[nio-8080-exec-6 ][0;39m [32mnet.mingsoft.basic.dao.IManagerDao.selectById[0;39m:135 [2m:[0;39m ==>  Preparing: SELECT id,manager_name,MANAGER_NICKNAME,manager_password,manager_admin,role_ids,del,create_by,create_date,update_by,update_date FROM manager WHERE id=?
[2m2025-04-14 13:38:41.464[0;39m [[32mDEBUG[0;39m] [35m88914[0;39m [2m[nio-8080-exec-6 ][0;39m [32mnet.mingsoft.basic.dao.IManagerDao.selectById[0;39m:135 [2m:[0;39m ==> Parameters: 57(String)
[2m2025-04-14 13:38:41.465[0;39m [[32mDEBUG[0;39m] [35m88914[0;39m [2m[nio-8080-exec-6 ][0;39m [32mnet.mingsoft.basic.dao.IManagerDao.selectById[0;39m:135 [2m:[0;39m <==      Total: 1
[2m2025-04-14 13:38:41.471[0;39m [[32mDEBUG[0;39m] [35m88914[0;39m [2m[io-8080-exec-10 ][0;39m [32mnet.mingsoft.basic.util.BasicUtil[0;39m:349 [2m:[0;39m server:localhost,basePath:http://localhost:8080/
[2m2025-04-14 13:38:41.489[0;39m [[32mDEBUG[0;39m] [35m88914[0;39m [2m[nio-8080-exec-8 ][0;39m [32mnet.mingsoft.basic.dao.IManagerDao[0;39m:60 [2m:[0;39m Cache Hit Ratio [net.mingsoft.basic.dao.IManagerDao]: 0.5
[2m2025-04-14 13:38:41.489[0;39m [[32mDEBUG[0;39m] [35m88914[0;39m [2m[nio-8080-exec-2 ][0;39m [32mnet.mingsoft.basic.util.BasicUtil[0;39m:349 [2m:[0;39m server:localhost,basePath:http://localhost:8080/
[2m2025-04-14 13:38:41.490[0;39m [[32mDEBUG[0;39m] [35m88914[0;39m [2m[nio-8080-exec-8 ][0;39m [32mnet.mingsoft.basic.dao.IModelDao.selectList[0;39m:135 [2m:[0;39m ==>  Preparing: SELECT id,model_title,model_datetime,model_id,model_url,model_code,is_child,model_icon,model_sort,model_ismenu,model_parent_ids,app_id,create_by,create_date,del,update_by,update_date FROM model
[2m2025-04-14 13:38:41.490[0;39m [[32mDEBUG[0;39m] [35m88914[0;39m [2m[nio-8080-exec-8 ][0;39m [32mnet.mingsoft.basic.dao.IModelDao.selectList[0;39m:135 [2m:[0;39m ==> Parameters: 
[2m2025-04-14 13:38:41.497[0;39m [[32mDEBUG[0;39m] [35m88914[0;39m [2m[nio-8080-exec-8 ][0;39m [32mnet.mingsoft.basic.dao.IModelDao.selectList[0;39m:135 [2m:[0;39m <==      Total: 94
[2m2025-04-14 13:38:41.506[0;39m [[32mDEBUG[0;39m] [35m88914[0;39m [2m[nio-8080-exec-3 ][0;39m [32mnet.mingsoft.basic.dao.IModelDao.selectList[0;39m:135 [2m:[0;39m ==>  Preparing: SELECT id,model_title,model_datetime,model_id,model_url,model_code,is_child,model_icon,model_sort,model_ismenu,model_parent_ids,app_id,create_by,create_date,del,update_by,update_date FROM model
[2m2025-04-14 13:38:41.506[0;39m [[32mDEBUG[0;39m] [35m88914[0;39m [2m[nio-8080-exec-3 ][0;39m [32mnet.mingsoft.basic.dao.IModelDao.selectList[0;39m:135 [2m:[0;39m ==> Parameters: 
[2m2025-04-14 13:38:41.510[0;39m [[32mDEBUG[0;39m] [35m88914[0;39m [2m[nio-8080-exec-3 ][0;39m [32mnet.mingsoft.basic.dao.IModelDao.selectList[0;39m:135 [2m:[0;39m <==      Total: 94
[2m2025-04-14 13:38:41.562[0;39m [[32mDEBUG[0;39m] [35m88914[0;39m [2m[nio-8080-exec-2 ][0;39m [32mnet.mingsoft.basic.util.BasicUtil[0;39m:349 [2m:[0;39m server:localhost,basePath:http://localhost:8080/
[2m2025-04-14 13:38:41.576[0;39m [[32mDEBUG[0;39m] [35m88914[0;39m [2m[nio-8080-exec-8 ][0;39m [32mnet.mingsoft.basic.dao.IManagerDao.selectById[0;39m:135 [2m:[0;39m ==>  Preparing: SELECT id,manager_name,MANAGER_NICKNAME,manager_password,manager_admin,role_ids,del,create_by,create_date,update_by,update_date FROM manager WHERE id=?
[2m2025-04-14 13:38:41.576[0;39m [[32mDEBUG[0;39m] [35m88914[0;39m [2m[nio-8080-exec-8 ][0;39m [32mnet.mingsoft.basic.dao.IManagerDao.selectById[0;39m:135 [2m:[0;39m ==> Parameters: 57(String)
[2m2025-04-14 13:38:41.578[0;39m [[32mDEBUG[0;39m] [35m88914[0;39m [2m[nio-8080-exec-8 ][0;39m [32mnet.mingsoft.basic.dao.IManagerDao.selectById[0;39m:135 [2m:[0;39m <==      Total: 1
[2m2025-04-14 13:38:51.559[0;39m [[32mDEBUG[0;39m] [35m88914[0;39m [2m[nio-8080-exec-6 ][0;39m [32mnet.mingsoft.basic.dao.IManagerDao[0;39m:60 [2m:[0;39m Cache Hit Ratio [net.mingsoft.basic.dao.IManagerDao]: 0.6
[2m2025-04-14 13:38:51.562[0;39m [[32mDEBUG[0;39m] [35m88914[0;39m [2m[nio-8080-exec-6 ][0;39m [32mnet.mingsoft.basic.dao.IModelDao.selectList[0;39m:135 [2m:[0;39m ==>  Preparing: SELECT id,model_title,model_datetime,model_id,model_url,model_code,is_child,model_icon,model_sort,model_ismenu,model_parent_ids,app_id,create_by,create_date,del,update_by,update_date FROM model
[2m2025-04-14 13:38:51.562[0;39m [[32mDEBUG[0;39m] [35m88914[0;39m [2m[nio-8080-exec-6 ][0;39m [32mnet.mingsoft.basic.dao.IModelDao.selectList[0;39m:135 [2m:[0;39m ==> Parameters: 
[2m2025-04-14 13:38:51.567[0;39m [[32mDEBUG[0;39m] [35m88914[0;39m [2m[nio-8080-exec-6 ][0;39m [32mnet.mingsoft.basic.dao.IModelDao.selectList[0;39m:135 [2m:[0;39m <==      Total: 94
[2m2025-04-14 13:38:51.580[0;39m [[32mDEBUG[0;39m] [35m88914[0;39m [2m[nio-8080-exec-6 ][0;39m [32mnet.mingsoft.basic.dao.IManagerDao[0;39m:60 [2m:[0;39m Cache Hit Ratio [net.mingsoft.basic.dao.IManagerDao]: 0.6666666666666666
[2m2025-04-14 13:38:51.581[0;39m [[32mDEBUG[0;39m] [35m88914[0;39m [2m[nio-8080-exec-6 ][0;39m [32mnet.mingsoft.basic.dao.IModelDao.selectList[0;39m:135 [2m:[0;39m ==>  Preparing: SELECT id,model_title,model_datetime,model_id,model_url,model_code,is_child,model_icon,model_sort,model_ismenu,model_parent_ids,app_id,create_by,create_date,del,update_by,update_date FROM model
[2m2025-04-14 13:38:51.581[0;39m [[32mDEBUG[0;39m] [35m88914[0;39m [2m[nio-8080-exec-6 ][0;39m [32mnet.mingsoft.basic.dao.IModelDao.selectList[0;39m:135 [2m:[0;39m ==> Parameters: 
[2m2025-04-14 13:38:51.584[0;39m [[32mDEBUG[0;39m] [35m88914[0;39m [2m[nio-8080-exec-6 ][0;39m [32mnet.mingsoft.basic.dao.IModelDao.selectList[0;39m:135 [2m:[0;39m <==      Total: 94
[2m2025-04-14 13:38:51.585[0;39m [[32mDEBUG[0;39m] [35m88914[0;39m [2m[nio-8080-exec-6 ][0;39m [32mnet.mingsoft.basic.dao.IManagerDao[0;39m:60 [2m:[0;39m Cache Hit Ratio [net.mingsoft.basic.dao.IManagerDao]: 0.7142857142857143
[2m2025-04-14 13:38:51.586[0;39m [[32mDEBUG[0;39m] [35m88914[0;39m [2m[nio-8080-exec-6 ][0;39m [32mnet.mingsoft.basic.dao.IModelDao.selectList[0;39m:135 [2m:[0;39m ==>  Preparing: SELECT id,model_title,model_datetime,model_id,model_url,model_code,is_child,model_icon,model_sort,model_ismenu,model_parent_ids,app_id,create_by,create_date,del,update_by,update_date FROM model
[2m2025-04-14 13:38:51.586[0;39m [[32mDEBUG[0;39m] [35m88914[0;39m [2m[nio-8080-exec-6 ][0;39m [32mnet.mingsoft.basic.dao.IModelDao.selectList[0;39m:135 [2m:[0;39m ==> Parameters: 
[2m2025-04-14 13:38:51.588[0;39m [[32mDEBUG[0;39m] [35m88914[0;39m [2m[nio-8080-exec-6 ][0;39m [32mnet.mingsoft.basic.dao.IModelDao.selectList[0;39m:135 [2m:[0;39m <==      Total: 94
[2m2025-04-14 13:38:51.596[0;39m [[32mDEBUG[0;39m] [35m88914[0;39m [2m[nio-8080-exec-6 ][0;39m [32mnet.mingsoft.basic.dao.IManagerDao[0;39m:60 [2m:[0;39m Cache Hit Ratio [net.mingsoft.basic.dao.IManagerDao]: 0.75
[2m2025-04-14 13:38:51.597[0;39m [[32mDEBUG[0;39m] [35m88914[0;39m [2m[nio-8080-exec-6 ][0;39m [32mnet.mingsoft.basic.dao.IModelDao.selectList[0;39m:135 [2m:[0;39m ==>  Preparing: SELECT id,model_title,model_datetime,model_id,model_url,model_code,is_child,model_icon,model_sort,model_ismenu,model_parent_ids,app_id,create_by,create_date,del,update_by,update_date FROM model
[2m2025-04-14 13:38:51.597[0;39m [[32mDEBUG[0;39m] [35m88914[0;39m [2m[nio-8080-exec-6 ][0;39m [32mnet.mingsoft.basic.dao.IModelDao.selectList[0;39m:135 [2m:[0;39m ==> Parameters: 
[2m2025-04-14 13:38:51.599[0;39m [[32mDEBUG[0;39m] [35m88914[0;39m [2m[nio-8080-exec-6 ][0;39m [32mnet.mingsoft.basic.dao.IModelDao.selectList[0;39m:135 [2m:[0;39m <==      Total: 94
[2m2025-04-14 13:38:51.601[0;39m [[32mDEBUG[0;39m] [35m88914[0;39m [2m[nio-8080-exec-6 ][0;39m [32mnet.mingsoft.basic.dao.IManagerDao[0;39m:60 [2m:[0;39m Cache Hit Ratio [net.mingsoft.basic.dao.IManagerDao]: 0.7777777777777778
[2m2025-04-14 13:38:51.601[0;39m [[32mDEBUG[0;39m] [35m88914[0;39m [2m[nio-8080-exec-6 ][0;39m [32mnet.mingsoft.basic.dao.IModelDao.selectList[0;39m:135 [2m:[0;39m ==>  Preparing: SELECT id,model_title,model_datetime,model_id,model_url,model_code,is_child,model_icon,model_sort,model_ismenu,model_parent_ids,app_id,create_by,create_date,del,update_by,update_date FROM model
[2m2025-04-14 13:38:51.602[0;39m [[32mDEBUG[0;39m] [35m88914[0;39m [2m[nio-8080-exec-6 ][0;39m [32mnet.mingsoft.basic.dao.IModelDao.selectList[0;39m:135 [2m:[0;39m ==> Parameters: 
[2m2025-04-14 13:38:51.604[0;39m [[32mDEBUG[0;39m] [35m88914[0;39m [2m[nio-8080-exec-6 ][0;39m [32mnet.mingsoft.basic.dao.IModelDao.selectList[0;39m:135 [2m:[0;39m <==      Total: 94
[2m2025-04-14 13:38:51.606[0;39m [[32mDEBUG[0;39m] [35m88914[0;39m [2m[nio-8080-exec-6 ][0;39m [32mnet.mingsoft.basic.dao.IManagerDao[0;39m:60 [2m:[0;39m Cache Hit Ratio [net.mingsoft.basic.dao.IManagerDao]: 0.8
[2m2025-04-14 13:38:51.606[0;39m [[32mDEBUG[0;39m] [35m88914[0;39m [2m[nio-8080-exec-6 ][0;39m [32mnet.mingsoft.basic.dao.IModelDao.selectList[0;39m:135 [2m:[0;39m ==>  Preparing: SELECT id,model_title,model_datetime,model_id,model_url,model_code,is_child,model_icon,model_sort,model_ismenu,model_parent_ids,app_id,create_by,create_date,del,update_by,update_date FROM model
[2m2025-04-14 13:38:51.606[0;39m [[32mDEBUG[0;39m] [35m88914[0;39m [2m[nio-8080-exec-6 ][0;39m [32mnet.mingsoft.basic.dao.IModelDao.selectList[0;39m:135 [2m:[0;39m ==> Parameters: 
[2m2025-04-14 13:38:51.609[0;39m [[32mDEBUG[0;39m] [35m88914[0;39m [2m[nio-8080-exec-6 ][0;39m [32mnet.mingsoft.basic.dao.IModelDao.selectList[0;39m:135 [2m:[0;39m <==      Total: 94
[2m2025-04-14 13:38:51.610[0;39m [[32mDEBUG[0;39m] [35m88914[0;39m [2m[nio-8080-exec-6 ][0;39m [32mnet.mingsoft.basic.dao.IManagerDao[0;39m:60 [2m:[0;39m Cache Hit Ratio [net.mingsoft.basic.dao.IManagerDao]: 0.8181818181818182
[2m2025-04-14 13:38:51.611[0;39m [[32mDEBUG[0;39m] [35m88914[0;39m [2m[nio-8080-exec-6 ][0;39m [32mnet.mingsoft.basic.dao.IModelDao.selectList[0;39m:135 [2m:[0;39m ==>  Preparing: SELECT id,model_title,model_datetime,model_id,model_url,model_code,is_child,model_icon,model_sort,model_ismenu,model_parent_ids,app_id,create_by,create_date,del,update_by,update_date FROM model
[2m2025-04-14 13:38:51.611[0;39m [[32mDEBUG[0;39m] [35m88914[0;39m [2m[nio-8080-exec-6 ][0;39m [32mnet.mingsoft.basic.dao.IModelDao.selectList[0;39m:135 [2m:[0;39m ==> Parameters: 
[2m2025-04-14 13:38:51.612[0;39m [[32mDEBUG[0;39m] [35m88914[0;39m [2m[nio-8080-exec-6 ][0;39m [32mnet.mingsoft.basic.dao.IModelDao.selectList[0;39m:135 [2m:[0;39m <==      Total: 94
[2m2025-04-14 13:38:51.663[0;39m [[32mDEBUG[0;39m] [35m88914[0;39m [2m[io-8080-exec-10 ][0;39m [32mnet.mingsoft.basic.util.BasicUtil[0;39m:399 [2m:[0;39m headers:{}
[2m2025-04-14 13:38:51.664[0;39m [[32mDEBUG[0;39m] [35m88914[0;39m [2m[io-8080-exec-10 ][0;39m [32mnet.mingsoft.basic.util.BasicUtil[0;39m:399 [2m:[0;39m headers:{}
[2m2025-04-14 13:38:51.664[0;39m [[32mDEBUG[0;39m] [35m88914[0;39m [2m[io-8080-exec-10 ][0;39m [32mnet.mingsoft.basic.util.BasicUtil[0;39m:399 [2m:[0;39m headers:{}
[2m2025-04-14 13:38:51.707[0;39m [[32mDEBUG[0;39m] [35m88914[0;39m [2m[nio-8080-exec-8 ][0;39m [32mnet.mingsoft.cms.dao.ICategoryDao.selectList[0;39m:135 [2m:[0;39m ==>  Preparing: SELECT id,category_title,category_short_title,category_pinyin,category_id,category_type,category_sort,category_list_url,category_url,category_keyword,category_descrip,category_img,category_ico,category_display,category_is_search,category_diy_url,mdiy_model_id,mdiy_category_model_id,dict_id,category_flag,category_path,category_parent_ids,leaf,top_id,is_child,create_by,create_date,del,update_by,update_date FROM cms_category WHERE is_child=? AND del=?
[2m2025-04-14 13:38:51.707[0;39m [[32mDEBUG[0;39m] [35m88914[0;39m [2m[nio-8080-exec-2 ][0;39m [32mnet.mingsoft.cms.dao.ICategoryDao.selectList[0;39m:135 [2m:[0;39m ==>  Preparing: SELECT id,category_title,category_short_title,category_pinyin,category_id,category_type,category_sort,category_list_url,category_url,category_keyword,category_descrip,category_img,category_ico,category_display,category_is_search,category_diy_url,mdiy_model_id,mdiy_category_model_id,dict_id,category_flag,category_path,category_parent_ids,leaf,top_id,is_child,create_by,create_date,del,update_by,update_date FROM cms_category WHERE is_child=? AND del=?
[2m2025-04-14 13:38:51.710[0;39m [[32mDEBUG[0;39m] [35m88914[0;39m [2m[nio-8080-exec-2 ][0;39m [32mnet.mingsoft.cms.dao.ICategoryDao.selectList[0;39m:135 [2m:[0;39m ==> Parameters: cms(String), 0(Integer)
[2m2025-04-14 13:38:51.710[0;39m [[32mDEBUG[0;39m] [35m88914[0;39m [2m[nio-8080-exec-8 ][0;39m [32mnet.mingsoft.cms.dao.ICategoryDao.selectList[0;39m:135 [2m:[0;39m ==> Parameters: cms(String), 0(Integer)
[2m2025-04-14 13:38:51.719[0;39m [[32mDEBUG[0;39m] [35m88914[0;39m [2m[nio-8080-exec-8 ][0;39m [32mnet.mingsoft.cms.dao.ICategoryDao.selectList[0;39m:135 [2m:[0;39m <==      Total: 16
[2m2025-04-14 13:38:51.719[0;39m [[32mDEBUG[0;39m] [35m88914[0;39m [2m[nio-8080-exec-2 ][0;39m [32mnet.mingsoft.cms.dao.ICategoryDao.selectList[0;39m:135 [2m:[0;39m <==      Total: 16
[2m2025-04-14 13:38:51.724[0;39m [[32mDEBUG[0;39m] [35m88914[0;39m [2m[nio-8080-exec-8 ][0;39m [32mnet.mingsoft.basic.util.BasicUtil[0;39m:349 [2m:[0;39m server:localhost,basePath:http://localhost:8080/
[2m2025-04-14 13:38:51.724[0;39m [[32mDEBUG[0;39m] [35m88914[0;39m [2m[nio-8080-exec-2 ][0;39m [32mnet.mingsoft.basic.util.BasicUtil[0;39m:349 [2m:[0;39m server:localhost,basePath:http://localhost:8080/
[2m2025-04-14 13:38:51.727[0;39m [[32mDEBUG[0;39m] [35m88914[0;39m [2m[nio-8080-exec-8 ][0;39m [32mnet.mingsoft.basic.util.BasicUtil[0;39m:349 [2m:[0;39m server:localhost,basePath:http://localhost:8080/
[2m2025-04-14 13:38:51.727[0;39m [[32mDEBUG[0;39m] [35m88914[0;39m [2m[nio-8080-exec-2 ][0;39m [32mnet.mingsoft.basic.util.BasicUtil[0;39m:349 [2m:[0;39m server:localhost,basePath:http://localhost:8080/
[2m2025-04-14 13:38:51.727[0;39m [[32mDEBUG[0;39m] [35m88914[0;39m [2m[nio-8080-exec-8 ][0;39m [32mnet.mingsoft.basic.util.BasicUtil[0;39m:349 [2m:[0;39m server:localhost,basePath:http://localhost:8080/
[2m2025-04-14 13:38:51.727[0;39m [[32mDEBUG[0;39m] [35m88914[0;39m [2m[nio-8080-exec-2 ][0;39m [32mnet.mingsoft.basic.util.BasicUtil[0;39m:349 [2m:[0;39m server:localhost,basePath:http://localhost:8080/
[2m2025-04-14 13:38:51.727[0;39m [[32mDEBUG[0;39m] [35m88914[0;39m [2m[nio-8080-exec-8 ][0;39m [32mnet.mingsoft.basic.util.BasicUtil[0;39m:349 [2m:[0;39m server:localhost,basePath:http://localhost:8080/
[2m2025-04-14 13:38:51.727[0;39m [[32mDEBUG[0;39m] [35m88914[0;39m [2m[nio-8080-exec-2 ][0;39m [32mnet.mingsoft.basic.util.BasicUtil[0;39m:349 [2m:[0;39m server:localhost,basePath:http://localhost:8080/
[2m2025-04-14 13:38:51.727[0;39m [[32mDEBUG[0;39m] [35m88914[0;39m [2m[nio-8080-exec-8 ][0;39m [32mnet.mingsoft.basic.util.BasicUtil[0;39m:349 [2m:[0;39m server:localhost,basePath:http://localhost:8080/
[2m2025-04-14 13:38:51.728[0;39m [[32mDEBUG[0;39m] [35m88914[0;39m [2m[nio-8080-exec-2 ][0;39m [32mnet.mingsoft.basic.util.BasicUtil[0;39m:349 [2m:[0;39m server:localhost,basePath:http://localhost:8080/
[2m2025-04-14 13:38:51.728[0;39m [[32mDEBUG[0;39m] [35m88914[0;39m [2m[nio-8080-exec-8 ][0;39m [32mnet.mingsoft.basic.util.BasicUtil[0;39m:349 [2m:[0;39m server:localhost,basePath:http://localhost:8080/
[2m2025-04-14 13:38:51.728[0;39m [[32mDEBUG[0;39m] [35m88914[0;39m [2m[nio-8080-exec-2 ][0;39m [32mnet.mingsoft.basic.util.BasicUtil[0;39m:349 [2m:[0;39m server:localhost,basePath:http://localhost:8080/
[2m2025-04-14 13:38:51.728[0;39m [[32mDEBUG[0;39m] [35m88914[0;39m [2m[nio-8080-exec-8 ][0;39m [32mnet.mingsoft.basic.util.BasicUtil[0;39m:349 [2m:[0;39m server:localhost,basePath:http://localhost:8080/
[2m2025-04-14 13:38:51.729[0;39m [[32mDEBUG[0;39m] [35m88914[0;39m [2m[nio-8080-exec-8 ][0;39m [32mnet.mingsoft.basic.util.BasicUtil[0;39m:349 [2m:[0;39m server:localhost,basePath:http://localhost:8080/
[2m2025-04-14 13:38:51.729[0;39m [[32mDEBUG[0;39m] [35m88914[0;39m [2m[nio-8080-exec-2 ][0;39m [32mnet.mingsoft.basic.util.BasicUtil[0;39m:349 [2m:[0;39m server:localhost,basePath:http://localhost:8080/
[2m2025-04-14 13:38:51.729[0;39m [[32mDEBUG[0;39m] [35m88914[0;39m [2m[nio-8080-exec-8 ][0;39m [32mnet.mingsoft.basic.util.BasicUtil[0;39m:349 [2m:[0;39m server:localhost,basePath:http://localhost:8080/
[2m2025-04-14 13:38:51.729[0;39m [[32mDEBUG[0;39m] [35m88914[0;39m [2m[nio-8080-exec-2 ][0;39m [32mnet.mingsoft.basic.util.BasicUtil[0;39m:349 [2m:[0;39m server:localhost,basePath:http://localhost:8080/
[2m2025-04-14 13:38:51.730[0;39m [[32mDEBUG[0;39m] [35m88914[0;39m [2m[nio-8080-exec-2 ][0;39m [32mnet.mingsoft.basic.util.BasicUtil[0;39m:349 [2m:[0;39m server:localhost,basePath:http://localhost:8080/
[2m2025-04-14 13:38:51.730[0;39m [[32mDEBUG[0;39m] [35m88914[0;39m [2m[nio-8080-exec-8 ][0;39m [32mnet.mingsoft.basic.util.BasicUtil[0;39m:349 [2m:[0;39m server:localhost,basePath:http://localhost:8080/
[2m2025-04-14 13:38:51.731[0;39m [[32mDEBUG[0;39m] [35m88914[0;39m [2m[nio-8080-exec-8 ][0;39m [32mnet.mingsoft.basic.util.BasicUtil[0;39m:349 [2m:[0;39m server:localhost,basePath:http://localhost:8080/
[2m2025-04-14 13:38:51.731[0;39m [[32mDEBUG[0;39m] [35m88914[0;39m [2m[nio-8080-exec-2 ][0;39m [32mnet.mingsoft.basic.util.BasicUtil[0;39m:349 [2m:[0;39m server:localhost,basePath:http://localhost:8080/
[2m2025-04-14 13:38:51.731[0;39m [[32mDEBUG[0;39m] [35m88914[0;39m [2m[nio-8080-exec-8 ][0;39m [32mnet.mingsoft.basic.util.BasicUtil[0;39m:349 [2m:[0;39m server:localhost,basePath:http://localhost:8080/
[2m2025-04-14 13:38:51.731[0;39m [[32mDEBUG[0;39m] [35m88914[0;39m [2m[nio-8080-exec-2 ][0;39m [32mnet.mingsoft.basic.util.BasicUtil[0;39m:349 [2m:[0;39m server:localhost,basePath:http://localhost:8080/
[2m2025-04-14 13:38:51.731[0;39m [[32mDEBUG[0;39m] [35m88914[0;39m [2m[nio-8080-exec-2 ][0;39m [32mnet.mingsoft.basic.util.BasicUtil[0;39m:349 [2m:[0;39m server:localhost,basePath:http://localhost:8080/
[2m2025-04-14 13:38:51.731[0;39m [[32mDEBUG[0;39m] [35m88914[0;39m [2m[nio-8080-exec-8 ][0;39m [32mnet.mingsoft.basic.util.BasicUtil[0;39m:349 [2m:[0;39m server:localhost,basePath:http://localhost:8080/
[2m2025-04-14 13:38:51.731[0;39m [[32mDEBUG[0;39m] [35m88914[0;39m [2m[nio-8080-exec-8 ][0;39m [32mnet.mingsoft.basic.util.BasicUtil[0;39m:349 [2m:[0;39m server:localhost,basePath:http://localhost:8080/
[2m2025-04-14 13:38:51.731[0;39m [[32mDEBUG[0;39m] [35m88914[0;39m [2m[nio-8080-exec-2 ][0;39m [32mnet.mingsoft.basic.util.BasicUtil[0;39m:349 [2m:[0;39m server:localhost,basePath:http://localhost:8080/
[2m2025-04-14 13:38:51.731[0;39m [[32mDEBUG[0;39m] [35m88914[0;39m [2m[nio-8080-exec-8 ][0;39m [32mnet.mingsoft.basic.util.BasicUtil[0;39m:349 [2m:[0;39m server:localhost,basePath:http://localhost:8080/
[2m2025-04-14 13:38:51.731[0;39m [[32mDEBUG[0;39m] [35m88914[0;39m [2m[nio-8080-exec-2 ][0;39m [32mnet.mingsoft.basic.util.BasicUtil[0;39m:349 [2m:[0;39m server:localhost,basePath:http://localhost:8080/
[2m2025-04-14 13:38:51.731[0;39m [[32mDEBUG[0;39m] [35m88914[0;39m [2m[nio-8080-exec-2 ][0;39m [32mnet.mingsoft.basic.util.BasicUtil[0;39m:349 [2m:[0;39m server:localhost,basePath:http://localhost:8080/
[2m2025-04-14 13:38:51.731[0;39m [[32mDEBUG[0;39m] [35m88914[0;39m [2m[nio-8080-exec-8 ][0;39m [32mnet.mingsoft.basic.util.BasicUtil[0;39m:349 [2m:[0;39m server:localhost,basePath:http://localhost:8080/
[2m2025-04-14 13:38:51.731[0;39m [[32mDEBUG[0;39m] [35m88914[0;39m [2m[nio-8080-exec-2 ][0;39m [32mnet.mingsoft.basic.util.BasicUtil[0;39m:349 [2m:[0;39m server:localhost,basePath:http://localhost:8080/
[2m2025-04-14 13:38:51.734[0;39m [[32mDEBUG[0;39m] [35m88914[0;39m [2m[io-8080-exec-10 ][0;39m [32mnet.mingsoft.mdiy.dao.IDictDao[0;39m:60 [2m:[0;39m Cache Hit Ratio [net.mingsoft.mdiy.dao.IDictDao]: 0.0
[2m2025-04-14 13:38:51.735[0;39m [[32mDEBUG[0;39m] [35m88914[0;39m [2m[io-8080-exec-10 ][0;39m [32mnet.mingsoft.mdiy.dao.IDictDao.query_COUNT[0;39m:135 [2m:[0;39m ==>  Preparing: SELECT count(0) FROM mdiy_dict WHERE dict_type = ? AND dict_enable = ?
[2m2025-04-14 13:38:51.736[0;39m [[32mDEBUG[0;39m] [35m88914[0;39m [2m[io-8080-exec-10 ][0;39m [32mnet.mingsoft.mdiy.dao.IDictDao.query_COUNT[0;39m:135 [2m:[0;39m ==> Parameters: 文章属性(String), true(Boolean)
[2m2025-04-14 13:38:51.742[0;39m [[32mDEBUG[0;39m] [35m88914[0;39m [2m[io-8080-exec-10 ][0;39m [32mnet.mingsoft.mdiy.dao.IDictDao.query_COUNT[0;39m:135 [2m:[0;39m <==      Total: 1
[2m2025-04-14 13:38:51.758[0;39m [[32mDEBUG[0;39m] [35m88914[0;39m [2m[io-8080-exec-10 ][0;39m [32mnet.mingsoft.mdiy.dao.IDictDao[0;39m:60 [2m:[0;39m Cache Hit Ratio [net.mingsoft.mdiy.dao.IDictDao]: 0.0
[2m2025-04-14 13:38:51.758[0;39m [[32mDEBUG[0;39m] [35m88914[0;39m [2m[io-8080-exec-10 ][0;39m [32mnet.mingsoft.mdiy.dao.IDictDao.query[0;39m:135 [2m:[0;39m ==>  Preparing: select * from mdiy_dict WHERE dict_type=? and dict_enable=? order by dict_sort desc,id desc LIMIT ?
[2m2025-04-14 13:38:51.760[0;39m [[32mDEBUG[0;39m] [35m88914[0;39m [2m[io-8080-exec-10 ][0;39m [32mnet.mingsoft.mdiy.dao.IDictDao.query[0;39m:135 [2m:[0;39m ==> Parameters: 文章属性(String), true(Boolean), 99999(Integer)
[2m2025-04-14 13:38:51.761[0;39m [[32mDEBUG[0;39m] [35m88914[0;39m [2m[nio-8080-exec-9 ][0;39m [32mnet.mingsoft.basic.dao.IManagerDao[0;39m:60 [2m:[0;39m Cache Hit Ratio [net.mingsoft.basic.dao.IManagerDao]: 0.8333333333333334
[2m2025-04-14 13:38:51.761[0;39m [[32mDEBUG[0;39m] [35m88914[0;39m [2m[io-8080-exec-10 ][0;39m [32mnet.mingsoft.mdiy.dao.IDictDao.query[0;39m:135 [2m:[0;39m <==      Total: 4
[2m2025-04-14 13:38:51.761[0;39m [[32mDEBUG[0;39m] [35m88914[0;39m [2m[nio-8080-exec-9 ][0;39m [32mnet.mingsoft.basic.dao.IModelDao.selectList[0;39m:135 [2m:[0;39m ==>  Preparing: SELECT id,model_title,model_datetime,model_id,model_url,model_code,is_child,model_icon,model_sort,model_ismenu,model_parent_ids,app_id,create_by,create_date,del,update_by,update_date FROM model
[2m2025-04-14 13:38:51.761[0;39m [[32mDEBUG[0;39m] [35m88914[0;39m [2m[nio-8080-exec-9 ][0;39m [32mnet.mingsoft.basic.dao.IModelDao.selectList[0;39m:135 [2m:[0;39m ==> Parameters: 
[2m2025-04-14 13:38:51.764[0;39m [[32mDEBUG[0;39m] [35m88914[0;39m [2m[nio-8080-exec-9 ][0;39m [32mnet.mingsoft.basic.dao.IModelDao.selectList[0;39m:135 [2m:[0;39m <==      Total: 94
[2m2025-04-14 13:38:51.764[0;39m [[32mDEBUG[0;39m] [35m88914[0;39m [2m[io-8080-exec-10 ][0;39m [32mnet.mingsoft.basic.util.BasicUtil[0;39m:399 [2m:[0;39m headers:{}
[2m2025-04-14 13:38:51.765[0;39m [[32mDEBUG[0;39m] [35m88914[0;39m [2m[nio-8080-exec-9 ][0;39m [32mnet.mingsoft.basic.dao.IManagerDao[0;39m:60 [2m:[0;39m Cache Hit Ratio [net.mingsoft.basic.dao.IManagerDao]: 0.8461538461538461
[2m2025-04-14 13:38:51.765[0;39m [[32mDEBUG[0;39m] [35m88914[0;39m [2m[nio-8080-exec-9 ][0;39m [32mnet.mingsoft.basic.dao.IModelDao.selectList[0;39m:135 [2m:[0;39m ==>  Preparing: SELECT id,model_title,model_datetime,model_id,model_url,model_code,is_child,model_icon,model_sort,model_ismenu,model_parent_ids,app_id,create_by,create_date,del,update_by,update_date FROM model
[2m2025-04-14 13:38:51.765[0;39m [[32mDEBUG[0;39m] [35m88914[0;39m [2m[nio-8080-exec-9 ][0;39m [32mnet.mingsoft.basic.dao.IModelDao.selectList[0;39m:135 [2m:[0;39m ==> Parameters: 
[2m2025-04-14 13:38:51.772[0;39m [[32mDEBUG[0;39m] [35m88914[0;39m [2m[nio-8080-exec-9 ][0;39m [32mnet.mingsoft.basic.dao.IModelDao.selectList[0;39m:135 [2m:[0;39m <==      Total: 94
[2m2025-04-14 13:38:51.774[0;39m [[32mDEBUG[0;39m] [35m88914[0;39m [2m[nio-8080-exec-9 ][0;39m [32mnet.mingsoft.basic.dao.IManagerDao[0;39m:60 [2m:[0;39m Cache Hit Ratio [net.mingsoft.basic.dao.IManagerDao]: 0.8571428571428571
[2m2025-04-14 13:38:51.776[0;39m [[32mDEBUG[0;39m] [35m88914[0;39m [2m[nio-8080-exec-9 ][0;39m [32mnet.mingsoft.basic.dao.IModelDao.selectList[0;39m:135 [2m:[0;39m ==>  Preparing: SELECT id,model_title,model_datetime,model_id,model_url,model_code,is_child,model_icon,model_sort,model_ismenu,model_parent_ids,app_id,create_by,create_date,del,update_by,update_date FROM model
[2m2025-04-14 13:38:51.776[0;39m [[32mDEBUG[0;39m] [35m88914[0;39m [2m[nio-8080-exec-9 ][0;39m [32mnet.mingsoft.basic.dao.IModelDao.selectList[0;39m:135 [2m:[0;39m ==> Parameters: 
[2m2025-04-14 13:38:51.778[0;39m [[32mDEBUG[0;39m] [35m88914[0;39m [2m[nio-8080-exec-9 ][0;39m [32mnet.mingsoft.basic.dao.IModelDao.selectList[0;39m:135 [2m:[0;39m <==      Total: 94
[2m2025-04-14 13:38:51.779[0;39m [[32mDEBUG[0;39m] [35m88914[0;39m [2m[nio-8080-exec-9 ][0;39m [32mnet.mingsoft.basic.dao.IManagerDao[0;39m:60 [2m:[0;39m Cache Hit Ratio [net.mingsoft.basic.dao.IManagerDao]: 0.8666666666666667
[2m2025-04-14 13:38:51.780[0;39m [[32mDEBUG[0;39m] [35m88914[0;39m [2m[nio-8080-exec-9 ][0;39m [32mnet.mingsoft.basic.dao.IModelDao.selectList[0;39m:135 [2m:[0;39m ==>  Preparing: SELECT id,model_title,model_datetime,model_id,model_url,model_code,is_child,model_icon,model_sort,model_ismenu,model_parent_ids,app_id,create_by,create_date,del,update_by,update_date FROM model
[2m2025-04-14 13:38:51.780[0;39m [[32mDEBUG[0;39m] [35m88914[0;39m [2m[nio-8080-exec-9 ][0;39m [32mnet.mingsoft.basic.dao.IModelDao.selectList[0;39m:135 [2m:[0;39m ==> Parameters: 
[2m2025-04-14 13:38:51.782[0;39m [[32mDEBUG[0;39m] [35m88914[0;39m [2m[nio-8080-exec-9 ][0;39m [32mnet.mingsoft.basic.dao.IModelDao.selectList[0;39m:135 [2m:[0;39m <==      Total: 94
[2m2025-04-14 13:38:51.783[0;39m [[32mDEBUG[0;39m] [35m88914[0;39m [2m[nio-8080-exec-9 ][0;39m [32mnet.mingsoft.basic.dao.IManagerDao[0;39m:60 [2m:[0;39m Cache Hit Ratio [net.mingsoft.basic.dao.IManagerDao]: 0.875
[2m2025-04-14 13:38:51.783[0;39m [[32mDEBUG[0;39m] [35m88914[0;39m [2m[nio-8080-exec-9 ][0;39m [32mnet.mingsoft.basic.dao.IModelDao.selectList[0;39m:135 [2m:[0;39m ==>  Preparing: SELECT id,model_title,model_datetime,model_id,model_url,model_code,is_child,model_icon,model_sort,model_ismenu,model_parent_ids,app_id,create_by,create_date,del,update_by,update_date FROM model
[2m2025-04-14 13:38:51.784[0;39m [[32mDEBUG[0;39m] [35m88914[0;39m [2m[nio-8080-exec-9 ][0;39m [32mnet.mingsoft.basic.dao.IModelDao.selectList[0;39m:135 [2m:[0;39m ==> Parameters: 
[2m2025-04-14 13:38:51.786[0;39m [[32mDEBUG[0;39m] [35m88914[0;39m [2m[nio-8080-exec-9 ][0;39m [32mnet.mingsoft.basic.dao.IModelDao.selectList[0;39m:135 [2m:[0;39m <==      Total: 94
[2m2025-04-14 13:38:51.788[0;39m [[32mDEBUG[0;39m] [35m88914[0;39m [2m[nio-8080-exec-9 ][0;39m [32mnet.mingsoft.basic.dao.IManagerDao[0;39m:60 [2m:[0;39m Cache Hit Ratio [net.mingsoft.basic.dao.IManagerDao]: 0.8823529411764706
[2m2025-04-14 13:38:51.789[0;39m [[32mDEBUG[0;39m] [35m88914[0;39m [2m[nio-8080-exec-9 ][0;39m [32mnet.mingsoft.basic.dao.IModelDao.selectList[0;39m:135 [2m:[0;39m ==>  Preparing: SELECT id,model_title,model_datetime,model_id,model_url,model_code,is_child,model_icon,model_sort,model_ismenu,model_parent_ids,app_id,create_by,create_date,del,update_by,update_date FROM model
[2m2025-04-14 13:38:51.789[0;39m [[32mDEBUG[0;39m] [35m88914[0;39m [2m[nio-8080-exec-9 ][0;39m [32mnet.mingsoft.basic.dao.IModelDao.selectList[0;39m:135 [2m:[0;39m ==> Parameters: 
[2m2025-04-14 13:38:51.792[0;39m [[32mDEBUG[0;39m] [35m88914[0;39m [2m[nio-8080-exec-9 ][0;39m [32mnet.mingsoft.basic.dao.IModelDao.selectList[0;39m:135 [2m:[0;39m <==      Total: 94
[2m2025-04-14 13:38:51.816[0;39m [[32mDEBUG[0;39m] [35m88914[0;39m [2m[nio-8080-exec-9 ][0;39m [32mnet.mingsoft.cms.dao.IContentDao.queryContent_COUNT[0;39m:135 [2m:[0;39m ==>  Preparing: SELECT count(0) FROM (SELECT ct.*, cc.category_path FROM cms_content ct JOIN cms_category cc ON ct.category_id = cc.id WHERE ct.del = 0) ct
[2m2025-04-14 13:38:51.820[0;39m [[32mDEBUG[0;39m] [35m88914[0;39m [2m[nio-8080-exec-9 ][0;39m [32mnet.mingsoft.cms.dao.IContentDao.queryContent_COUNT[0;39m:135 [2m:[0;39m ==> Parameters: 
[2m2025-04-14 13:38:51.822[0;39m [[32mDEBUG[0;39m] [35m88914[0;39m [2m[nio-8080-exec-9 ][0;39m [32mnet.mingsoft.cms.dao.IContentDao.queryContent_COUNT[0;39m:135 [2m:[0;39m <==      Total: 1
[2m2025-04-14 13:38:51.822[0;39m [[32mDEBUG[0;39m] [35m88914[0;39m [2m[nio-8080-exec-9 ][0;39m [32mnet.mingsoft.basic.util.BasicUtil[0;39m:349 [2m:[0;39m server:localhost,basePath:http://localhost:8080/
[2m2025-04-14 13:38:51.822[0;39m [[32mDEBUG[0;39m] [35m88914[0;39m [2m[nio-8080-exec-9 ][0;39m [32mnet.mingsoft.cms.dao.IContentDao.queryContent[0;39m:135 [2m:[0;39m ==>  Preparing: select ct.* from ( select ct.*,cc.category_path from cms_content ct join cms_category cc on ct.category_id=cc.id WHERE ct.del=0 )ct ORDER BY ct.content_datetime desc,content_sort desc LIMIT ?
[2m2025-04-14 13:38:51.823[0;39m [[32mDEBUG[0;39m] [35m88914[0;39m [2m[nio-8080-exec-9 ][0;39m [32mnet.mingsoft.cms.dao.IContentDao.queryContent[0;39m:135 [2m:[0;39m ==> Parameters: 10(Integer)
[2m2025-04-14 13:38:51.828[0;39m [[32mDEBUG[0;39m] [35m88914[0;39m [2m[nio-8080-exec-9 ][0;39m [32mnet.mingsoft.cms.dao.IContentDao.queryContent[0;39m:135 [2m:[0;39m <==      Total: 10
[2m2025-04-14 13:38:51.831[0;39m [[32mDEBUG[0;39m] [35m88914[0;39m [2m[nio-8080-exec-9 ][0;39m [32mnet.mingsoft.basic.util.BasicUtil[0;39m:349 [2m:[0;39m server:localhost,basePath:http://localhost:8080/
[2m2025-04-14 13:38:51.832[0;39m [[32mDEBUG[0;39m] [35m88914[0;39m [2m[nio-8080-exec-9 ][0;39m [32mnet.mingsoft.basic.util.BasicUtil[0;39m:349 [2m:[0;39m server:localhost,basePath:http://localhost:8080/
[2m2025-04-14 13:38:51.832[0;39m [[32mDEBUG[0;39m] [35m88914[0;39m [2m[nio-8080-exec-9 ][0;39m [32mnet.mingsoft.basic.util.BasicUtil[0;39m:349 [2m:[0;39m server:localhost,basePath:http://localhost:8080/
[2m2025-04-14 13:38:51.832[0;39m [[32mDEBUG[0;39m] [35m88914[0;39m [2m[nio-8080-exec-9 ][0;39m [32mnet.mingsoft.basic.util.BasicUtil[0;39m:349 [2m:[0;39m server:localhost,basePath:http://localhost:8080/
[2m2025-04-14 13:38:51.832[0;39m [[32mDEBUG[0;39m] [35m88914[0;39m [2m[nio-8080-exec-9 ][0;39m [32mnet.mingsoft.basic.util.BasicUtil[0;39m:349 [2m:[0;39m server:localhost,basePath:http://localhost:8080/
[2m2025-04-14 13:38:51.832[0;39m [[32mDEBUG[0;39m] [35m88914[0;39m [2m[nio-8080-exec-9 ][0;39m [32mnet.mingsoft.basic.util.BasicUtil[0;39m:349 [2m:[0;39m server:localhost,basePath:http://localhost:8080/
[2m2025-04-14 13:38:51.832[0;39m [[32mDEBUG[0;39m] [35m88914[0;39m [2m[nio-8080-exec-9 ][0;39m [32mnet.mingsoft.basic.util.BasicUtil[0;39m:349 [2m:[0;39m server:localhost,basePath:http://localhost:8080/
[2m2025-04-14 13:38:51.832[0;39m [[32mDEBUG[0;39m] [35m88914[0;39m [2m[nio-8080-exec-9 ][0;39m [32mnet.mingsoft.basic.util.BasicUtil[0;39m:349 [2m:[0;39m server:localhost,basePath:http://localhost:8080/
[2m2025-04-14 13:38:51.833[0;39m [[32mDEBUG[0;39m] [35m88914[0;39m [2m[nio-8080-exec-9 ][0;39m [32mnet.mingsoft.basic.util.BasicUtil[0;39m:349 [2m:[0;39m server:localhost,basePath:http://localhost:8080/
[2m2025-04-14 13:38:51.833[0;39m [[32mDEBUG[0;39m] [35m88914[0;39m [2m[nio-8080-exec-9 ][0;39m [32mnet.mingsoft.basic.util.BasicUtil[0;39m:349 [2m:[0;39m server:localhost,basePath:http://localhost:8080/
[2m2025-04-14 13:38:52.843[0;39m [[32mDEBUG[0;39m] [35m88914[0;39m [2m[nio-8080-exec-4 ][0;39m [32mnet.mingsoft.basic.dao.IManagerDao[0;39m:60 [2m:[0;39m Cache Hit Ratio [net.mingsoft.basic.dao.IManagerDao]: 0.8888888888888888
[2m2025-04-14 13:38:52.844[0;39m [[32mDEBUG[0;39m] [35m88914[0;39m [2m[nio-8080-exec-4 ][0;39m [32mnet.mingsoft.basic.dao.IModelDao.selectList[0;39m:135 [2m:[0;39m ==>  Preparing: SELECT id,model_title,model_datetime,model_id,model_url,model_code,is_child,model_icon,model_sort,model_ismenu,model_parent_ids,app_id,create_by,create_date,del,update_by,update_date FROM model
[2m2025-04-14 13:38:52.844[0;39m [[32mDEBUG[0;39m] [35m88914[0;39m [2m[nio-8080-exec-4 ][0;39m [32mnet.mingsoft.basic.dao.IModelDao.selectList[0;39m:135 [2m:[0;39m ==> Parameters: 
[2m2025-04-14 13:38:52.847[0;39m [[32mDEBUG[0;39m] [35m88914[0;39m [2m[nio-8080-exec-4 ][0;39m [32mnet.mingsoft.basic.dao.IModelDao.selectList[0;39m:135 [2m:[0;39m <==      Total: 94
[2m2025-04-14 13:38:52.903[0;39m [[32mDEBUG[0;39m] [35m88914[0;39m [2m[nio-8080-exec-1 ][0;39m [32mnet.mingsoft.basic.dao.IModelDao.selectList[0;39m:135 [2m:[0;39m ==>  Preparing: SELECT id,model_title,model_datetime,model_id,model_url,model_code,is_child,model_icon,model_sort,model_ismenu,model_parent_ids,app_id,create_by,create_date,del,update_by,update_date FROM model
[2m2025-04-14 13:38:52.903[0;39m [[32mDEBUG[0;39m] [35m88914[0;39m [2m[nio-8080-exec-1 ][0;39m [32mnet.mingsoft.basic.dao.IModelDao.selectList[0;39m:135 [2m:[0;39m ==> Parameters: 
[2m2025-04-14 13:38:52.905[0;39m [[32mDEBUG[0;39m] [35m88914[0;39m [2m[nio-8080-exec-1 ][0;39m [32mnet.mingsoft.basic.dao.IModelDao.selectList[0;39m:135 [2m:[0;39m <==      Total: 94
[2m2025-04-14 13:38:52.907[0;39m [[32mDEBUG[0;39m] [35m88914[0;39m [2m[nio-8080-exec-1 ][0;39m [32mnet.mingsoft.mdiy.dao.IDictDao[0;39m:60 [2m:[0;39m Cache Hit Ratio [net.mingsoft.mdiy.dao.IDictDao]: 0.0
[2m2025-04-14 13:38:52.907[0;39m [[32mDEBUG[0;39m] [35m88914[0;39m [2m[nio-8080-exec-1 ][0;39m [32mnet.mingsoft.mdiy.dao.IDictDao.query_COUNT[0;39m:135 [2m:[0;39m ==>  Preparing: SELECT count(0) FROM mdiy_dict WHERE dict_type = ?
[2m2025-04-14 13:38:52.908[0;39m [[32mDEBUG[0;39m] [35m88914[0;39m [2m[nio-8080-exec-1 ][0;39m [32mnet.mingsoft.mdiy.dao.IDictDao.query_COUNT[0;39m:135 [2m:[0;39m ==> Parameters: 文章属性(String)
[2m2025-04-14 13:38:52.911[0;39m [[32mDEBUG[0;39m] [35m88914[0;39m [2m[nio-8080-exec-1 ][0;39m [32mnet.mingsoft.mdiy.dao.IDictDao.query_COUNT[0;39m:135 [2m:[0;39m <==      Total: 1
[2m2025-04-14 13:38:52.912[0;39m [[32mDEBUG[0;39m] [35m88914[0;39m [2m[nio-8080-exec-1 ][0;39m [32mnet.mingsoft.mdiy.dao.IDictDao[0;39m:60 [2m:[0;39m Cache Hit Ratio [net.mingsoft.mdiy.dao.IDictDao]: 0.0
[2m2025-04-14 13:38:52.912[0;39m [[32mDEBUG[0;39m] [35m88914[0;39m [2m[nio-8080-exec-1 ][0;39m [32mnet.mingsoft.mdiy.dao.IDictDao.query[0;39m:135 [2m:[0;39m ==>  Preparing: select * from mdiy_dict WHERE dict_type=? order by dict_sort desc,id desc LIMIT ?
[2m2025-04-14 13:38:52.912[0;39m [[32mDEBUG[0;39m] [35m88914[0;39m [2m[nio-8080-exec-1 ][0;39m [32mnet.mingsoft.mdiy.dao.IDictDao.query[0;39m:135 [2m:[0;39m ==> Parameters: 文章属性(String), 10(Integer)
[2m2025-04-14 13:38:52.913[0;39m [[32mDEBUG[0;39m] [35m88914[0;39m [2m[nio-8080-exec-1 ][0;39m [32mnet.mingsoft.mdiy.dao.IDictDao.query[0;39m:135 [2m:[0;39m <==      Total: 4
[2m2025-04-14 13:38:53.870[0;39m [[32mDEBUG[0;39m] [35m88914[0;39m [2m[nio-8080-exec-7 ][0;39m [32mnet.mingsoft.basic.dao.IManagerDao[0;39m:60 [2m:[0;39m Cache Hit Ratio [net.mingsoft.basic.dao.IManagerDao]: 0.8947368421052632
[2m2025-04-14 13:38:53.871[0;39m [[32mDEBUG[0;39m] [35m88914[0;39m [2m[nio-8080-exec-7 ][0;39m [32mnet.mingsoft.basic.dao.IModelDao.selectList[0;39m:135 [2m:[0;39m ==>  Preparing: SELECT id,model_title,model_datetime,model_id,model_url,model_code,is_child,model_icon,model_sort,model_ismenu,model_parent_ids,app_id,create_by,create_date,del,update_by,update_date FROM model
[2m2025-04-14 13:38:53.871[0;39m [[32mDEBUG[0;39m] [35m88914[0;39m [2m[nio-8080-exec-7 ][0;39m [32mnet.mingsoft.basic.dao.IModelDao.selectList[0;39m:135 [2m:[0;39m ==> Parameters: 
[2m2025-04-14 13:38:53.874[0;39m [[32mDEBUG[0;39m] [35m88914[0;39m [2m[nio-8080-exec-7 ][0;39m [32mnet.mingsoft.basic.dao.IModelDao.selectList[0;39m:135 [2m:[0;39m <==      Total: 94
[2m2025-04-14 13:38:53.876[0;39m [[32mDEBUG[0;39m] [35m88914[0;39m [2m[nio-8080-exec-7 ][0;39m [32mnet.mingsoft.basic.dao.IManagerDao[0;39m:60 [2m:[0;39m Cache Hit Ratio [net.mingsoft.basic.dao.IManagerDao]: 0.9
[2m2025-04-14 13:38:53.877[0;39m [[32mDEBUG[0;39m] [35m88914[0;39m [2m[nio-8080-exec-7 ][0;39m [32mnet.mingsoft.basic.dao.IModelDao.selectList[0;39m:135 [2m:[0;39m ==>  Preparing: SELECT id,model_title,model_datetime,model_id,model_url,model_code,is_child,model_icon,model_sort,model_ismenu,model_parent_ids,app_id,create_by,create_date,del,update_by,update_date FROM model
[2m2025-04-14 13:38:53.877[0;39m [[32mDEBUG[0;39m] [35m88914[0;39m [2m[nio-8080-exec-7 ][0;39m [32mnet.mingsoft.basic.dao.IModelDao.selectList[0;39m:135 [2m:[0;39m ==> Parameters: 
[2m2025-04-14 13:38:53.881[0;39m [[32mDEBUG[0;39m] [35m88914[0;39m [2m[nio-8080-exec-7 ][0;39m [32mnet.mingsoft.basic.dao.IModelDao.selectList[0;39m:135 [2m:[0;39m <==      Total: 94
[2m2025-04-14 13:38:53.883[0;39m [[32mDEBUG[0;39m] [35m88914[0;39m [2m[nio-8080-exec-7 ][0;39m [32mnet.mingsoft.basic.dao.IManagerDao[0;39m:60 [2m:[0;39m Cache Hit Ratio [net.mingsoft.basic.dao.IManagerDao]: 0.9047619047619048
[2m2025-04-14 13:38:53.883[0;39m [[32mDEBUG[0;39m] [35m88914[0;39m [2m[nio-8080-exec-7 ][0;39m [32mnet.mingsoft.basic.dao.IModelDao.selectList[0;39m:135 [2m:[0;39m ==>  Preparing: SELECT id,model_title,model_datetime,model_id,model_url,model_code,is_child,model_icon,model_sort,model_ismenu,model_parent_ids,app_id,create_by,create_date,del,update_by,update_date FROM model
[2m2025-04-14 13:38:53.883[0;39m [[32mDEBUG[0;39m] [35m88914[0;39m [2m[nio-8080-exec-7 ][0;39m [32mnet.mingsoft.basic.dao.IModelDao.selectList[0;39m:135 [2m:[0;39m ==> Parameters: 
[2m2025-04-14 13:38:53.886[0;39m [[32mDEBUG[0;39m] [35m88914[0;39m [2m[nio-8080-exec-7 ][0;39m [32mnet.mingsoft.basic.dao.IModelDao.selectList[0;39m:135 [2m:[0;39m <==      Total: 94
[2m2025-04-14 13:38:53.888[0;39m [[32mDEBUG[0;39m] [35m88914[0;39m [2m[nio-8080-exec-7 ][0;39m [32mnet.mingsoft.basic.dao.IManagerDao[0;39m:60 [2m:[0;39m Cache Hit Ratio [net.mingsoft.basic.dao.IManagerDao]: 0.9090909090909091
[2m2025-04-14 13:38:53.888[0;39m [[32mDEBUG[0;39m] [35m88914[0;39m [2m[nio-8080-exec-7 ][0;39m [32mnet.mingsoft.basic.dao.IModelDao.selectList[0;39m:135 [2m:[0;39m ==>  Preparing: SELECT id,model_title,model_datetime,model_id,model_url,model_code,is_child,model_icon,model_sort,model_ismenu,model_parent_ids,app_id,create_by,create_date,del,update_by,update_date FROM model
[2m2025-04-14 13:38:53.888[0;39m [[32mDEBUG[0;39m] [35m88914[0;39m [2m[nio-8080-exec-7 ][0;39m [32mnet.mingsoft.basic.dao.IModelDao.selectList[0;39m:135 [2m:[0;39m ==> Parameters: 
[2m2025-04-14 13:38:53.891[0;39m [[32mDEBUG[0;39m] [35m88914[0;39m [2m[nio-8080-exec-7 ][0;39m [32mnet.mingsoft.basic.dao.IModelDao.selectList[0;39m:135 [2m:[0;39m <==      Total: 94
[2m2025-04-14 13:38:53.892[0;39m [[32mDEBUG[0;39m] [35m88914[0;39m [2m[nio-8080-exec-7 ][0;39m [32mnet.mingsoft.basic.dao.IManagerDao[0;39m:60 [2m:[0;39m Cache Hit Ratio [net.mingsoft.basic.dao.IManagerDao]: 0.9130434782608695
[2m2025-04-14 13:38:53.893[0;39m [[32mDEBUG[0;39m] [35m88914[0;39m [2m[nio-8080-exec-7 ][0;39m [32mnet.mingsoft.basic.dao.IModelDao.selectList[0;39m:135 [2m:[0;39m ==>  Preparing: SELECT id,model_title,model_datetime,model_id,model_url,model_code,is_child,model_icon,model_sort,model_ismenu,model_parent_ids,app_id,create_by,create_date,del,update_by,update_date FROM model
[2m2025-04-14 13:38:53.893[0;39m [[32mDEBUG[0;39m] [35m88914[0;39m [2m[nio-8080-exec-7 ][0;39m [32mnet.mingsoft.basic.dao.IModelDao.selectList[0;39m:135 [2m:[0;39m ==> Parameters: 
[2m2025-04-14 13:38:53.896[0;39m [[32mDEBUG[0;39m] [35m88914[0;39m [2m[nio-8080-exec-7 ][0;39m [32mnet.mingsoft.basic.dao.IModelDao.selectList[0;39m:135 [2m:[0;39m <==      Total: 94
[2m2025-04-14 13:38:53.897[0;39m [[32mDEBUG[0;39m] [35m88914[0;39m [2m[nio-8080-exec-7 ][0;39m [32mnet.mingsoft.basic.dao.IManagerDao[0;39m:60 [2m:[0;39m Cache Hit Ratio [net.mingsoft.basic.dao.IManagerDao]: 0.9166666666666666
[2m2025-04-14 13:38:53.898[0;39m [[32mDEBUG[0;39m] [35m88914[0;39m [2m[nio-8080-exec-7 ][0;39m [32mnet.mingsoft.basic.dao.IModelDao.selectList[0;39m:135 [2m:[0;39m ==>  Preparing: SELECT id,model_title,model_datetime,model_id,model_url,model_code,is_child,model_icon,model_sort,model_ismenu,model_parent_ids,app_id,create_by,create_date,del,update_by,update_date FROM model
[2m2025-04-14 13:38:53.898[0;39m [[32mDEBUG[0;39m] [35m88914[0;39m [2m[nio-8080-exec-7 ][0;39m [32mnet.mingsoft.basic.dao.IModelDao.selectList[0;39m:135 [2m:[0;39m ==> Parameters: 
[2m2025-04-14 13:38:53.901[0;39m [[32mDEBUG[0;39m] [35m88914[0;39m [2m[nio-8080-exec-7 ][0;39m [32mnet.mingsoft.basic.dao.IModelDao.selectList[0;39m:135 [2m:[0;39m <==      Total: 94
[2m2025-04-14 13:38:53.939[0;39m [[32mDEBUG[0;39m] [35m88914[0;39m [2m[nio-8080-exec-7 ][0;39m [32mnet.mingsoft.basic.dao.IManagerDao[0;39m:60 [2m:[0;39m Cache Hit Ratio [net.mingsoft.basic.dao.IManagerDao]: 0.92
[2m2025-04-14 13:38:53.939[0;39m [[32mDEBUG[0;39m] [35m88914[0;39m [2m[nio-8080-exec-7 ][0;39m [32mnet.mingsoft.basic.dao.IModelDao.selectList[0;39m:135 [2m:[0;39m ==>  Preparing: SELECT id,model_title,model_datetime,model_id,model_url,model_code,is_child,model_icon,model_sort,model_ismenu,model_parent_ids,app_id,create_by,create_date,del,update_by,update_date FROM model
[2m2025-04-14 13:38:53.940[0;39m [[32mDEBUG[0;39m] [35m88914[0;39m [2m[nio-8080-exec-7 ][0;39m [32mnet.mingsoft.basic.dao.IModelDao.selectList[0;39m:135 [2m:[0;39m ==> Parameters: 
[2m2025-04-14 13:38:53.942[0;39m [[32mDEBUG[0;39m] [35m88914[0;39m [2m[nio-8080-exec-7 ][0;39m [32mnet.mingsoft.basic.dao.IModelDao.selectList[0;39m:135 [2m:[0;39m <==      Total: 94
[2m2025-04-14 13:38:53.943[0;39m [[32mDEBUG[0;39m] [35m88914[0;39m [2m[nio-8080-exec-7 ][0;39m [32mnet.mingsoft.basic.dao.IManagerDao[0;39m:60 [2m:[0;39m Cache Hit Ratio [net.mingsoft.basic.dao.IManagerDao]: 0.9230769230769231
[2m2025-04-14 13:38:53.943[0;39m [[32mDEBUG[0;39m] [35m88914[0;39m [2m[nio-8080-exec-7 ][0;39m [32mnet.mingsoft.basic.dao.IModelDao.selectList[0;39m:135 [2m:[0;39m ==>  Preparing: SELECT id,model_title,model_datetime,model_id,model_url,model_code,is_child,model_icon,model_sort,model_ismenu,model_parent_ids,app_id,create_by,create_date,del,update_by,update_date FROM model
[2m2025-04-14 13:38:53.944[0;39m [[32mDEBUG[0;39m] [35m88914[0;39m [2m[nio-8080-exec-7 ][0;39m [32mnet.mingsoft.basic.dao.IModelDao.selectList[0;39m:135 [2m:[0;39m ==> Parameters: 
[2m2025-04-14 13:38:53.946[0;39m [[32mDEBUG[0;39m] [35m88914[0;39m [2m[nio-8080-exec-7 ][0;39m [32mnet.mingsoft.basic.dao.IModelDao.selectList[0;39m:135 [2m:[0;39m <==      Total: 94
[2m2025-04-14 13:38:53.947[0;39m [[32mDEBUG[0;39m] [35m88914[0;39m [2m[nio-8080-exec-7 ][0;39m [32mnet.mingsoft.basic.dao.IManagerDao[0;39m:60 [2m:[0;39m Cache Hit Ratio [net.mingsoft.basic.dao.IManagerDao]: 0.9259259259259259
[2m2025-04-14 13:38:53.948[0;39m [[32mDEBUG[0;39m] [35m88914[0;39m [2m[nio-8080-exec-7 ][0;39m [32mnet.mingsoft.basic.dao.IModelDao.selectList[0;39m:135 [2m:[0;39m ==>  Preparing: SELECT id,model_title,model_datetime,model_id,model_url,model_code,is_child,model_icon,model_sort,model_ismenu,model_parent_ids,app_id,create_by,create_date,del,update_by,update_date FROM model
[2m2025-04-14 13:38:53.948[0;39m [[32mDEBUG[0;39m] [35m88914[0;39m [2m[nio-8080-exec-7 ][0;39m [32mnet.mingsoft.basic.dao.IModelDao.selectList[0;39m:135 [2m:[0;39m ==> Parameters: 
[2m2025-04-14 13:38:53.950[0;39m [[32mDEBUG[0;39m] [35m88914[0;39m [2m[nio-8080-exec-7 ][0;39m [32mnet.mingsoft.basic.dao.IModelDao.selectList[0;39m:135 [2m:[0;39m <==      Total: 94
[2m2025-04-14 13:38:53.951[0;39m [[32mDEBUG[0;39m] [35m88914[0;39m [2m[nio-8080-exec-7 ][0;39m [32mnet.mingsoft.basic.dao.IManagerDao[0;39m:60 [2m:[0;39m Cache Hit Ratio [net.mingsoft.basic.dao.IManagerDao]: 0.9285714285714286
[2m2025-04-14 13:38:53.951[0;39m [[32mDEBUG[0;39m] [35m88914[0;39m [2m[nio-8080-exec-7 ][0;39m [32mnet.mingsoft.basic.dao.IModelDao.selectList[0;39m:135 [2m:[0;39m ==>  Preparing: SELECT id,model_title,model_datetime,model_id,model_url,model_code,is_child,model_icon,model_sort,model_ismenu,model_parent_ids,app_id,create_by,create_date,del,update_by,update_date FROM model
[2m2025-04-14 13:38:53.952[0;39m [[32mDEBUG[0;39m] [35m88914[0;39m [2m[nio-8080-exec-7 ][0;39m [32mnet.mingsoft.basic.dao.IModelDao.selectList[0;39m:135 [2m:[0;39m ==> Parameters: 
[2m2025-04-14 13:38:53.953[0;39m [[32mDEBUG[0;39m] [35m88914[0;39m [2m[nio-8080-exec-7 ][0;39m [32mnet.mingsoft.basic.dao.IModelDao.selectList[0;39m:135 [2m:[0;39m <==      Total: 94
[2m2025-04-14 13:38:53.954[0;39m [[32mDEBUG[0;39m] [35m88914[0;39m [2m[nio-8080-exec-7 ][0;39m [32mnet.mingsoft.basic.dao.IManagerDao[0;39m:60 [2m:[0;39m Cache Hit Ratio [net.mingsoft.basic.dao.IManagerDao]: 0.9310344827586207
[2m2025-04-14 13:38:53.955[0;39m [[32mDEBUG[0;39m] [35m88914[0;39m [2m[nio-8080-exec-7 ][0;39m [32mnet.mingsoft.basic.dao.IModelDao.selectList[0;39m:135 [2m:[0;39m ==>  Preparing: SELECT id,model_title,model_datetime,model_id,model_url,model_code,is_child,model_icon,model_sort,model_ismenu,model_parent_ids,app_id,create_by,create_date,del,update_by,update_date FROM model
[2m2025-04-14 13:38:53.955[0;39m [[32mDEBUG[0;39m] [35m88914[0;39m [2m[nio-8080-exec-7 ][0;39m [32mnet.mingsoft.basic.dao.IModelDao.selectList[0;39m:135 [2m:[0;39m ==> Parameters: 
[2m2025-04-14 13:38:53.956[0;39m [[32mDEBUG[0;39m] [35m88914[0;39m [2m[nio-8080-exec-7 ][0;39m [32mnet.mingsoft.basic.dao.IModelDao.selectList[0;39m:135 [2m:[0;39m <==      Total: 94
[2m2025-04-14 13:38:53.957[0;39m [[32mDEBUG[0;39m] [35m88914[0;39m [2m[nio-8080-exec-7 ][0;39m [32mnet.mingsoft.basic.dao.IManagerDao[0;39m:60 [2m:[0;39m Cache Hit Ratio [net.mingsoft.basic.dao.IManagerDao]: 0.9333333333333333
[2m2025-04-14 13:38:53.958[0;39m [[32mDEBUG[0;39m] [35m88914[0;39m [2m[nio-8080-exec-7 ][0;39m [32mnet.mingsoft.basic.dao.IModelDao.selectList[0;39m:135 [2m:[0;39m ==>  Preparing: SELECT id,model_title,model_datetime,model_id,model_url,model_code,is_child,model_icon,model_sort,model_ismenu,model_parent_ids,app_id,create_by,create_date,del,update_by,update_date FROM model
[2m2025-04-14 13:38:53.958[0;39m [[32mDEBUG[0;39m] [35m88914[0;39m [2m[nio-8080-exec-7 ][0;39m [32mnet.mingsoft.basic.dao.IModelDao.selectList[0;39m:135 [2m:[0;39m ==> Parameters: 
[2m2025-04-14 13:38:53.960[0;39m [[32mDEBUG[0;39m] [35m88914[0;39m [2m[nio-8080-exec-7 ][0;39m [32mnet.mingsoft.basic.dao.IModelDao.selectList[0;39m:135 [2m:[0;39m <==      Total: 94
[2m2025-04-14 13:38:53.960[0;39m [[32mDEBUG[0;39m] [35m88914[0;39m [2m[nio-8080-exec-7 ][0;39m [32mnet.mingsoft.basic.dao.IManagerDao[0;39m:60 [2m:[0;39m Cache Hit Ratio [net.mingsoft.basic.dao.IManagerDao]: 0.9354838709677419
[2m2025-04-14 13:38:53.961[0;39m [[32mDEBUG[0;39m] [35m88914[0;39m [2m[nio-8080-exec-7 ][0;39m [32mnet.mingsoft.basic.dao.IModelDao.selectList[0;39m:135 [2m:[0;39m ==>  Preparing: SELECT id,model_title,model_datetime,model_id,model_url,model_code,is_child,model_icon,model_sort,model_ismenu,model_parent_ids,app_id,create_by,create_date,del,update_by,update_date FROM model
[2m2025-04-14 13:38:53.961[0;39m [[32mDEBUG[0;39m] [35m88914[0;39m [2m[nio-8080-exec-7 ][0;39m [32mnet.mingsoft.basic.dao.IModelDao.selectList[0;39m:135 [2m:[0;39m ==> Parameters: 
[2m2025-04-14 13:38:53.963[0;39m [[32mDEBUG[0;39m] [35m88914[0;39m [2m[nio-8080-exec-7 ][0;39m [32mnet.mingsoft.basic.dao.IModelDao.selectList[0;39m:135 [2m:[0;39m <==      Total: 94
[2m2025-04-14 13:38:53.990[0;39m [[32mDEBUG[0;39m] [35m88914[0;39m [2m[nio-8080-exec-5 ][0;39m [32mnet.mingsoft.basic.util.BasicUtil[0;39m:399 [2m:[0;39m headers:{}
[2m2025-04-14 13:38:53.990[0;39m [[32mDEBUG[0;39m] [35m88914[0;39m [2m[nio-8080-exec-5 ][0;39m [32mnet.mingsoft.basic.util.BasicUtil[0;39m:399 [2m:[0;39m headers:{}
[2m2025-04-14 13:38:53.990[0;39m [[32mDEBUG[0;39m] [35m88914[0;39m [2m[nio-8080-exec-5 ][0;39m [32mnet.mingsoft.basic.util.BasicUtil[0;39m:399 [2m:[0;39m headers:{}
[2m2025-04-14 13:38:54.010[0;39m [[32mDEBUG[0;39m] [35m88914[0;39m [2m[nio-8080-exec-5 ][0;39m [32mnet.mingsoft.mdiy.dao.IDictDao[0;39m:60 [2m:[0;39m Cache Hit Ratio [net.mingsoft.mdiy.dao.IDictDao]: 0.0
[2m2025-04-14 13:38:54.010[0;39m [[32mDEBUG[0;39m] [35m88914[0;39m [2m[nio-8080-exec-3 ][0;39m [32mnet.mingsoft.cms.dao.ICategoryDao.selectList[0;39m:135 [2m:[0;39m ==>  Preparing: SELECT id,category_title,category_short_title,category_pinyin,category_id,category_type,category_sort,category_list_url,category_url,category_keyword,category_descrip,category_img,category_ico,category_display,category_is_search,category_diy_url,mdiy_model_id,mdiy_category_model_id,dict_id,category_flag,category_path,category_parent_ids,leaf,top_id,is_child,create_by,create_date,del,update_by,update_date FROM cms_category WHERE is_child=? AND del=?
[2m2025-04-14 13:38:54.011[0;39m [[32mDEBUG[0;39m] [35m88914[0;39m [2m[nio-8080-exec-3 ][0;39m [32mnet.mingsoft.cms.dao.ICategoryDao.selectList[0;39m:135 [2m:[0;39m ==> Parameters: cms(String), 0(Integer)
[2m2025-04-14 13:38:54.011[0;39m [[32mDEBUG[0;39m] [35m88914[0;39m [2m[nio-8080-exec-5 ][0;39m [32mnet.mingsoft.mdiy.dao.IDictDao.query_COUNT[0;39m:135 [2m:[0;39m ==>  Preparing: SELECT count(0) FROM mdiy_dict WHERE dict_type = ? AND dict_enable = ?
[2m2025-04-14 13:38:54.012[0;39m [[32mDEBUG[0;39m] [35m88914[0;39m [2m[nio-8080-exec-5 ][0;39m [32mnet.mingsoft.mdiy.dao.IDictDao.query_COUNT[0;39m:135 [2m:[0;39m ==> Parameters: 栏目属性(String), true(Boolean)
[2m2025-04-14 13:38:54.013[0;39m [[32mDEBUG[0;39m] [35m88914[0;39m [2m[nio-8080-exec-5 ][0;39m [32mnet.mingsoft.mdiy.dao.IDictDao.query_COUNT[0;39m:135 [2m:[0;39m <==      Total: 1
[2m2025-04-14 13:38:54.013[0;39m [[32mDEBUG[0;39m] [35m88914[0;39m [2m[nio-8080-exec-5 ][0;39m [32mnet.mingsoft.mdiy.dao.IDictDao[0;39m:60 [2m:[0;39m Cache Hit Ratio [net.mingsoft.mdiy.dao.IDictDao]: 0.0
[2m2025-04-14 13:38:54.013[0;39m [[32mDEBUG[0;39m] [35m88914[0;39m [2m[nio-8080-exec-3 ][0;39m [32mnet.mingsoft.cms.dao.ICategoryDao.selectList[0;39m:135 [2m:[0;39m <==      Total: 16
[2m2025-04-14 13:38:54.013[0;39m [[32mDEBUG[0;39m] [35m88914[0;39m [2m[nio-8080-exec-5 ][0;39m [32mnet.mingsoft.mdiy.dao.IDictDao.query[0;39m:135 [2m:[0;39m ==>  Preparing: select * from mdiy_dict WHERE dict_type=? and dict_enable=? order by dict_sort desc,id desc LIMIT ?
[2m2025-04-14 13:38:54.014[0;39m [[32mDEBUG[0;39m] [35m88914[0;39m [2m[nio-8080-exec-5 ][0;39m [32mnet.mingsoft.mdiy.dao.IDictDao.query[0;39m:135 [2m:[0;39m ==> Parameters: 栏目属性(String), true(Boolean), 99999(Integer)
[2m2025-04-14 13:38:54.014[0;39m [[32mDEBUG[0;39m] [35m88914[0;39m [2m[nio-8080-exec-3 ][0;39m [32mnet.mingsoft.basic.util.BasicUtil[0;39m:349 [2m:[0;39m server:localhost,basePath:http://localhost:8080/
[2m2025-04-14 13:38:54.014[0;39m [[32mDEBUG[0;39m] [35m88914[0;39m [2m[nio-8080-exec-3 ][0;39m [32mnet.mingsoft.basic.util.BasicUtil[0;39m:349 [2m:[0;39m server:localhost,basePath:http://localhost:8080/
[2m2025-04-14 13:38:54.014[0;39m [[32mDEBUG[0;39m] [35m88914[0;39m [2m[nio-8080-exec-5 ][0;39m [32mnet.mingsoft.mdiy.dao.IDictDao.query[0;39m:135 [2m:[0;39m <==      Total: 2
[2m2025-04-14 13:38:54.015[0;39m [[32mDEBUG[0;39m] [35m88914[0;39m [2m[nio-8080-exec-3 ][0;39m [32mnet.mingsoft.basic.util.BasicUtil[0;39m:349 [2m:[0;39m server:localhost,basePath:http://localhost:8080/
[2m2025-04-14 13:38:54.015[0;39m [[32mDEBUG[0;39m] [35m88914[0;39m [2m[nio-8080-exec-3 ][0;39m [32mnet.mingsoft.basic.util.BasicUtil[0;39m:349 [2m:[0;39m server:localhost,basePath:http://localhost:8080/
[2m2025-04-14 13:38:54.015[0;39m [[32mDEBUG[0;39m] [35m88914[0;39m [2m[nio-8080-exec-3 ][0;39m [32mnet.mingsoft.basic.util.BasicUtil[0;39m:349 [2m:[0;39m server:localhost,basePath:http://localhost:8080/
[2m2025-04-14 13:38:54.015[0;39m [[32mDEBUG[0;39m] [35m88914[0;39m [2m[nio-8080-exec-3 ][0;39m [32mnet.mingsoft.basic.util.BasicUtil[0;39m:349 [2m:[0;39m server:localhost,basePath:http://localhost:8080/
[2m2025-04-14 13:38:54.015[0;39m [[32mDEBUG[0;39m] [35m88914[0;39m [2m[nio-8080-exec-3 ][0;39m [32mnet.mingsoft.basic.util.BasicUtil[0;39m:349 [2m:[0;39m server:localhost,basePath:http://localhost:8080/
[2m2025-04-14 13:38:54.015[0;39m [[32mDEBUG[0;39m] [35m88914[0;39m [2m[nio-8080-exec-3 ][0;39m [32mnet.mingsoft.basic.util.BasicUtil[0;39m:349 [2m:[0;39m server:localhost,basePath:http://localhost:8080/
[2m2025-04-14 13:38:54.015[0;39m [[32mDEBUG[0;39m] [35m88914[0;39m [2m[nio-8080-exec-5 ][0;39m [32mnet.mingsoft.basic.util.BasicUtil[0;39m:399 [2m:[0;39m headers:{}
[2m2025-04-14 13:38:54.015[0;39m [[32mDEBUG[0;39m] [35m88914[0;39m [2m[nio-8080-exec-3 ][0;39m [32mnet.mingsoft.basic.util.BasicUtil[0;39m:349 [2m:[0;39m server:localhost,basePath:http://localhost:8080/
[2m2025-04-14 13:38:54.015[0;39m [[32mDEBUG[0;39m] [35m88914[0;39m [2m[nio-8080-exec-3 ][0;39m [32mnet.mingsoft.basic.util.BasicUtil[0;39m:349 [2m:[0;39m server:localhost,basePath:http://localhost:8080/
[2m2025-04-14 13:38:54.016[0;39m [[32mDEBUG[0;39m] [35m88914[0;39m [2m[nio-8080-exec-3 ][0;39m [32mnet.mingsoft.basic.util.BasicUtil[0;39m:349 [2m:[0;39m server:localhost,basePath:http://localhost:8080/
[2m2025-04-14 13:38:54.016[0;39m [[32mDEBUG[0;39m] [35m88914[0;39m [2m[nio-8080-exec-3 ][0;39m [32mnet.mingsoft.basic.util.BasicUtil[0;39m:349 [2m:[0;39m server:localhost,basePath:http://localhost:8080/
[2m2025-04-14 13:38:54.016[0;39m [[32mDEBUG[0;39m] [35m88914[0;39m [2m[nio-8080-exec-3 ][0;39m [32mnet.mingsoft.basic.util.BasicUtil[0;39m:349 [2m:[0;39m server:localhost,basePath:http://localhost:8080/
[2m2025-04-14 13:38:54.016[0;39m [[32mDEBUG[0;39m] [35m88914[0;39m [2m[nio-8080-exec-3 ][0;39m [32mnet.mingsoft.basic.util.BasicUtil[0;39m:349 [2m:[0;39m server:localhost,basePath:http://localhost:8080/
[2m2025-04-14 13:38:54.017[0;39m [[32mDEBUG[0;39m] [35m88914[0;39m [2m[nio-8080-exec-3 ][0;39m [32mnet.mingsoft.basic.util.BasicUtil[0;39m:349 [2m:[0;39m server:localhost,basePath:http://localhost:8080/
[2m2025-04-14 13:38:54.017[0;39m [[32mDEBUG[0;39m] [35m88914[0;39m [2m[nio-8080-exec-3 ][0;39m [32mnet.mingsoft.basic.util.BasicUtil[0;39m:349 [2m:[0;39m server:localhost,basePath:http://localhost:8080/
[2m2025-04-14 13:38:57.420[0;39m [[32mDEBUG[0;39m] [35m88914[0;39m [2m[io-8080-exec-10 ][0;39m [32mnet.mingsoft.basic.dao.IManagerDao[0;39m:60 [2m:[0;39m Cache Hit Ratio [net.mingsoft.basic.dao.IManagerDao]: 0.9375
[2m2025-04-14 13:38:57.421[0;39m [[32mDEBUG[0;39m] [35m88914[0;39m [2m[io-8080-exec-10 ][0;39m [32mnet.mingsoft.basic.dao.IModelDao.selectList[0;39m:135 [2m:[0;39m ==>  Preparing: SELECT id,model_title,model_datetime,model_id,model_url,model_code,is_child,model_icon,model_sort,model_ismenu,model_parent_ids,app_id,create_by,create_date,del,update_by,update_date FROM model
[2m2025-04-14 13:38:57.421[0;39m [[32mDEBUG[0;39m] [35m88914[0;39m [2m[io-8080-exec-10 ][0;39m [32mnet.mingsoft.basic.dao.IModelDao.selectList[0;39m:135 [2m:[0;39m ==> Parameters: 
[2m2025-04-14 13:38:57.424[0;39m [[32mDEBUG[0;39m] [35m88914[0;39m [2m[io-8080-exec-10 ][0;39m [32mnet.mingsoft.basic.dao.IModelDao.selectList[0;39m:135 [2m:[0;39m <==      Total: 94
[2m2025-04-14 13:38:57.521[0;39m [[32mDEBUG[0;39m] [35m88914[0;39m [2m[nio-8080-exec-9 ][0;39m [32mnet.mingsoft.basic.dao.IModelDao.selectList[0;39m:135 [2m:[0;39m ==>  Preparing: SELECT id,model_title,model_datetime,model_id,model_url,model_code,is_child,model_icon,model_sort,model_ismenu,model_parent_ids,app_id,create_by,create_date,del,update_by,update_date FROM model
[2m2025-04-14 13:38:57.521[0;39m [[32mDEBUG[0;39m] [35m88914[0;39m [2m[nio-8080-exec-9 ][0;39m [32mnet.mingsoft.basic.dao.IModelDao.selectList[0;39m:135 [2m:[0;39m ==> Parameters: 
[2m2025-04-14 13:38:57.524[0;39m [[32mDEBUG[0;39m] [35m88914[0;39m [2m[nio-8080-exec-9 ][0;39m [32mnet.mingsoft.basic.dao.IModelDao.selectList[0;39m:135 [2m:[0;39m <==      Total: 94
[2m2025-04-14 13:38:57.526[0;39m [[32mDEBUG[0;39m] [35m88914[0;39m [2m[nio-8080-exec-9 ][0;39m [32mnet.mingsoft.mdiy.dao.IDictDao[0;39m:60 [2m:[0;39m Cache Hit Ratio [net.mingsoft.mdiy.dao.IDictDao]: 0.0
[2m2025-04-14 13:38:57.526[0;39m [[32mDEBUG[0;39m] [35m88914[0;39m [2m[nio-8080-exec-9 ][0;39m [32mnet.mingsoft.mdiy.dao.IDictDao.query_COUNT[0;39m:135 [2m:[0;39m ==>  Preparing: SELECT count(0) FROM mdiy_dict WHERE dict_type = ?
[2m2025-04-14 13:38:57.526[0;39m [[32mDEBUG[0;39m] [35m88914[0;39m [2m[nio-8080-exec-9 ][0;39m [32mnet.mingsoft.mdiy.dao.IDictDao.query_COUNT[0;39m:135 [2m:[0;39m ==> Parameters: 栏目属性(String)
[2m2025-04-14 13:38:57.527[0;39m [[32mDEBUG[0;39m] [35m88914[0;39m [2m[nio-8080-exec-9 ][0;39m [32mnet.mingsoft.mdiy.dao.IDictDao.query_COUNT[0;39m:135 [2m:[0;39m <==      Total: 1
[2m2025-04-14 13:38:57.527[0;39m [[32mDEBUG[0;39m] [35m88914[0;39m [2m[nio-8080-exec-9 ][0;39m [32mnet.mingsoft.mdiy.dao.IDictDao[0;39m:60 [2m:[0;39m Cache Hit Ratio [net.mingsoft.mdiy.dao.IDictDao]: 0.0
[2m2025-04-14 13:38:57.527[0;39m [[32mDEBUG[0;39m] [35m88914[0;39m [2m[nio-8080-exec-9 ][0;39m [32mnet.mingsoft.mdiy.dao.IDictDao.query[0;39m:135 [2m:[0;39m ==>  Preparing: select * from mdiy_dict WHERE dict_type=? order by dict_sort desc,id desc LIMIT ?
[2m2025-04-14 13:38:57.527[0;39m [[32mDEBUG[0;39m] [35m88914[0;39m [2m[nio-8080-exec-9 ][0;39m [32mnet.mingsoft.mdiy.dao.IDictDao.query[0;39m:135 [2m:[0;39m ==> Parameters: 栏目属性(String), 10(Integer)
[2m2025-04-14 13:38:57.528[0;39m [[32mDEBUG[0;39m] [35m88914[0;39m [2m[nio-8080-exec-9 ][0;39m [32mnet.mingsoft.mdiy.dao.IDictDao.query[0;39m:135 [2m:[0;39m <==      Total: 2
[2m2025-04-14 13:38:58.501[0;39m [[32mDEBUG[0;39m] [35m88914[0;39m [2m[nio-8080-exec-4 ][0;39m [32mnet.mingsoft.basic.dao.IManagerDao[0;39m:60 [2m:[0;39m Cache Hit Ratio [net.mingsoft.basic.dao.IManagerDao]: 0.9393939393939394
[2m2025-04-14 13:38:58.502[0;39m [[32mDEBUG[0;39m] [35m88914[0;39m [2m[nio-8080-exec-4 ][0;39m [32mnet.mingsoft.basic.dao.IModelDao.selectList[0;39m:135 [2m:[0;39m ==>  Preparing: SELECT id,model_title,model_datetime,model_id,model_url,model_code,is_child,model_icon,model_sort,model_ismenu,model_parent_ids,app_id,create_by,create_date,del,update_by,update_date FROM model
[2m2025-04-14 13:38:58.502[0;39m [[32mDEBUG[0;39m] [35m88914[0;39m [2m[nio-8080-exec-4 ][0;39m [32mnet.mingsoft.basic.dao.IModelDao.selectList[0;39m:135 [2m:[0;39m ==> Parameters: 
[2m2025-04-14 13:38:58.504[0;39m [[32mDEBUG[0;39m] [35m88914[0;39m [2m[nio-8080-exec-4 ][0;39m [32mnet.mingsoft.basic.dao.IModelDao.selectList[0;39m:135 [2m:[0;39m <==      Total: 94
[2m2025-04-14 13:38:58.505[0;39m [[32mDEBUG[0;39m] [35m88914[0;39m [2m[nio-8080-exec-4 ][0;39m [32mnet.mingsoft.basic.dao.IManagerDao[0;39m:60 [2m:[0;39m Cache Hit Ratio [net.mingsoft.basic.dao.IManagerDao]: 0.9411764705882353
[2m2025-04-14 13:38:58.506[0;39m [[32mDEBUG[0;39m] [35m88914[0;39m [2m[nio-8080-exec-4 ][0;39m [32mnet.mingsoft.basic.dao.IModelDao.selectList[0;39m:135 [2m:[0;39m ==>  Preparing: SELECT id,model_title,model_datetime,model_id,model_url,model_code,is_child,model_icon,model_sort,model_ismenu,model_parent_ids,app_id,create_by,create_date,del,update_by,update_date FROM model
[2m2025-04-14 13:38:58.506[0;39m [[32mDEBUG[0;39m] [35m88914[0;39m [2m[nio-8080-exec-4 ][0;39m [32mnet.mingsoft.basic.dao.IModelDao.selectList[0;39m:135 [2m:[0;39m ==> Parameters: 
[2m2025-04-14 13:38:58.508[0;39m [[32mDEBUG[0;39m] [35m88914[0;39m [2m[nio-8080-exec-4 ][0;39m [32mnet.mingsoft.basic.dao.IModelDao.selectList[0;39m:135 [2m:[0;39m <==      Total: 94
[2m2025-04-14 13:38:58.509[0;39m [[32mDEBUG[0;39m] [35m88914[0;39m [2m[nio-8080-exec-4 ][0;39m [32mnet.mingsoft.basic.dao.IManagerDao[0;39m:60 [2m:[0;39m Cache Hit Ratio [net.mingsoft.basic.dao.IManagerDao]: 0.9428571428571428
[2m2025-04-14 13:38:58.509[0;39m [[32mDEBUG[0;39m] [35m88914[0;39m [2m[nio-8080-exec-4 ][0;39m [32mnet.mingsoft.basic.dao.IModelDao.selectList[0;39m:135 [2m:[0;39m ==>  Preparing: SELECT id,model_title,model_datetime,model_id,model_url,model_code,is_child,model_icon,model_sort,model_ismenu,model_parent_ids,app_id,create_by,create_date,del,update_by,update_date FROM model
[2m2025-04-14 13:38:58.509[0;39m [[32mDEBUG[0;39m] [35m88914[0;39m [2m[nio-8080-exec-4 ][0;39m [32mnet.mingsoft.basic.dao.IModelDao.selectList[0;39m:135 [2m:[0;39m ==> Parameters: 
[2m2025-04-14 13:38:58.511[0;39m [[32mDEBUG[0;39m] [35m88914[0;39m [2m[nio-8080-exec-4 ][0;39m [32mnet.mingsoft.basic.dao.IModelDao.selectList[0;39m:135 [2m:[0;39m <==      Total: 94
[2m2025-04-14 13:38:58.512[0;39m [[32mDEBUG[0;39m] [35m88914[0;39m [2m[nio-8080-exec-4 ][0;39m [32mnet.mingsoft.basic.dao.IManagerDao[0;39m:60 [2m:[0;39m Cache Hit Ratio [net.mingsoft.basic.dao.IManagerDao]: 0.9444444444444444
[2m2025-04-14 13:38:58.512[0;39m [[32mDEBUG[0;39m] [35m88914[0;39m [2m[nio-8080-exec-4 ][0;39m [32mnet.mingsoft.basic.dao.IModelDao.selectList[0;39m:135 [2m:[0;39m ==>  Preparing: SELECT id,model_title,model_datetime,model_id,model_url,model_code,is_child,model_icon,model_sort,model_ismenu,model_parent_ids,app_id,create_by,create_date,del,update_by,update_date FROM model
[2m2025-04-14 13:38:58.512[0;39m [[32mDEBUG[0;39m] [35m88914[0;39m [2m[nio-8080-exec-4 ][0;39m [32mnet.mingsoft.basic.dao.IModelDao.selectList[0;39m:135 [2m:[0;39m ==> Parameters: 
[2m2025-04-14 13:38:58.514[0;39m [[32mDEBUG[0;39m] [35m88914[0;39m [2m[nio-8080-exec-4 ][0;39m [32mnet.mingsoft.basic.dao.IModelDao.selectList[0;39m:135 [2m:[0;39m <==      Total: 94
[2m2025-04-14 13:38:58.519[0;39m [[32mDEBUG[0;39m] [35m88914[0;39m [2m[nio-8080-exec-4 ][0;39m [32mnet.mingsoft.basic.dao.IManagerDao[0;39m:60 [2m:[0;39m Cache Hit Ratio [net.mingsoft.basic.dao.IManagerDao]: 0.9459459459459459
[2m2025-04-14 13:38:58.519[0;39m [[32mDEBUG[0;39m] [35m88914[0;39m [2m[nio-8080-exec-4 ][0;39m [32mnet.mingsoft.basic.dao.IModelDao.selectList[0;39m:135 [2m:[0;39m ==>  Preparing: SELECT id,model_title,model_datetime,model_id,model_url,model_code,is_child,model_icon,model_sort,model_ismenu,model_parent_ids,app_id,create_by,create_date,del,update_by,update_date FROM model
[2m2025-04-14 13:38:58.520[0;39m [[32mDEBUG[0;39m] [35m88914[0;39m [2m[nio-8080-exec-4 ][0;39m [32mnet.mingsoft.basic.dao.IModelDao.selectList[0;39m:135 [2m:[0;39m ==> Parameters: 
[2m2025-04-14 13:38:58.522[0;39m [[32mDEBUG[0;39m] [35m88914[0;39m [2m[nio-8080-exec-4 ][0;39m [32mnet.mingsoft.basic.dao.IModelDao.selectList[0;39m:135 [2m:[0;39m <==      Total: 94
[2m2025-04-14 13:38:58.588[0;39m [[32mDEBUG[0;39m] [35m88914[0;39m [2m[nio-8080-exec-7 ][0;39m [32mnet.mingsoft.cms.dao.ICategoryDao.selectList[0;39m:135 [2m:[0;39m ==>  Preparing: SELECT id,category_title,category_short_title,category_pinyin,category_id,category_type,category_sort,category_list_url,category_url,category_keyword,category_descrip,category_img,category_ico,category_display,category_is_search,category_diy_url,mdiy_model_id,mdiy_category_model_id,dict_id,category_flag,category_path,category_parent_ids,leaf,top_id,is_child,create_by,create_date,del,update_by,update_date FROM cms_category WHERE del=?
[2m2025-04-14 13:38:58.588[0;39m [[32mDEBUG[0;39m] [35m88914[0;39m [2m[nio-8080-exec-1 ][0;39m [32mnet.mingsoft.basic.util.BasicUtil[0;39m:349 [2m:[0;39m server:localhost,basePath:http://localhost:8080/
[2m2025-04-14 13:38:58.589[0;39m [[32mDEBUG[0;39m] [35m88914[0;39m [2m[nio-8080-exec-1 ][0;39m [32mnet.mingsoft.basic.util.BasicUtil[0;39m:349 [2m:[0;39m server:localhost,basePath:http://localhost:8080/
[2m2025-04-14 13:38:58.589[0;39m [[32mDEBUG[0;39m] [35m88914[0;39m [2m[nio-8080-exec-1 ][0;39m [32mnet.mingsoft.basic.util.BasicUtil[0;39m:893 [2m:[0;39m filePath template/1/
[2m2025-04-14 13:38:58.589[0;39m [[32mDEBUG[0;39m] [35m88914[0;39m [2m[nio-8080-exec-1 ][0;39m [32mnet.mingsoft.basic.util.BasicUtil[0;39m:895 [2m:[0;39m classPath /Users/unk/ssd/IdeaProjects/github/MCMS/target/classes/
[2m2025-04-14 13:38:58.589[0;39m [[32mDEBUG[0;39m] [35m88914[0;39m [2m[nio-8080-exec-1 ][0;39m [32mnet.mingsoft.basic.util.BasicUtil[0;39m:899 [2m:[0;39m servlet org.apache.catalina.core.ApplicationContextFacade@285e936c
[2m2025-04-14 13:38:58.589[0;39m [[32mDEBUG[0;39m] [35m88914[0;39m [2m[nio-8080-exec-7 ][0;39m [32mnet.mingsoft.cms.dao.ICategoryDao.selectList[0;39m:135 [2m:[0;39m ==> Parameters: 0(Integer)
[2m2025-04-14 13:38:58.589[0;39m [[32mDEBUG[0;39m] [35m88914[0;39m [2m[nio-8080-exec-1 ][0;39m [32mnet.mingsoft.basic.util.BasicUtil[0;39m:901 [2m:[0;39m path /Users/unk/ssd/IdeaProjects/github/MCMS/src/main/webapp/
[2m2025-04-14 13:38:58.591[0;39m [[32mDEBUG[0;39m] [35m88914[0;39m [2m[nio-8080-exec-7 ][0;39m [32mnet.mingsoft.cms.dao.ICategoryDao.selectList[0;39m:135 [2m:[0;39m <==      Total: 16
[2m2025-04-14 13:38:58.591[0;39m [[32mDEBUG[0;39m] [35m88914[0;39m [2m[nio-8080-exec-7 ][0;39m [32mnet.mingsoft.basic.util.BasicUtil[0;39m:349 [2m:[0;39m server:localhost,basePath:http://localhost:8080/
[2m2025-04-14 13:38:58.592[0;39m [[32mDEBUG[0;39m] [35m88914[0;39m [2m[nio-8080-exec-7 ][0;39m [32mnet.mingsoft.basic.util.BasicUtil[0;39m:349 [2m:[0;39m server:localhost,basePath:http://localhost:8080/
[2m2025-04-14 13:38:58.592[0;39m [[32mDEBUG[0;39m] [35m88914[0;39m [2m[nio-8080-exec-7 ][0;39m [32mnet.mingsoft.basic.util.BasicUtil[0;39m:349 [2m:[0;39m server:localhost,basePath:http://localhost:8080/
[2m2025-04-14 13:38:58.592[0;39m [[32mDEBUG[0;39m] [35m88914[0;39m [2m[nio-8080-exec-7 ][0;39m [32mnet.mingsoft.basic.util.BasicUtil[0;39m:349 [2m:[0;39m server:localhost,basePath:http://localhost:8080/
[2m2025-04-14 13:38:58.592[0;39m [[32mDEBUG[0;39m] [35m88914[0;39m [2m[nio-8080-exec-7 ][0;39m [32mnet.mingsoft.basic.util.BasicUtil[0;39m:349 [2m:[0;39m server:localhost,basePath:http://localhost:8080/
[2m2025-04-14 13:38:58.592[0;39m [[32mDEBUG[0;39m] [35m88914[0;39m [2m[nio-8080-exec-7 ][0;39m [32mnet.mingsoft.basic.util.BasicUtil[0;39m:349 [2m:[0;39m server:localhost,basePath:http://localhost:8080/
[2m2025-04-14 13:38:58.592[0;39m [[32mDEBUG[0;39m] [35m88914[0;39m [2m[nio-8080-exec-7 ][0;39m [32mnet.mingsoft.basic.util.BasicUtil[0;39m:349 [2m:[0;39m server:localhost,basePath:http://localhost:8080/
[2m2025-04-14 13:38:58.592[0;39m [[32mDEBUG[0;39m] [35m88914[0;39m [2m[nio-8080-exec-7 ][0;39m [32mnet.mingsoft.basic.util.BasicUtil[0;39m:349 [2m:[0;39m server:localhost,basePath:http://localhost:8080/
[2m2025-04-14 13:38:58.593[0;39m [[32mDEBUG[0;39m] [35m88914[0;39m [2m[nio-8080-exec-7 ][0;39m [32mnet.mingsoft.basic.util.BasicUtil[0;39m:349 [2m:[0;39m server:localhost,basePath:http://localhost:8080/
[2m2025-04-14 13:38:58.593[0;39m [[32mDEBUG[0;39m] [35m88914[0;39m [2m[nio-8080-exec-7 ][0;39m [32mnet.mingsoft.basic.util.BasicUtil[0;39m:349 [2m:[0;39m server:localhost,basePath:http://localhost:8080/
[2m2025-04-14 13:38:58.593[0;39m [[32mDEBUG[0;39m] [35m88914[0;39m [2m[nio-8080-exec-7 ][0;39m [32mnet.mingsoft.basic.util.BasicUtil[0;39m:349 [2m:[0;39m server:localhost,basePath:http://localhost:8080/
[2m2025-04-14 13:38:58.593[0;39m [[32mDEBUG[0;39m] [35m88914[0;39m [2m[nio-8080-exec-7 ][0;39m [32mnet.mingsoft.basic.util.BasicUtil[0;39m:349 [2m:[0;39m server:localhost,basePath:http://localhost:8080/
[2m2025-04-14 13:38:58.593[0;39m [[32mDEBUG[0;39m] [35m88914[0;39m [2m[nio-8080-exec-7 ][0;39m [32mnet.mingsoft.basic.util.BasicUtil[0;39m:349 [2m:[0;39m server:localhost,basePath:http://localhost:8080/
[2m2025-04-14 13:38:58.594[0;39m [[32mDEBUG[0;39m] [35m88914[0;39m [2m[nio-8080-exec-7 ][0;39m [32mnet.mingsoft.basic.util.BasicUtil[0;39m:349 [2m:[0;39m server:localhost,basePath:http://localhost:8080/
[2m2025-04-14 13:38:58.594[0;39m [[32mDEBUG[0;39m] [35m88914[0;39m [2m[nio-8080-exec-7 ][0;39m [32mnet.mingsoft.basic.util.BasicUtil[0;39m:349 [2m:[0;39m server:localhost,basePath:http://localhost:8080/
[2m2025-04-14 13:38:58.594[0;39m [[32mDEBUG[0;39m] [35m88914[0;39m [2m[nio-8080-exec-7 ][0;39m [32mnet.mingsoft.basic.util.BasicUtil[0;39m:349 [2m:[0;39m server:localhost,basePath:http://localhost:8080/
[2m2025-04-14 13:39:05.629[0;39m [[32mDEBUG[0;39m] [35m88914[0;39m [2m[nio-8080-exec-6 ][0;39m [32mnet.mingsoft.basic.dao.IManagerDao[0;39m:60 [2m:[0;39m Cache Hit Ratio [net.mingsoft.basic.dao.IManagerDao]: 0.9473684210526315
[2m2025-04-14 13:39:05.629[0;39m [[32mDEBUG[0;39m] [35m88914[0;39m [2m[nio-8080-exec-6 ][0;39m [32mnet.mingsoft.basic.dao.IModelDao.selectList[0;39m:135 [2m:[0;39m ==>  Preparing: SELECT id,model_title,model_datetime,model_id,model_url,model_code,is_child,model_icon,model_sort,model_ismenu,model_parent_ids,app_id,create_by,create_date,del,update_by,update_date FROM model
[2m2025-04-14 13:39:05.630[0;39m [[32mDEBUG[0;39m] [35m88914[0;39m [2m[nio-8080-exec-6 ][0;39m [32mnet.mingsoft.basic.dao.IModelDao.selectList[0;39m:135 [2m:[0;39m ==> Parameters: 
[2m2025-04-14 13:39:05.632[0;39m [[32mDEBUG[0;39m] [35m88914[0;39m [2m[nio-8080-exec-6 ][0;39m [32mnet.mingsoft.basic.dao.IModelDao.selectList[0;39m:135 [2m:[0;39m <==      Total: 94
[2m2025-04-14 13:39:05.633[0;39m [[32mDEBUG[0;39m] [35m88914[0;39m [2m[nio-8080-exec-6 ][0;39m [32mnet.mingsoft.basic.dao.IManagerDao[0;39m:60 [2m:[0;39m Cache Hit Ratio [net.mingsoft.basic.dao.IManagerDao]: 0.9487179487179487
[2m2025-04-14 13:39:05.633[0;39m [[32mDEBUG[0;39m] [35m88914[0;39m [2m[nio-8080-exec-6 ][0;39m [32mnet.mingsoft.basic.dao.IModelDao.selectList[0;39m:135 [2m:[0;39m ==>  Preparing: SELECT id,model_title,model_datetime,model_id,model_url,model_code,is_child,model_icon,model_sort,model_ismenu,model_parent_ids,app_id,create_by,create_date,del,update_by,update_date FROM model
[2m2025-04-14 13:39:05.633[0;39m [[32mDEBUG[0;39m] [35m88914[0;39m [2m[nio-8080-exec-6 ][0;39m [32mnet.mingsoft.basic.dao.IModelDao.selectList[0;39m:135 [2m:[0;39m ==> Parameters: 
[2m2025-04-14 13:39:05.635[0;39m [[32mDEBUG[0;39m] [35m88914[0;39m [2m[nio-8080-exec-6 ][0;39m [32mnet.mingsoft.basic.dao.IModelDao.selectList[0;39m:135 [2m:[0;39m <==      Total: 94
[2m2025-04-14 13:39:05.637[0;39m [[32mDEBUG[0;39m] [35m88914[0;39m [2m[nio-8080-exec-6 ][0;39m [32mnet.mingsoft.basic.dao.IManagerDao[0;39m:60 [2m:[0;39m Cache Hit Ratio [net.mingsoft.basic.dao.IManagerDao]: 0.95
[2m2025-04-14 13:39:05.638[0;39m [[32mDEBUG[0;39m] [35m88914[0;39m [2m[nio-8080-exec-6 ][0;39m [32mnet.mingsoft.basic.dao.IModelDao.selectList[0;39m:135 [2m:[0;39m ==>  Preparing: SELECT id,model_title,model_datetime,model_id,model_url,model_code,is_child,model_icon,model_sort,model_ismenu,model_parent_ids,app_id,create_by,create_date,del,update_by,update_date FROM model
[2m2025-04-14 13:39:05.638[0;39m [[32mDEBUG[0;39m] [35m88914[0;39m [2m[nio-8080-exec-6 ][0;39m [32mnet.mingsoft.basic.dao.IModelDao.selectList[0;39m:135 [2m:[0;39m ==> Parameters: 
[2m2025-04-14 13:39:05.640[0;39m [[32mDEBUG[0;39m] [35m88914[0;39m [2m[nio-8080-exec-6 ][0;39m [32mnet.mingsoft.basic.dao.IModelDao.selectList[0;39m:135 [2m:[0;39m <==      Total: 94
[2m2025-04-14 13:39:05.641[0;39m [[32mDEBUG[0;39m] [35m88914[0;39m [2m[nio-8080-exec-6 ][0;39m [32mnet.mingsoft.basic.dao.IManagerDao[0;39m:60 [2m:[0;39m Cache Hit Ratio [net.mingsoft.basic.dao.IManagerDao]: 0.9512195121951219
[2m2025-04-14 13:39:05.642[0;39m [[32mDEBUG[0;39m] [35m88914[0;39m [2m[nio-8080-exec-6 ][0;39m [32mnet.mingsoft.basic.dao.IModelDao.selectList[0;39m:135 [2m:[0;39m ==>  Preparing: SELECT id,model_title,model_datetime,model_id,model_url,model_code,is_child,model_icon,model_sort,model_ismenu,model_parent_ids,app_id,create_by,create_date,del,update_by,update_date FROM model
[2m2025-04-14 13:39:05.642[0;39m [[32mDEBUG[0;39m] [35m88914[0;39m [2m[nio-8080-exec-6 ][0;39m [32mnet.mingsoft.basic.dao.IModelDao.selectList[0;39m:135 [2m:[0;39m ==> Parameters: 
[2m2025-04-14 13:39:05.645[0;39m [[32mDEBUG[0;39m] [35m88914[0;39m [2m[nio-8080-exec-6 ][0;39m [32mnet.mingsoft.basic.dao.IModelDao.selectList[0;39m:135 [2m:[0;39m <==      Total: 94
[2m2025-04-14 13:39:05.646[0;39m [[32mDEBUG[0;39m] [35m88914[0;39m [2m[nio-8080-exec-6 ][0;39m [32mnet.mingsoft.basic.dao.IManagerDao[0;39m:60 [2m:[0;39m Cache Hit Ratio [net.mingsoft.basic.dao.IManagerDao]: 0.9523809523809523
[2m2025-04-14 13:39:05.646[0;39m [[32mDEBUG[0;39m] [35m88914[0;39m [2m[nio-8080-exec-6 ][0;39m [32mnet.mingsoft.basic.dao.IModelDao.selectList[0;39m:135 [2m:[0;39m ==>  Preparing: SELECT id,model_title,model_datetime,model_id,model_url,model_code,is_child,model_icon,model_sort,model_ismenu,model_parent_ids,app_id,create_by,create_date,del,update_by,update_date FROM model
[2m2025-04-14 13:39:05.646[0;39m [[32mDEBUG[0;39m] [35m88914[0;39m [2m[nio-8080-exec-6 ][0;39m [32mnet.mingsoft.basic.dao.IModelDao.selectList[0;39m:135 [2m:[0;39m ==> Parameters: 
[2m2025-04-14 13:39:05.648[0;39m [[32mDEBUG[0;39m] [35m88914[0;39m [2m[nio-8080-exec-6 ][0;39m [32mnet.mingsoft.basic.dao.IModelDao.selectList[0;39m:135 [2m:[0;39m <==      Total: 94
[2m2025-04-14 13:39:05.650[0;39m [[32mDEBUG[0;39m] [35m88914[0;39m [2m[nio-8080-exec-6 ][0;39m [32mnet.mingsoft.basic.dao.IManagerDao[0;39m:60 [2m:[0;39m Cache Hit Ratio [net.mingsoft.basic.dao.IManagerDao]: 0.9534883720930233
[2m2025-04-14 13:39:05.651[0;39m [[32mDEBUG[0;39m] [35m88914[0;39m [2m[nio-8080-exec-6 ][0;39m [32mnet.mingsoft.basic.dao.IModelDao.selectList[0;39m:135 [2m:[0;39m ==>  Preparing: SELECT id,model_title,model_datetime,model_id,model_url,model_code,is_child,model_icon,model_sort,model_ismenu,model_parent_ids,app_id,create_by,create_date,del,update_by,update_date FROM model
[2m2025-04-14 13:39:05.651[0;39m [[32mDEBUG[0;39m] [35m88914[0;39m [2m[nio-8080-exec-6 ][0;39m [32mnet.mingsoft.basic.dao.IModelDao.selectList[0;39m:135 [2m:[0;39m ==> Parameters: 
[2m2025-04-14 13:39:05.653[0;39m [[32mDEBUG[0;39m] [35m88914[0;39m [2m[nio-8080-exec-6 ][0;39m [32mnet.mingsoft.basic.dao.IModelDao.selectList[0;39m:135 [2m:[0;39m <==      Total: 94
[2m2025-04-14 13:39:05.662[0;39m [[32mDEBUG[0;39m] [35m88914[0;39m [2m[nio-8080-exec-6 ][0;39m [32mnet.mingsoft.basic.util.BasicUtil[0;39m:349 [2m:[0;39m server:localhost,basePath:http://localhost:8080/
[2m2025-04-14 13:39:05.662[0;39m [[32mDEBUG[0;39m] [35m88914[0;39m [2m[nio-8080-exec-6 ][0;39m [32mnet.mingsoft.basic.util.BasicUtil[0;39m:349 [2m:[0;39m server:localhost,basePath:http://localhost:8080/
[2m2025-04-14 13:39:05.662[0;39m [[32mDEBUG[0;39m] [35m88914[0;39m [2m[nio-8080-exec-6 ][0;39m [32mnet.mingsoft.basic.util.BasicUtil[0;39m:893 [2m:[0;39m filePath template/1/default
[2m2025-04-14 13:39:05.662[0;39m [[32mDEBUG[0;39m] [35m88914[0;39m [2m[nio-8080-exec-6 ][0;39m [32mnet.mingsoft.basic.util.BasicUtil[0;39m:895 [2m:[0;39m classPath /Users/unk/ssd/IdeaProjects/github/MCMS/target/classes/
[2m2025-04-14 13:39:05.662[0;39m [[32mDEBUG[0;39m] [35m88914[0;39m [2m[nio-8080-exec-6 ][0;39m [32mnet.mingsoft.basic.util.BasicUtil[0;39m:899 [2m:[0;39m servlet org.apache.catalina.core.ApplicationContextFacade@285e936c
[2m2025-04-14 13:39:05.662[0;39m [[32mDEBUG[0;39m] [35m88914[0;39m [2m[nio-8080-exec-6 ][0;39m [32mnet.mingsoft.basic.util.BasicUtil[0;39m:901 [2m:[0;39m path /Users/unk/ssd/IdeaProjects/github/MCMS/src/main/webapp/
[2m2025-04-14 13:39:05.663[0;39m [[32mDEBUG[0;39m] [35m88914[0;39m [2m[nio-8080-exec-6 ][0;39m [32mnet.mingsoft.basic.util.BasicUtil[0;39m:349 [2m:[0;39m server:localhost,basePath:http://localhost:8080/
[2m2025-04-14 13:39:05.663[0;39m [[32mDEBUG[0;39m] [35m88914[0;39m [2m[nio-8080-exec-6 ][0;39m [32mnet.mingsoft.basic.util.BasicUtil[0;39m:349 [2m:[0;39m server:localhost,basePath:http://localhost:8080/
[2m2025-04-14 13:39:05.664[0;39m [[32mDEBUG[0;39m] [35m88914[0;39m [2m[nio-8080-exec-6 ][0;39m [32mnet.mingsoft.basic.util.BasicUtil[0;39m:349 [2m:[0;39m server:localhost,basePath:http://localhost:8080/
[2m2025-04-14 13:39:05.664[0;39m [[32mDEBUG[0;39m] [35m88914[0;39m [2m[nio-8080-exec-6 ][0;39m [32mnet.mingsoft.basic.util.BasicUtil[0;39m:349 [2m:[0;39m server:localhost,basePath:http://localhost:8080/
[2m2025-04-14 13:39:05.664[0;39m [[32mDEBUG[0;39m] [35m88914[0;39m [2m[nio-8080-exec-6 ][0;39m [32mnet.mingsoft.basic.util.BasicUtil[0;39m:893 [2m:[0;39m filePath template/1/default
[2m2025-04-14 13:39:05.664[0;39m [[32mDEBUG[0;39m] [35m88914[0;39m [2m[nio-8080-exec-6 ][0;39m [32mnet.mingsoft.basic.util.BasicUtil[0;39m:895 [2m:[0;39m classPath /Users/unk/ssd/IdeaProjects/github/MCMS/target/classes/
[2m2025-04-14 13:39:05.664[0;39m [[32mDEBUG[0;39m] [35m88914[0;39m [2m[nio-8080-exec-6 ][0;39m [32mnet.mingsoft.basic.util.BasicUtil[0;39m:899 [2m:[0;39m servlet org.apache.catalina.core.ApplicationContextFacade@285e936c
[2m2025-04-14 13:39:05.664[0;39m [[32mDEBUG[0;39m] [35m88914[0;39m [2m[nio-8080-exec-6 ][0;39m [32mnet.mingsoft.basic.util.BasicUtil[0;39m:901 [2m:[0;39m path /Users/unk/ssd/IdeaProjects/github/MCMS/src/main/webapp/
[2m2025-04-14 13:39:05.677[0;39m [[32mDEBUG[0;39m] [35m88914[0;39m [2m[nio-8080-exec-6 ][0;39m [32mnet.mingsoft.mdiy.dao.ITagDao.selectList[0;39m:135 [2m:[0;39m ==>  Preparing: SELECT id,tag_name,tag_type,not_del,tag_sql,tag_class,tag_description,model_id,app_id,create_by,create_date,del,update_by,update_date FROM mdiy_tag
[2m2025-04-14 13:39:05.678[0;39m [[32mDEBUG[0;39m] [35m88914[0;39m [2m[nio-8080-exec-6 ][0;39m [32mnet.mingsoft.mdiy.dao.ITagDao.selectList[0;39m:135 [2m:[0;39m ==> Parameters: 
[2m2025-04-14 13:39:05.683[0;39m [[32mDEBUG[0;39m] [35m88914[0;39m [2m[nio-8080-exec-6 ][0;39m [32mnet.mingsoft.mdiy.dao.ITagDao.selectList[0;39m:135 [2m:[0;39m <==      Total: 12
[2m2025-04-14 13:39:05.718[0;39m [[32mDEBUG[0;39m] [35m88914[0;39m [2m[nio-8080-exec-6 ][0;39m [32mnet.mingsoft.mdiy.biz.impl.TagBizImpl[0;39m:86 [2m:[0;39m queryForList sql:select
  APP_NAME as "name",
  app_logo as "logo",
  app_keyword as "keyword",
  app_description as "descrip",
  app_copyright as "copyright",
  '' as "contextpath",
      CONCAT(CONCAT('http://localhost:8080/','html/'),'web/') as "url",
      CONCAT(CONCAT('/html','/web'),'/') as "html",
    'http://localhost:8080/' as "host",
    CONCAT(CONCAT(CONCAT(CONCAT('template/',id),'/'),app_style),'/') as "style"
from app

[2m2025-04-14 13:39:05.754[0;39m [[32mDEBUG[0;39m] [35m88914[0;39m [2m[nio-8080-exec-6 ][0;39m [32mnet.mingsoft.mdiy.biz.impl.TagBizImpl[0;39m:86 [2m:[0;39m queryForList sql:

SELECT
    GROUP_CONCAT(DISTINCT content_tags ) AS tags
FROM
    cms_content
LEFT JOIN cms_category ON cms_content.category_id = cms_category.id
WHERE
  cms_category.category_display = 'enable'
  AND cms_content.del = 0
  AND cms_content.content_display = '0'
  AND LENGTH( cms_content.content_tags )>0
ORDER BY CONTENT_HIT DESC
Limit 99
[2m2025-04-14 13:39:05.761[0;39m [[32mDEBUG[0;39m] [35m88914[0;39m [2m[nio-8080-exec-6 ][0;39m [32mnet.mingsoft.mdiy.dao.ITagDao.selectList[0;39m:135 [2m:[0;39m ==>  Preparing: SELECT id,tag_name,tag_type,not_del,tag_sql,tag_class,tag_description,model_id,app_id,create_by,create_date,del,update_by,update_date FROM mdiy_tag WHERE (tag_type = ? AND tag_class = ?)
[2m2025-04-14 13:39:05.762[0;39m [[32mDEBUG[0;39m] [35m88914[0;39m [2m[nio-8080-exec-6 ][0;39m [32mnet.mingsoft.mdiy.dao.ITagDao.selectList[0;39m:135 [2m:[0;39m ==> Parameters: global(String), globalTagService(String)
[2m2025-04-14 13:39:05.764[0;39m [[32mDEBUG[0;39m] [35m88914[0;39m [2m[nio-8080-exec-6 ][0;39m [32mnet.mingsoft.mdiy.dao.ITagDao.selectList[0;39m:135 [2m:[0;39m <==      Total: 1
[2m2025-04-14 13:39:05.773[0;39m [[32mDEBUG[0;39m] [35m88914[0;39m [2m[nio-8080-exec-6 ][0;39m [32mnet.mingsoft.mdiy.dao.IConfigDao.selectList[0;39m:135 [2m:[0;39m ==>  Preparing: SELECT id,not_del,model_id,config_name,config_data,config_type,app_id,create_by,create_date,del,update_by,update_date FROM mdiy_config WHERE (config_type = ?)
[2m2025-04-14 13:39:05.774[0;39m [[32mDEBUG[0;39m] [35m88914[0;39m [2m[nio-8080-exec-6 ][0;39m [32mnet.mingsoft.mdiy.dao.IConfigDao.selectList[0;39m:135 [2m:[0;39m ==> Parameters: tag(String)
[2m2025-04-14 13:39:05.775[0;39m [[32mDEBUG[0;39m] [35m88914[0;39m [2m[nio-8080-exec-6 ][0;39m [32mnet.mingsoft.mdiy.dao.IConfigDao.selectList[0;39m:135 [2m:[0;39m <==      Total: 1
[2m2025-04-14 13:39:05.790[0;39m [[32mDEBUG[0;39m] [35m88914[0;39m [2m[nio-8080-exec-6 ][0;39m [32mnet.mingsoft.mdiy.biz.impl.TagBizImpl[0;39m:86 [2m:[0;39m queryForList sql:

select
    cms_category.id as "id",
    cms_category.id as "typeid",
    cms_category.category_title as "typetitle",
    cms_category.category_short_title as "typeshorttitle",
            CONCAT(cms_category.category_path,'/index.html') as "typelink",
    cms_category.category_keyword as "typekeyword",
    cms_category.category_diy_url as "typeurl",
    cms_category.category_flag as "flag",
    cms_category.category_id as "parentid",
    cms_category.category_parent_ids as "parentids",
    cms_category.category_descrip as "typedescrip",
    cms_category.category_type as "type",
    cms_category.category_path as "typepath",
    cms_category.leaf as "typeleaf",
    cms_category.category_img as "typelitpic" ,
    cms_category.category_ico as "typeico" ,
    
    ( SELECT count(*) FROM cms_category cc WHERE cc.category_id = cms_category.id AND cc.del = 0 ) AS "childsize"
from
    cms_category

where
    cms_category.del=0
    and  cms_category.category_display = 'enable'
    and  cms_category.is_child = 'cms'

    and
    (
    
    FIND_IN_SET('n',cms_category.category_flag)>0
    )



    and(cms_category.category_id is null)


    
    ORDER BY
             cms_category.category_sort
            
LIMIT
9999
[2m2025-04-14 13:39:05.809[0;39m [[32mDEBUG[0;39m] [35m88914[0;39m [2m[nio-8080-exec-6 ][0;39m [32mnet.mingsoft.mdiy.biz.impl.TagBizImpl[0;39m:86 [2m:[0;39m queryForList sql:

select
    cms_category.id as "id",
    cms_category.id as "typeid",
    cms_category.category_title as "typetitle",
    cms_category.category_short_title as "typeshorttitle",
            CONCAT(cms_category.category_path,'/index.html') as "typelink",
    cms_category.category_keyword as "typekeyword",
    cms_category.category_diy_url as "typeurl",
    cms_category.category_flag as "flag",
    cms_category.category_id as "parentid",
    cms_category.category_parent_ids as "parentids",
    cms_category.category_descrip as "typedescrip",
    cms_category.category_type as "type",
    cms_category.category_path as "typepath",
    cms_category.leaf as "typeleaf",
    cms_category.category_img as "typelitpic" ,
    cms_category.category_ico as "typeico" ,
    
    ( SELECT count(*) FROM cms_category cc WHERE cc.category_id = cms_category.id AND cc.del = 0 ) AS "childsize"
from
    cms_category

where
    cms_category.del=0
    and  cms_category.category_display = 'enable'
    and  cms_category.is_child = 'cms'




    and cms_category.category_id='1666653706550321152'


    

LIMIT
9999
[2m2025-04-14 13:39:05.827[0;39m [[32mDEBUG[0;39m] [35m88914[0;39m [2m[nio-8080-exec-6 ][0;39m [32mnet.mingsoft.mdiy.biz.impl.TagBizImpl[0;39m:86 [2m:[0;39m queryForList sql:

select
    cms_category.id as "id",
    cms_category.id as "typeid",
    cms_category.category_title as "typetitle",
    cms_category.category_short_title as "typeshorttitle",
            CONCAT(cms_category.category_path,'/index.html') as "typelink",
    cms_category.category_keyword as "typekeyword",
    cms_category.category_diy_url as "typeurl",
    cms_category.category_flag as "flag",
    cms_category.category_id as "parentid",
    cms_category.category_parent_ids as "parentids",
    cms_category.category_descrip as "typedescrip",
    cms_category.category_type as "type",
    cms_category.category_path as "typepath",
    cms_category.leaf as "typeleaf",
    cms_category.category_img as "typelitpic" ,
    cms_category.category_ico as "typeico" ,
    
    ( SELECT count(*) FROM cms_category cc WHERE cc.category_id = cms_category.id AND cc.del = 0 ) AS "childsize"
from
    cms_category

where
    cms_category.del=0
    and  cms_category.category_display = 'enable'
    and  cms_category.is_child = 'cms'




    and cms_category.category_id='1666653706550321163'


    

LIMIT
9999
[2m2025-04-14 13:39:05.833[0;39m [[32mDEBUG[0;39m] [35m88914[0;39m [2m[nio-8080-exec-6 ][0;39m [32mnet.mingsoft.mdiy.biz.impl.TagBizImpl[0;39m:86 [2m:[0;39m queryForList sql:

select
    cms_category.id as "id",
    cms_category.id as "typeid",
    cms_category.category_title as "typetitle",
    cms_category.category_short_title as "typeshorttitle",
            CONCAT(cms_category.category_path,'/index.html') as "typelink",
    cms_category.category_keyword as "typekeyword",
    cms_category.category_diy_url as "typeurl",
    cms_category.category_flag as "flag",
    cms_category.category_id as "parentid",
    cms_category.category_parent_ids as "parentids",
    cms_category.category_descrip as "typedescrip",
    cms_category.category_type as "type",
    cms_category.category_path as "typepath",
    cms_category.leaf as "typeleaf",
    cms_category.category_img as "typelitpic" ,
    cms_category.category_ico as "typeico" ,
    
    ( SELECT count(*) FROM cms_category cc WHERE cc.category_id = cms_category.id AND cc.del = 0 ) AS "childsize"
from
    cms_category

where
    cms_category.del=0
    and  cms_category.category_display = 'enable'
    and  cms_category.is_child = 'cms'




    and cms_category.category_id='1666653706550321153'


    

LIMIT
9999
[2m2025-04-14 13:39:05.837[0;39m [[32mDEBUG[0;39m] [35m88914[0;39m [2m[nio-8080-exec-6 ][0;39m [32mnet.mingsoft.mdiy.biz.impl.TagBizImpl[0;39m:86 [2m:[0;39m queryForList sql:

select
    cms_category.id as "id",
    cms_category.id as "typeid",
    cms_category.category_title as "typetitle",
    cms_category.category_short_title as "typeshorttitle",
            CONCAT(cms_category.category_path,'/index.html') as "typelink",
    cms_category.category_keyword as "typekeyword",
    cms_category.category_diy_url as "typeurl",
    cms_category.category_flag as "flag",
    cms_category.category_id as "parentid",
    cms_category.category_parent_ids as "parentids",
    cms_category.category_descrip as "typedescrip",
    cms_category.category_type as "type",
    cms_category.category_path as "typepath",
    cms_category.leaf as "typeleaf",
    cms_category.category_img as "typelitpic" ,
    cms_category.category_ico as "typeico" ,
    
    ( SELECT count(*) FROM cms_category cc WHERE cc.category_id = cms_category.id AND cc.del = 0 ) AS "childsize"
from
    cms_category

where
    cms_category.del=0
    and  cms_category.category_display = 'enable'
    and  cms_category.is_child = 'cms'




    and cms_category.category_id='1666653706550321154'


    

LIMIT
9999
[2m2025-04-14 13:39:05.843[0;39m [[32mDEBUG[0;39m] [35m88914[0;39m [2m[nio-8080-exec-6 ][0;39m [32mnet.mingsoft.mdiy.biz.impl.TagBizImpl[0;39m:86 [2m:[0;39m queryForList sql:

select
    cms_category.id as "id",
    cms_category.id as "typeid",
    cms_category.category_title as "typetitle",
    cms_category.category_short_title as "typeshorttitle",
            CONCAT(cms_category.category_path,'/index.html') as "typelink",
    cms_category.category_keyword as "typekeyword",
    cms_category.category_diy_url as "typeurl",
    cms_category.category_flag as "flag",
    cms_category.category_id as "parentid",
    cms_category.category_parent_ids as "parentids",
    cms_category.category_descrip as "typedescrip",
    cms_category.category_type as "type",
    cms_category.category_path as "typepath",
    cms_category.leaf as "typeleaf",
    cms_category.category_img as "typelitpic" ,
    cms_category.category_ico as "typeico" ,
    
    ( SELECT count(*) FROM cms_category cc WHERE cc.category_id = cms_category.id AND cc.del = 0 ) AS "childsize"
from
    cms_category

where
    cms_category.del=0
    and  cms_category.category_display = 'enable'
    and  cms_category.is_child = 'cms'

    and
    (
    
    FIND_IN_SET('n',cms_category.category_flag)>0
    )



    and(cms_category.category_id is null)


    
    ORDER BY
             cms_category.category_sort
            
LIMIT
9999
[2m2025-04-14 13:39:05.847[0;39m [[32mDEBUG[0;39m] [35m88914[0;39m [2m[nio-8080-exec-6 ][0;39m [32mnet.mingsoft.mdiy.biz.impl.TagBizImpl[0;39m:86 [2m:[0;39m queryForList sql:

select
    cms_category.id as "id",
    cms_category.id as "typeid",
    cms_category.category_title as "typetitle",
    cms_category.category_short_title as "typeshorttitle",
            CONCAT(cms_category.category_path,'/index.html') as "typelink",
    cms_category.category_keyword as "typekeyword",
    cms_category.category_diy_url as "typeurl",
    cms_category.category_flag as "flag",
    cms_category.category_id as "parentid",
    cms_category.category_parent_ids as "parentids",
    cms_category.category_descrip as "typedescrip",
    cms_category.category_type as "type",
    cms_category.category_path as "typepath",
    cms_category.leaf as "typeleaf",
    cms_category.category_img as "typelitpic" ,
    cms_category.category_ico as "typeico" ,
    
    ( SELECT count(*) FROM cms_category cc WHERE cc.category_id = cms_category.id AND cc.del = 0 ) AS "childsize"
from
    cms_category

where
    cms_category.del=0
    and  cms_category.category_display = 'enable'
    and  cms_category.is_child = 'cms'




    and cms_category.category_id='1666653706550321152'


    

LIMIT
9999
[2m2025-04-14 13:39:05.851[0;39m [[32mDEBUG[0;39m] [35m88914[0;39m [2m[nio-8080-exec-6 ][0;39m [32mnet.mingsoft.mdiy.biz.impl.TagBizImpl[0;39m:86 [2m:[0;39m queryForList sql:

select
    cms_category.id as "id",
    cms_category.id as "typeid",
    cms_category.category_title as "typetitle",
    cms_category.category_short_title as "typeshorttitle",
            CONCAT(cms_category.category_path,'/index.html') as "typelink",
    cms_category.category_keyword as "typekeyword",
    cms_category.category_diy_url as "typeurl",
    cms_category.category_flag as "flag",
    cms_category.category_id as "parentid",
    cms_category.category_parent_ids as "parentids",
    cms_category.category_descrip as "typedescrip",
    cms_category.category_type as "type",
    cms_category.category_path as "typepath",
    cms_category.leaf as "typeleaf",
    cms_category.category_img as "typelitpic" ,
    cms_category.category_ico as "typeico" ,
    
    ( SELECT count(*) FROM cms_category cc WHERE cc.category_id = cms_category.id AND cc.del = 0 ) AS "childsize"
from
    cms_category

where
    cms_category.del=0
    and  cms_category.category_display = 'enable'
    and  cms_category.is_child = 'cms'




    and cms_category.category_id='1666653706550321163'


    

LIMIT
9999
[2m2025-04-14 13:39:05.855[0;39m [[32mDEBUG[0;39m] [35m88914[0;39m [2m[nio-8080-exec-6 ][0;39m [32mnet.mingsoft.mdiy.biz.impl.TagBizImpl[0;39m:86 [2m:[0;39m queryForList sql:

select
    cms_category.id as "id",
    cms_category.id as "typeid",
    cms_category.category_title as "typetitle",
    cms_category.category_short_title as "typeshorttitle",
            CONCAT(cms_category.category_path,'/index.html') as "typelink",
    cms_category.category_keyword as "typekeyword",
    cms_category.category_diy_url as "typeurl",
    cms_category.category_flag as "flag",
    cms_category.category_id as "parentid",
    cms_category.category_parent_ids as "parentids",
    cms_category.category_descrip as "typedescrip",
    cms_category.category_type as "type",
    cms_category.category_path as "typepath",
    cms_category.leaf as "typeleaf",
    cms_category.category_img as "typelitpic" ,
    cms_category.category_ico as "typeico" ,
    
    ( SELECT count(*) FROM cms_category cc WHERE cc.category_id = cms_category.id AND cc.del = 0 ) AS "childsize"
from
    cms_category

where
    cms_category.del=0
    and  cms_category.category_display = 'enable'
    and  cms_category.is_child = 'cms'




    and cms_category.category_id='1666653706550321153'


    

LIMIT
9999
[2m2025-04-14 13:39:05.859[0;39m [[32mDEBUG[0;39m] [35m88914[0;39m [2m[nio-8080-exec-6 ][0;39m [32mnet.mingsoft.mdiy.biz.impl.TagBizImpl[0;39m:86 [2m:[0;39m queryForList sql:

select
    cms_category.id as "id",
    cms_category.id as "typeid",
    cms_category.category_title as "typetitle",
    cms_category.category_short_title as "typeshorttitle",
            CONCAT(cms_category.category_path,'/index.html') as "typelink",
    cms_category.category_keyword as "typekeyword",
    cms_category.category_diy_url as "typeurl",
    cms_category.category_flag as "flag",
    cms_category.category_id as "parentid",
    cms_category.category_parent_ids as "parentids",
    cms_category.category_descrip as "typedescrip",
    cms_category.category_type as "type",
    cms_category.category_path as "typepath",
    cms_category.leaf as "typeleaf",
    cms_category.category_img as "typelitpic" ,
    cms_category.category_ico as "typeico" ,
    
    ( SELECT count(*) FROM cms_category cc WHERE cc.category_id = cms_category.id AND cc.del = 0 ) AS "childsize"
from
    cms_category

where
    cms_category.del=0
    and  cms_category.category_display = 'enable'
    and  cms_category.is_child = 'cms'




    and cms_category.category_id='1666653706550321154'


    

LIMIT
9999
[2m2025-04-14 13:39:05.863[0;39m [[32mDEBUG[0;39m] [35m88914[0;39m [2m[nio-8080-exec-6 ][0;39m [32mnet.mingsoft.mdiy.biz.impl.TagBizImpl[0;39m:86 [2m:[0;39m queryForList sql:



SELECT
  cms_content.id AS "id",
  content_title AS "title",
  content_short_title AS "shorttitle",
  content_author AS "author",
  content_source AS "source",
  content_out_link AS "outlink",
  content_tags AS "tags",

  category.category_title AS "typetitle",
  category.category_short_title AS "typeshorttitle",
  category.id AS "typeid",
  category.category_path AS "typepath",
  category.category_img AS "typelitpic",
  category.category_ico AS "typeico",
  category.category_keyword as "typekeyword",
  category.top_id as "topid",
  category.category_id as "parentid",
  category.category_parent_ids as "parentids",
  category.category_type AS "type",
      CONCAT(category.category_path,'/index.html') AS "typelink",
  content_description AS "descrip",
  content_hit AS "hit",
  content_type AS "flag",
  cms_content.content_keyword AS "keyword",
  content_img AS "litpic",
        CONCAT(CONCAT( category.category_path, '/' ), CONCAT(CASE category_type WHEN  '2' THEN 'index' ELSE cms_content.id END , '.html' )) as "link",
  
  content_datetime AS "date"
FROM
  cms_content
LEFT JOIN
  cms_category as category
ON cms_content.category_id = category.id
WHERE
  content_display='0'
  and category_display='enable'
  and cms_content.del=0

        and (cms_content.category_id='1666653706550321162'
        or cms_content.category_id in (select id FROM cms_category where cms_category.del=0
        and FIND_IN_SET('1666653706550321162',CATEGORY_PARENT_IDS) > 0))









    ORDER BY
      cms_content.content_datetime desc
  LIMIT
    20

[2m2025-04-14 13:39:05.872[0;39m [[32mDEBUG[0;39m] [35m88914[0;39m [2m[nio-8080-exec-6 ][0;39m [32mnet.mingsoft.mdiy.biz.impl.TagBizImpl[0;39m:86 [2m:[0;39m queryForList sql:



SELECT
  cms_content.id AS "id",
  content_title AS "title",
  content_short_title AS "shorttitle",
  content_author AS "author",
  content_source AS "source",
  content_out_link AS "outlink",
  content_tags AS "tags",

  category.category_title AS "typetitle",
  category.category_short_title AS "typeshorttitle",
  category.id AS "typeid",
  category.category_path AS "typepath",
  category.category_img AS "typelitpic",
  category.category_ico AS "typeico",
  category.category_keyword as "typekeyword",
  category.top_id as "topid",
  category.category_id as "parentid",
  category.category_parent_ids as "parentids",
  category.category_type AS "type",
      CONCAT(category.category_path,'/index.html') AS "typelink",
  content_description AS "descrip",
  content_hit AS "hit",
  content_type AS "flag",
  cms_content.content_keyword AS "keyword",
  content_img AS "litpic",
        CONCAT(CONCAT( category.category_path, '/' ), CONCAT(CASE category_type WHEN  '2' THEN 'index' ELSE cms_content.id END , '.html' )) as "link",
  
  content_datetime AS "date"
FROM
  cms_content
LEFT JOIN
  cms_category as category
ON cms_content.category_id = category.id
WHERE
  content_display='0'
  and category_display='enable'
  and cms_content.del=0

        and (cms_content.category_id='1666653706550321162'
        or cms_content.category_id in (select id FROM cms_category where cms_category.del=0
        and FIND_IN_SET('1666653706550321162',CATEGORY_PARENT_IDS) > 0))








  and(
  
  FIND_IN_SET('f',cms_content.content_type) > 0
  )

    ORDER BY
      cms_content.content_datetime desc
  LIMIT
    5

[2m2025-04-14 13:39:05.878[0;39m [[32mDEBUG[0;39m] [35m88914[0;39m [2m[nio-8080-exec-6 ][0;39m [32mnet.mingsoft.mdiy.biz.impl.TagBizImpl[0;39m:86 [2m:[0;39m queryForList sql:

select
    cms_category.id as "id",
    cms_category.id as "typeid",
    cms_category.category_title as "typetitle",
    cms_category.category_short_title as "typeshorttitle",
            CONCAT(cms_category.category_path,'/index.html') as "typelink",
    cms_category.category_keyword as "typekeyword",
    cms_category.category_diy_url as "typeurl",
    cms_category.category_flag as "flag",
    cms_category.category_id as "parentid",
    cms_category.category_parent_ids as "parentids",
    cms_category.category_descrip as "typedescrip",
    cms_category.category_type as "type",
    cms_category.category_path as "typepath",
    cms_category.leaf as "typeleaf",
    cms_category.category_img as "typelitpic" ,
    cms_category.category_ico as "typeico" ,
    
    ( SELECT count(*) FROM cms_category cc WHERE cc.category_id = cms_category.id AND cc.del = 0 ) AS "childsize"
from
    cms_category

where
    cms_category.del=0
    and  cms_category.category_display = 'enable'
    and  cms_category.is_child = 'cms'




    and cms_category.id='1666653706550321152'


    

LIMIT
9999
[2m2025-04-14 13:39:05.883[0;39m [[32mDEBUG[0;39m] [35m88914[0;39m [2m[nio-8080-exec-6 ][0;39m [32mnet.mingsoft.mdiy.biz.impl.TagBizImpl[0;39m:86 [2m:[0;39m queryForList sql:



SELECT
  cms_content.id AS "id",
  content_title AS "title",
  content_short_title AS "shorttitle",
  content_author AS "author",
  content_source AS "source",
  content_out_link AS "outlink",
  content_tags AS "tags",

  category.category_title AS "typetitle",
  category.category_short_title AS "typeshorttitle",
  category.id AS "typeid",
  category.category_path AS "typepath",
  category.category_img AS "typelitpic",
  category.category_ico AS "typeico",
  category.category_keyword as "typekeyword",
  category.top_id as "topid",
  category.category_id as "parentid",
  category.category_parent_ids as "parentids",
  category.category_type AS "type",
      CONCAT(category.category_path,'/index.html') AS "typelink",
  content_description AS "descrip",
  content_hit AS "hit",
  content_type AS "flag",
  cms_content.content_keyword AS "keyword",
  content_img AS "litpic",
        CONCAT(CONCAT( category.category_path, '/' ), CONCAT(CASE category_type WHEN  '2' THEN 'index' ELSE cms_content.id END , '.html' )) as "link",
  
  content_datetime AS "date"
FROM
  cms_content
LEFT JOIN
  cms_category as category
ON cms_content.category_id = category.id
WHERE
  content_display='0'
  and category_display='enable'
  and cms_content.del=0

        and (cms_content.category_id='1666653706550321152'
        or cms_content.category_id in (select id FROM cms_category where cms_category.del=0
        and FIND_IN_SET('1666653706550321152',CATEGORY_PARENT_IDS) > 0))









    ORDER BY
      cms_content.content_datetime desc
  LIMIT
    6

[2m2025-04-14 13:39:05.905[0;39m [[32mDEBUG[0;39m] [35m88914[0;39m [2m[nio-8080-exec-6 ][0;39m [32mnet.mingsoft.mdiy.biz.impl.TagBizImpl[0;39m:86 [2m:[0;39m queryForList sql:

select
    cms_category.id as "id",
    cms_category.id as "typeid",
    cms_category.category_title as "typetitle",
    cms_category.category_short_title as "typeshorttitle",
            CONCAT(cms_category.category_path,'/index.html') as "typelink",
    cms_category.category_keyword as "typekeyword",
    cms_category.category_diy_url as "typeurl",
    cms_category.category_flag as "flag",
    cms_category.category_id as "parentid",
    cms_category.category_parent_ids as "parentids",
    cms_category.category_descrip as "typedescrip",
    cms_category.category_type as "type",
    cms_category.category_path as "typepath",
    cms_category.leaf as "typeleaf",
    cms_category.category_img as "typelitpic" ,
    cms_category.category_ico as "typeico" ,
    
    ( SELECT count(*) FROM cms_category cc WHERE cc.category_id = cms_category.id AND cc.del = 0 ) AS "childsize"
from
    cms_category

where
    cms_category.del=0
    and  cms_category.category_display = 'enable'
    and  cms_category.is_child = 'cms'




    and cms_category.id='1666653706550321163'


    

LIMIT
9999
[2m2025-04-14 13:39:05.910[0;39m [[32mDEBUG[0;39m] [35m88914[0;39m [2m[nio-8080-exec-6 ][0;39m [32mnet.mingsoft.mdiy.biz.impl.TagBizImpl[0;39m:86 [2m:[0;39m queryForList sql:

select
    cms_category.id as "id",
    cms_category.id as "typeid",
    cms_category.category_title as "typetitle",
    cms_category.category_short_title as "typeshorttitle",
            CONCAT(cms_category.category_path,'/index.html') as "typelink",
    cms_category.category_keyword as "typekeyword",
    cms_category.category_diy_url as "typeurl",
    cms_category.category_flag as "flag",
    cms_category.category_id as "parentid",
    cms_category.category_parent_ids as "parentids",
    cms_category.category_descrip as "typedescrip",
    cms_category.category_type as "type",
    cms_category.category_path as "typepath",
    cms_category.leaf as "typeleaf",
    cms_category.category_img as "typelitpic" ,
    cms_category.category_ico as "typeico" ,
    
    ( SELECT count(*) FROM cms_category cc WHERE cc.category_id = cms_category.id AND cc.del = 0 ) AS "childsize"
from
    cms_category

where
    cms_category.del=0
    and  cms_category.category_display = 'enable'
    and  cms_category.is_child = 'cms'




    and cms_category.category_id='1666653706550321163'


    

LIMIT
9999
[2m2025-04-14 13:39:05.914[0;39m [[32mDEBUG[0;39m] [35m88914[0;39m [2m[nio-8080-exec-6 ][0;39m [32mnet.mingsoft.mdiy.biz.impl.TagBizImpl[0;39m:86 [2m:[0;39m queryForList sql:

select
    cms_category.id as "id",
    cms_category.id as "typeid",
    cms_category.category_title as "typetitle",
    cms_category.category_short_title as "typeshorttitle",
            CONCAT(cms_category.category_path,'/index.html') as "typelink",
    cms_category.category_keyword as "typekeyword",
    cms_category.category_diy_url as "typeurl",
    cms_category.category_flag as "flag",
    cms_category.category_id as "parentid",
    cms_category.category_parent_ids as "parentids",
    cms_category.category_descrip as "typedescrip",
    cms_category.category_type as "type",
    cms_category.category_path as "typepath",
    cms_category.leaf as "typeleaf",
    cms_category.category_img as "typelitpic" ,
    cms_category.category_ico as "typeico" ,
    
    ( SELECT count(*) FROM cms_category cc WHERE cc.category_id = cms_category.id AND cc.del = 0 ) AS "childsize"
from
    cms_category

where
    cms_category.del=0
    and  cms_category.category_display = 'enable'
    and  cms_category.is_child = 'cms'




    and cms_category.id='1666653706550321164'


    

LIMIT
9999
[2m2025-04-14 13:39:05.919[0;39m [[32mDEBUG[0;39m] [35m88914[0;39m [2m[nio-8080-exec-6 ][0;39m [32mnet.mingsoft.mdiy.biz.impl.TagBizImpl[0;39m:86 [2m:[0;39m queryForList sql:



SELECT
  cms_content.id AS "id",
  content_title AS "title",
  content_short_title AS "shorttitle",
  content_author AS "author",
  content_source AS "source",
  content_out_link AS "outlink",
  content_tags AS "tags",

  category.category_title AS "typetitle",
  category.category_short_title AS "typeshorttitle",
  category.id AS "typeid",
  category.category_path AS "typepath",
  category.category_img AS "typelitpic",
  category.category_ico AS "typeico",
  category.category_keyword as "typekeyword",
  category.top_id as "topid",
  category.category_id as "parentid",
  category.category_parent_ids as "parentids",
  category.category_type AS "type",
      CONCAT(category.category_path,'/index.html') AS "typelink",
  content_description AS "descrip",
  content_hit AS "hit",
  content_type AS "flag",
  cms_content.content_keyword AS "keyword",
  content_img AS "litpic",
        CONCAT(CONCAT( category.category_path, '/' ), CONCAT(CASE category_type WHEN  '2' THEN 'index' ELSE cms_content.id END , '.html' )) as "link",
  
  content_datetime AS "date"
FROM
  cms_content
LEFT JOIN
  cms_category as category
ON cms_content.category_id = category.id
WHERE
  content_display='0'
  and category_display='enable'
  and cms_content.del=0

        and (cms_content.category_id='1666653706550321164'
        or cms_content.category_id in (select id FROM cms_category where cms_category.del=0
        and FIND_IN_SET('1666653706550321164',CATEGORY_PARENT_IDS) > 0))









    ORDER BY
      cms_content.content_datetime desc
  LIMIT
    10

[2m2025-04-14 13:39:05.926[0;39m [[32mDEBUG[0;39m] [35m88914[0;39m [2m[nio-8080-exec-6 ][0;39m [32mnet.mingsoft.mdiy.biz.impl.TagBizImpl[0;39m:86 [2m:[0;39m queryForList sql:

select
    cms_category.id as "id",
    cms_category.id as "typeid",
    cms_category.category_title as "typetitle",
    cms_category.category_short_title as "typeshorttitle",
            CONCAT(cms_category.category_path,'/index.html') as "typelink",
    cms_category.category_keyword as "typekeyword",
    cms_category.category_diy_url as "typeurl",
    cms_category.category_flag as "flag",
    cms_category.category_id as "parentid",
    cms_category.category_parent_ids as "parentids",
    cms_category.category_descrip as "typedescrip",
    cms_category.category_type as "type",
    cms_category.category_path as "typepath",
    cms_category.leaf as "typeleaf",
    cms_category.category_img as "typelitpic" ,
    cms_category.category_ico as "typeico" ,
    
    ( SELECT count(*) FROM cms_category cc WHERE cc.category_id = cms_category.id AND cc.del = 0 ) AS "childsize"
from
    cms_category

where
    cms_category.del=0
    and  cms_category.category_display = 'enable'
    and  cms_category.is_child = 'cms'




    and cms_category.id='1666653706550321169'


    

LIMIT
9999
[2m2025-04-14 13:39:05.934[0;39m [[32mDEBUG[0;39m] [35m88914[0;39m [2m[nio-8080-exec-6 ][0;39m [32mnet.mingsoft.mdiy.biz.impl.TagBizImpl[0;39m:86 [2m:[0;39m queryForList sql:



SELECT
  cms_content.id AS "id",
  content_title AS "title",
  content_short_title AS "shorttitle",
  content_author AS "author",
  content_source AS "source",
  content_out_link AS "outlink",
  content_tags AS "tags",

  category.category_title AS "typetitle",
  category.category_short_title AS "typeshorttitle",
  category.id AS "typeid",
  category.category_path AS "typepath",
  category.category_img AS "typelitpic",
  category.category_ico AS "typeico",
  category.category_keyword as "typekeyword",
  category.top_id as "topid",
  category.category_id as "parentid",
  category.category_parent_ids as "parentids",
  category.category_type AS "type",
      CONCAT(category.category_path,'/index.html') AS "typelink",
  content_description AS "descrip",
  content_hit AS "hit",
  content_type AS "flag",
  cms_content.content_keyword AS "keyword",
  content_img AS "litpic",
        CONCAT(CONCAT( category.category_path, '/' ), CONCAT(CASE category_type WHEN  '2' THEN 'index' ELSE cms_content.id END , '.html' )) as "link",
  
  content_datetime AS "date"
FROM
  cms_content
LEFT JOIN
  cms_category as category
ON cms_content.category_id = category.id
WHERE
  content_display='0'
  and category_display='enable'
  and cms_content.del=0

        and (cms_content.category_id='1666653706550321169'
        or cms_content.category_id in (select id FROM cms_category where cms_category.del=0
        and FIND_IN_SET('1666653706550321169',CATEGORY_PARENT_IDS) > 0))









    ORDER BY
      cms_content.content_datetime desc
  LIMIT
    12

[2m2025-04-14 13:39:05.945[0;39m [[32mDEBUG[0;39m] [35m88914[0;39m [2m[nio-8080-exec-6 ][0;39m [32mnet.mingsoft.mdiy.biz.impl.TagBizImpl[0;39m:86 [2m:[0;39m queryForList sql:

select
    cms_category.id as "id",
    cms_category.id as "typeid",
    cms_category.category_title as "typetitle",
    cms_category.category_short_title as "typeshorttitle",
            CONCAT(cms_category.category_path,'/index.html') as "typelink",
    cms_category.category_keyword as "typekeyword",
    cms_category.category_diy_url as "typeurl",
    cms_category.category_flag as "flag",
    cms_category.category_id as "parentid",
    cms_category.category_parent_ids as "parentids",
    cms_category.category_descrip as "typedescrip",
    cms_category.category_type as "type",
    cms_category.category_path as "typepath",
    cms_category.leaf as "typeleaf",
    cms_category.category_img as "typelitpic" ,
    cms_category.category_ico as "typeico" ,
    
    ( SELECT count(*) FROM cms_category cc WHERE cc.category_id = cms_category.id AND cc.del = 0 ) AS "childsize"
from
    cms_category

where
    cms_category.del=0
    and  cms_category.category_display = 'enable'
    and  cms_category.is_child = 'cms'

    and
    (
    
    FIND_IN_SET('n',cms_category.category_flag)>0
    )



    and(cms_category.category_id is null)


    

LIMIT
4
[2m2025-04-14 13:39:05.950[0;39m [[32mDEBUG[0;39m] [35m88914[0;39m [2m[nio-8080-exec-6 ][0;39m [32mnet.mingsoft.mdiy.biz.impl.TagBizImpl[0;39m:86 [2m:[0;39m queryForList sql:

select
    cms_category.id as "id",
    cms_category.id as "typeid",
    cms_category.category_title as "typetitle",
    cms_category.category_short_title as "typeshorttitle",
            CONCAT(cms_category.category_path,'/index.html') as "typelink",
    cms_category.category_keyword as "typekeyword",
    cms_category.category_diy_url as "typeurl",
    cms_category.category_flag as "flag",
    cms_category.category_id as "parentid",
    cms_category.category_parent_ids as "parentids",
    cms_category.category_descrip as "typedescrip",
    cms_category.category_type as "type",
    cms_category.category_path as "typepath",
    cms_category.leaf as "typeleaf",
    cms_category.category_img as "typelitpic" ,
    cms_category.category_ico as "typeico" ,
    
    ( SELECT count(*) FROM cms_category cc WHERE cc.category_id = cms_category.id AND cc.del = 0 ) AS "childsize"
from
    cms_category

where
    cms_category.del=0
    and  cms_category.category_display = 'enable'
    and  cms_category.is_child = 'cms'




    and cms_category.category_id='1666653706550321152'


    

LIMIT
9999
[2m2025-04-14 13:39:05.953[0;39m [[32mDEBUG[0;39m] [35m88914[0;39m [2m[nio-8080-exec-6 ][0;39m [32mnet.mingsoft.mdiy.biz.impl.TagBizImpl[0;39m:86 [2m:[0;39m queryForList sql:

select
    cms_category.id as "id",
    cms_category.id as "typeid",
    cms_category.category_title as "typetitle",
    cms_category.category_short_title as "typeshorttitle",
            CONCAT(cms_category.category_path,'/index.html') as "typelink",
    cms_category.category_keyword as "typekeyword",
    cms_category.category_diy_url as "typeurl",
    cms_category.category_flag as "flag",
    cms_category.category_id as "parentid",
    cms_category.category_parent_ids as "parentids",
    cms_category.category_descrip as "typedescrip",
    cms_category.category_type as "type",
    cms_category.category_path as "typepath",
    cms_category.leaf as "typeleaf",
    cms_category.category_img as "typelitpic" ,
    cms_category.category_ico as "typeico" ,
    
    ( SELECT count(*) FROM cms_category cc WHERE cc.category_id = cms_category.id AND cc.del = 0 ) AS "childsize"
from
    cms_category

where
    cms_category.del=0
    and  cms_category.category_display = 'enable'
    and  cms_category.is_child = 'cms'




    and cms_category.category_id='1666653706550321153'


    

LIMIT
9999
[2m2025-04-14 13:39:05.957[0;39m [[32mDEBUG[0;39m] [35m88914[0;39m [2m[nio-8080-exec-6 ][0;39m [32mnet.mingsoft.mdiy.biz.impl.TagBizImpl[0;39m:86 [2m:[0;39m queryForList sql:

select
    cms_category.id as "id",
    cms_category.id as "typeid",
    cms_category.category_title as "typetitle",
    cms_category.category_short_title as "typeshorttitle",
            CONCAT(cms_category.category_path,'/index.html') as "typelink",
    cms_category.category_keyword as "typekeyword",
    cms_category.category_diy_url as "typeurl",
    cms_category.category_flag as "flag",
    cms_category.category_id as "parentid",
    cms_category.category_parent_ids as "parentids",
    cms_category.category_descrip as "typedescrip",
    cms_category.category_type as "type",
    cms_category.category_path as "typepath",
    cms_category.leaf as "typeleaf",
    cms_category.category_img as "typelitpic" ,
    cms_category.category_ico as "typeico" ,
    
    ( SELECT count(*) FROM cms_category cc WHERE cc.category_id = cms_category.id AND cc.del = 0 ) AS "childsize"
from
    cms_category

where
    cms_category.del=0
    and  cms_category.category_display = 'enable'
    and  cms_category.is_child = 'cms'




    and cms_category.category_id='1666653706550321154'


    

LIMIT
9999
[2m2025-04-14 13:39:05.960[0;39m [[32mDEBUG[0;39m] [35m88914[0;39m [2m[nio-8080-exec-6 ][0;39m [32mnet.mingsoft.mdiy.biz.impl.TagBizImpl[0;39m:86 [2m:[0;39m queryForList sql:

select
    cms_category.id as "id",
    cms_category.id as "typeid",
    cms_category.category_title as "typetitle",
    cms_category.category_short_title as "typeshorttitle",
            CONCAT(cms_category.category_path,'/index.html') as "typelink",
    cms_category.category_keyword as "typekeyword",
    cms_category.category_diy_url as "typeurl",
    cms_category.category_flag as "flag",
    cms_category.category_id as "parentid",
    cms_category.category_parent_ids as "parentids",
    cms_category.category_descrip as "typedescrip",
    cms_category.category_type as "type",
    cms_category.category_path as "typepath",
    cms_category.leaf as "typeleaf",
    cms_category.category_img as "typelitpic" ,
    cms_category.category_ico as "typeico" ,
    
    ( SELECT count(*) FROM cms_category cc WHERE cc.category_id = cms_category.id AND cc.del = 0 ) AS "childsize"
from
    cms_category

where
    cms_category.del=0
    and  cms_category.category_display = 'enable'
    and  cms_category.is_child = 'cms'




    and cms_category.category_id='1666653706550321163'


    

LIMIT
9999
[2m2025-04-14 13:39:05.961[0;39m [[32mDEBUG[0;39m] [35m88914[0;39m [2m[nio-8080-exec-6 ][0;39m [32mnet.mingsoft.basic.util.BasicUtil[0;39m:893 [2m:[0;39m filePath html
[2m2025-04-14 13:39:05.961[0;39m [[32mDEBUG[0;39m] [35m88914[0;39m [2m[nio-8080-exec-6 ][0;39m [32mnet.mingsoft.basic.util.BasicUtil[0;39m:895 [2m:[0;39m classPath /Users/unk/ssd/IdeaProjects/github/MCMS/target/classes/
[2m2025-04-14 13:39:05.961[0;39m [[32mDEBUG[0;39m] [35m88914[0;39m [2m[nio-8080-exec-6 ][0;39m [32mnet.mingsoft.basic.util.BasicUtil[0;39m:899 [2m:[0;39m servlet org.apache.catalina.core.ApplicationContextFacade@285e936c
[2m2025-04-14 13:39:05.961[0;39m [[32mDEBUG[0;39m] [35m88914[0;39m [2m[nio-8080-exec-6 ][0;39m [32mnet.mingsoft.basic.util.BasicUtil[0;39m:901 [2m:[0;39m path /Users/unk/ssd/IdeaProjects/github/MCMS/src/main/webapp/
[2m2025-04-14 13:39:05.965[0;39m [[32mDEBUG[0;39m] [35m88914[0;39m [2m[nio-8080-exec-6 ][0;39m [32mnet.mingsoft.basic.util.BasicUtil[0;39m:399 [2m:[0;39m headers:{}
[2m2025-04-14 13:39:05.977[0;39m [[32mDEBUG[0;39m] [35m88914[0;39m [2m[ lh-something-1 ][0;39m [32mnet.mingsoft.basic.dao.ILogDao.insert[0;39m:135 [2m:[0;39m ==>  Preparing: INSERT INTO logger ( id, log_title, log_ip, log_method, log_request_method, log_url, log_status, log_business_type, log_user_type, log_user, log_location, log_param, log_result, create_date, del ) VALUES ( ?, ?, ?, ?, ?, ?, ?, ?, ?, ?, ?, ?, ?, ?, ? )
[2m2025-04-14 13:39:06.038[0;39m [[32mDEBUG[0;39m] [35m88914[0;39m [2m[ lh-something-1 ][0;39m [32mnet.mingsoft.basic.dao.ILogDao.insert[0;39m:135 [2m:[0;39m ==> Parameters: 1911655429864210434(String), 生成主页(String), 127.0.0.1(String), net.mingsoft.cms.action.GeneraterAction.generateIndex()(String), POST(String), /ms/cms/generate/generateIndex.do(String), success(String), update(String), manage(String), msopen(String), 内网IP(String), {
    "url": [
        "index.htm"
    ],
    "position": [
        "index"
    ]
}(String), {"result":true,"code":200}(String), 2025-04-14 13:39:05.966(Timestamp), 0(Integer)
[2m2025-04-14 13:39:06.042[0;39m [[32mDEBUG[0;39m] [35m88914[0;39m [2m[ lh-something-1 ][0;39m [32mnet.mingsoft.basic.dao.ILogDao.insert[0;39m:135 [2m:[0;39m <==    Updates: 1
[2m2025-04-14 13:39:19.082[0;39m [[32mDEBUG[0;39m] [35m88914[0;39m [2m[nio-8080-exec-8 ][0;39m [32mnet.mingsoft.basic.util.BasicUtil[0;39m:399 [2m:[0;39m headers:{}
[2m2025-04-14 13:39:19.085[0;39m [[32mDEBUG[0;39m] [35m88914[0;39m [2m[nio-8080-exec-8 ][0;39m [32mnet.mingsoft.basic.util.BasicUtil[0;39m:399 [2m:[0;39m headers:{}
[2m2025-04-14 13:39:19.086[0;39m [[32mDEBUG[0;39m] [35m88914[0;39m [2m[nio-8080-exec-8 ][0;39m [32mnet.mingsoft.basic.action.web.IndexAction[0;39m:67 [2m:[0;39m basic index
[2m2025-04-14 13:39:19.088[0;39m [[32mDEBUG[0;39m] [35m88914[0;39m [2m[nio-8080-exec-8 ][0;39m [32mnet.mingsoft.basic.util.BasicUtil[0;39m:349 [2m:[0;39m server:localhost,basePath:http://localhost:8080/
[2m2025-04-14 13:39:19.088[0;39m [[32mDEBUG[0;39m] [35m88914[0;39m [2m[nio-8080-exec-8 ][0;39m [32mnet.mingsoft.basic.util.BasicUtil[0;39m:893 [2m:[0;39m filePath html/web/default.html
[2m2025-04-14 13:39:19.088[0;39m [[32mDEBUG[0;39m] [35m88914[0;39m [2m[nio-8080-exec-8 ][0;39m [32mnet.mingsoft.basic.util.BasicUtil[0;39m:895 [2m:[0;39m classPath /Users/unk/ssd/IdeaProjects/github/MCMS/target/classes/
[2m2025-04-14 13:39:19.088[0;39m [[32mDEBUG[0;39m] [35m88914[0;39m [2m[nio-8080-exec-8 ][0;39m [32mnet.mingsoft.basic.util.BasicUtil[0;39m:899 [2m:[0;39m servlet org.apache.catalina.core.ApplicationContextFacade@285e936c
[2m2025-04-14 13:39:19.088[0;39m [[32mDEBUG[0;39m] [35m88914[0;39m [2m[nio-8080-exec-8 ][0;39m [32mnet.mingsoft.basic.util.BasicUtil[0;39m:901 [2m:[0;39m path /Users/unk/ssd/IdeaProjects/github/MCMS/src/main/webapp/
[2m2025-04-14 13:39:19.088[0;39m [[32mDEBUG[0;39m] [35m88914[0;39m [2m[nio-8080-exec-8 ][0;39m [32mnet.mingsoft.basic.action.web.IndexAction[0;39m:81 [2m:[0;39m defaultHtmlPath /Users/unk/ssd/IdeaProjects/github/MCMS/src/main/webapp/html/web/default.html
[2m2025-04-14 13:39:19.088[0;39m [[32mDEBUG[0;39m] [35m88914[0;39m [2m[nio-8080-exec-8 ][0;39m [32mnet.mingsoft.basic.action.web.IndexAction[0;39m:88 [2m:[0;39m indexPosition html/web/index.html
[2m2025-04-14 13:39:19.090[0;39m [[32mDEBUG[0;39m] [35m88914[0;39m [2m[nio-8080-exec-8 ][0;39m [32mnet.mingsoft.basic.util.BasicUtil[0;39m:399 [2m:[0;39m headers:{}
[2m2025-04-14 13:39:19.143[0;39m [[32mDEBUG[0;39m] [35m88914[0;39m [2m[nio-8080-exec-7 ][0;39m [32mnet.mingsoft.basic.util.BasicUtil[0;39m:399 [2m:[0;39m headers:{}
[2m2025-04-14 13:39:19.146[0;39m [[32mDEBUG[0;39m] [35m88914[0;39m [2m[nio-8080-exec-7 ][0;39m [32mnet.mingsoft.basic.exception.ErrorController[0;39m:73 [2m:[0;39m error status 404 NOT_FOUND, error {timestamp=2025-04-14T13:39:19.144+0800, status=404, error=Not Found, path=/upload/1/appLogo/1910642617297846272.png},url /error
[2m2025-04-14 13:39:19.165[0;39m [[32mDEBUG[0;39m] [35m88914[0;39m [2m[nio-8080-exec-3 ][0;39m [32mnet.mingsoft.basic.util.BasicUtil[0;39m:399 [2m:[0;39m headers:{}
[2m2025-04-14 13:39:19.165[0;39m [[32mDEBUG[0;39m] [35m88914[0;39m [2m[nio-8080-exec-2 ][0;39m [32mnet.mingsoft.basic.util.BasicUtil[0;39m:399 [2m:[0;39m headers:{}
[2m2025-04-14 13:39:19.168[0;39m [[32mDEBUG[0;39m] [35m88914[0;39m [2m[nio-8080-exec-1 ][0;39m [32mnet.mingsoft.basic.util.BasicUtil[0;39m:399 [2m:[0;39m headers:{}
[2m2025-04-14 13:39:19.169[0;39m [[32mDEBUG[0;39m] [35m88914[0;39m [2m[nio-8080-exec-8 ][0;39m [32mnet.mingsoft.basic.util.BasicUtil[0;39m:399 [2m:[0;39m headers:{}
[2m2025-04-14 13:39:19.169[0;39m [[32mDEBUG[0;39m] [35m88914[0;39m [2m[nio-8080-exec-2 ][0;39m [32mnet.mingsoft.basic.util.BasicUtil[0;39m:399 [2m:[0;39m headers:{}
[2m2025-04-14 13:39:19.171[0;39m [[32mDEBUG[0;39m] [35m88914[0;39m [2m[nio-8080-exec-1 ][0;39m [32mnet.mingsoft.basic.util.BasicUtil[0;39m:399 [2m:[0;39m headers:{}
[2m2025-04-14 13:39:19.171[0;39m [[32mDEBUG[0;39m] [35m88914[0;39m [2m[nio-8080-exec-9 ][0;39m [32mnet.mingsoft.basic.util.BasicUtil[0;39m:399 [2m:[0;39m headers:{}
[2m2025-04-14 13:39:19.172[0;39m [[32mDEBUG[0;39m] [35m88914[0;39m [2m[nio-8080-exec-5 ][0;39m [32mnet.mingsoft.basic.util.BasicUtil[0;39m:399 [2m:[0;39m headers:{}
[2m2025-04-14 13:39:19.178[0;39m [[32mDEBUG[0;39m] [35m88914[0;39m [2m[nio-8080-exec-7 ][0;39m [32mnet.mingsoft.basic.util.BasicUtil[0;39m:399 [2m:[0;39m headers:{}
[2m2025-04-14 13:39:19.179[0;39m [[32mDEBUG[0;39m] [35m88914[0;39m [2m[io-8080-exec-10 ][0;39m [32mnet.mingsoft.basic.util.BasicUtil[0;39m:399 [2m:[0;39m headers:{}
[2m2025-04-14 13:39:19.199[0;39m [[32mDEBUG[0;39m] [35m88914[0;39m [2m[io-8080-exec-10 ][0;39m [32mnet.mingsoft.basic.util.BasicUtil[0;39m:399 [2m:[0;39m headers:{}
[2m2025-04-14 13:39:19.199[0;39m [[32mDEBUG[0;39m] [35m88914[0;39m [2m[nio-8080-exec-1 ][0;39m [32mnet.mingsoft.basic.util.BasicUtil[0;39m:399 [2m:[0;39m headers:{}
[2m2025-04-14 13:39:19.203[0;39m [[32mDEBUG[0;39m] [35m88914[0;39m [2m[nio-8080-exec-7 ][0;39m [32mnet.mingsoft.basic.util.BasicUtil[0;39m:399 [2m:[0;39m headers:{}
[2m2025-04-14 13:39:19.204[0;39m [[32mDEBUG[0;39m] [35m88914[0;39m [2m[nio-8080-exec-2 ][0;39m [32mnet.mingsoft.basic.util.BasicUtil[0;39m:399 [2m:[0;39m headers:{}
[2m2025-04-14 13:39:19.205[0;39m [[32mDEBUG[0;39m] [35m88914[0;39m [2m[nio-8080-exec-9 ][0;39m [32mnet.mingsoft.basic.util.BasicUtil[0;39m:399 [2m:[0;39m headers:{}
[2m2025-04-14 13:39:19.207[0;39m [[32mDEBUG[0;39m] [35m88914[0;39m [2m[io-8080-exec-10 ][0;39m [32mnet.mingsoft.basic.util.BasicUtil[0;39m:399 [2m:[0;39m headers:{}
[2m2025-04-14 13:39:19.214[0;39m [[32mDEBUG[0;39m] [35m88914[0;39m [2m[nio-8080-exec-4 ][0;39m [32mnet.mingsoft.basic.util.BasicUtil[0;39m:399 [2m:[0;39m headers:{}
[2m2025-04-14 13:39:19.214[0;39m [[32mDEBUG[0;39m] [35m88914[0;39m [2m[nio-8080-exec-6 ][0;39m [32mnet.mingsoft.basic.util.BasicUtil[0;39m:399 [2m:[0;39m headers:{}
[2m2025-04-14 13:39:19.219[0;39m [[32mDEBUG[0;39m] [35m88914[0;39m [2m[nio-8080-exec-3 ][0;39m [32mnet.mingsoft.basic.util.BasicUtil[0;39m:399 [2m:[0;39m headers:{}
[2m2025-04-14 13:39:19.220[0;39m [[32mDEBUG[0;39m] [35m88914[0;39m [2m[nio-8080-exec-5 ][0;39m [32mnet.mingsoft.basic.util.BasicUtil[0;39m:399 [2m:[0;39m headers:{}
[2m2025-04-14 13:39:19.225[0;39m [[32mDEBUG[0;39m] [35m88914[0;39m [2m[nio-8080-exec-8 ][0;39m [32mnet.mingsoft.basic.util.BasicUtil[0;39m:399 [2m:[0;39m headers:{}
[2m2025-04-14 13:39:19.231[0;39m [[32mDEBUG[0;39m] [35m88914[0;39m [2m[nio-8080-exec-2 ][0;39m [32mnet.mingsoft.basic.util.BasicUtil[0;39m:399 [2m:[0;39m headers:{}
[2m2025-04-14 13:39:19.231[0;39m [[32mDEBUG[0;39m] [35m88914[0;39m [2m[nio-8080-exec-1 ][0;39m [32mnet.mingsoft.basic.util.BasicUtil[0;39m:399 [2m:[0;39m headers:{}
[2m2025-04-14 13:39:19.232[0;39m [[32mDEBUG[0;39m] [35m88914[0;39m [2m[nio-8080-exec-7 ][0;39m [32mnet.mingsoft.basic.util.BasicUtil[0;39m:399 [2m:[0;39m headers:{}
[2m2025-04-14 13:39:19.232[0;39m [[32mDEBUG[0;39m] [35m88914[0;39m [2m[io-8080-exec-10 ][0;39m [32mnet.mingsoft.basic.util.BasicUtil[0;39m:399 [2m:[0;39m headers:{}
[2m2025-04-14 13:39:19.236[0;39m [[32mDEBUG[0;39m] [35m88914[0;39m [2m[nio-8080-exec-8 ][0;39m [32mnet.mingsoft.basic.util.BasicUtil[0;39m:399 [2m:[0;39m headers:{}
[2m2025-04-14 13:39:19.235[0;39m [[32mDEBUG[0;39m] [35m88914[0;39m [2m[nio-8080-exec-6 ][0;39m [32mnet.mingsoft.basic.util.BasicUtil[0;39m:399 [2m:[0;39m headers:{}
[2m2025-04-14 13:39:19.242[0;39m [[32mDEBUG[0;39m] [35m88914[0;39m [2m[nio-8080-exec-4 ][0;39m [32mnet.mingsoft.basic.util.BasicUtil[0;39m:399 [2m:[0;39m headers:{}
[2m2025-04-14 13:39:19.243[0;39m [[32mDEBUG[0;39m] [35m88914[0;39m [2m[nio-8080-exec-3 ][0;39m [32mnet.mingsoft.basic.util.BasicUtil[0;39m:399 [2m:[0;39m headers:{}
[2m2025-04-14 13:39:19.244[0;39m [[32mDEBUG[0;39m] [35m88914[0;39m [2m[nio-8080-exec-9 ][0;39m [32mnet.mingsoft.basic.util.BasicUtil[0;39m:399 [2m:[0;39m headers:{}
[2m2025-04-14 13:39:19.248[0;39m [[32mDEBUG[0;39m] [35m88914[0;39m [2m[nio-8080-exec-5 ][0;39m [32mnet.mingsoft.basic.util.BasicUtil[0;39m:399 [2m:[0;39m headers:{}
[2m2025-04-14 13:39:19.250[0;39m [[32mDEBUG[0;39m] [35m88914[0;39m [2m[nio-8080-exec-7 ][0;39m [32mnet.mingsoft.basic.util.BasicUtil[0;39m:399 [2m:[0;39m headers:{}
[2m2025-04-14 13:39:19.252[0;39m [[32mDEBUG[0;39m] [35m88914[0;39m [2m[io-8080-exec-10 ][0;39m [32mnet.mingsoft.basic.util.BasicUtil[0;39m:399 [2m:[0;39m headers:{}
[2m2025-04-14 13:41:18.018[0;39m [[32mDEBUG[0;39m] [35m88914[0;39m [2m[nio-8080-exec-6 ][0;39m [32mnet.mingsoft.basic.util.BasicUtil[0;39m:399 [2m:[0;39m headers:{}
[2m2025-04-14 13:41:18.022[0;39m [[32mDEBUG[0;39m] [35m88914[0;39m [2m[nio-8080-exec-6 ][0;39m [32mnet.mingsoft.basic.util.BasicUtil[0;39m:399 [2m:[0;39m headers:{}
[2m2025-04-14 13:41:18.023[0;39m [[32mDEBUG[0;39m] [35m88914[0;39m [2m[nio-8080-exec-6 ][0;39m [32mnet.mingsoft.basic.action.web.IndexAction[0;39m:67 [2m:[0;39m basic index
[2m2025-04-14 13:41:18.025[0;39m [[32mDEBUG[0;39m] [35m88914[0;39m [2m[nio-8080-exec-6 ][0;39m [32mnet.mingsoft.basic.util.BasicUtil[0;39m:349 [2m:[0;39m server:localhost,basePath:http://localhost:8080/
[2m2025-04-14 13:41:18.025[0;39m [[32mDEBUG[0;39m] [35m88914[0;39m [2m[nio-8080-exec-6 ][0;39m [32mnet.mingsoft.basic.util.BasicUtil[0;39m:893 [2m:[0;39m filePath html/web/default.html
[2m2025-04-14 13:41:18.026[0;39m [[32mDEBUG[0;39m] [35m88914[0;39m [2m[nio-8080-exec-6 ][0;39m [32mnet.mingsoft.basic.util.BasicUtil[0;39m:895 [2m:[0;39m classPath /Users/unk/ssd/IdeaProjects/github/MCMS/target/classes/
[2m2025-04-14 13:41:18.026[0;39m [[32mDEBUG[0;39m] [35m88914[0;39m [2m[nio-8080-exec-6 ][0;39m [32mnet.mingsoft.basic.util.BasicUtil[0;39m:899 [2m:[0;39m servlet org.apache.catalina.core.ApplicationContextFacade@285e936c
[2m2025-04-14 13:41:18.029[0;39m [[32mDEBUG[0;39m] [35m88914[0;39m [2m[nio-8080-exec-6 ][0;39m [32mnet.mingsoft.basic.util.BasicUtil[0;39m:901 [2m:[0;39m path /Users/unk/ssd/IdeaProjects/github/MCMS/src/main/webapp/
[2m2025-04-14 13:41:18.029[0;39m [[32mDEBUG[0;39m] [35m88914[0;39m [2m[nio-8080-exec-6 ][0;39m [32mnet.mingsoft.basic.action.web.IndexAction[0;39m:81 [2m:[0;39m defaultHtmlPath /Users/unk/ssd/IdeaProjects/github/MCMS/src/main/webapp/html/web/default.html
[2m2025-04-14 13:41:18.029[0;39m [[32mDEBUG[0;39m] [35m88914[0;39m [2m[nio-8080-exec-6 ][0;39m [32mnet.mingsoft.basic.action.web.IndexAction[0;39m:88 [2m:[0;39m indexPosition html/web/index.html
[2m2025-04-14 13:41:18.038[0;39m [[32mDEBUG[0;39m] [35m88914[0;39m [2m[nio-8080-exec-6 ][0;39m [32mnet.mingsoft.basic.util.BasicUtil[0;39m:399 [2m:[0;39m headers:{}
[2m2025-04-14 13:41:18.096[0;39m [[32mDEBUG[0;39m] [35m88914[0;39m [2m[nio-8080-exec-7 ][0;39m [32mnet.mingsoft.basic.util.BasicUtil[0;39m:399 [2m:[0;39m headers:{}
[2m2025-04-14 13:41:18.104[0;39m [[32mDEBUG[0;39m] [35m88914[0;39m [2m[nio-8080-exec-7 ][0;39m [32mnet.mingsoft.basic.exception.ErrorController[0;39m:73 [2m:[0;39m error status 404 NOT_FOUND, error {timestamp=2025-04-14T13:41:18.104+0800, status=404, error=Not Found, path=/upload/1/appLogo/1910642617297846272.png},url /error
[2m2025-04-14 13:41:18.155[0;39m [[32mDEBUG[0;39m] [35m88914[0;39m [2m[nio-8080-exec-9 ][0;39m [32mnet.mingsoft.basic.util.BasicUtil[0;39m:399 [2m:[0;39m headers:{}
[2m2025-04-14 13:41:18.162[0;39m [[32mDEBUG[0;39m] [35m88914[0;39m [2m[nio-8080-exec-3 ][0;39m [32mnet.mingsoft.basic.util.BasicUtil[0;39m:399 [2m:[0;39m headers:{}
[2m2025-04-14 13:41:18.174[0;39m [[32mDEBUG[0;39m] [35m88914[0;39m [2m[nio-8080-exec-4 ][0;39m [32mnet.mingsoft.basic.util.BasicUtil[0;39m:399 [2m:[0;39m headers:{}
[2m2025-04-14 13:41:18.175[0;39m [[32mDEBUG[0;39m] [35m88914[0;39m [2m[nio-8080-exec-5 ][0;39m [32mnet.mingsoft.basic.util.BasicUtil[0;39m:399 [2m:[0;39m headers:{}
[2m2025-04-14 13:41:18.175[0;39m [[32mDEBUG[0;39m] [35m88914[0;39m [2m[nio-8080-exec-1 ][0;39m [32mnet.mingsoft.basic.util.BasicUtil[0;39m:399 [2m:[0;39m headers:{}
[2m2025-04-14 13:41:18.175[0;39m [[32mDEBUG[0;39m] [35m88914[0;39m [2m[nio-8080-exec-2 ][0;39m [32mnet.mingsoft.basic.util.BasicUtil[0;39m:399 [2m:[0;39m headers:{}
[2m2025-04-14 13:41:18.183[0;39m [[32mDEBUG[0;39m] [35m88914[0;39m [2m[nio-8080-exec-7 ][0;39m [32mnet.mingsoft.basic.util.BasicUtil[0;39m:399 [2m:[0;39m headers:{}
[2m2025-04-14 13:41:18.183[0;39m [[32mDEBUG[0;39m] [35m88914[0;39m [2m[nio-8080-exec-6 ][0;39m [32mnet.mingsoft.basic.util.BasicUtil[0;39m:399 [2m:[0;39m headers:{}
[2m2025-04-14 13:41:18.184[0;39m [[32mDEBUG[0;39m] [35m88914[0;39m [2m[nio-8080-exec-3 ][0;39m [32mnet.mingsoft.basic.util.BasicUtil[0;39m:399 [2m:[0;39m headers:{}
[2m2025-04-14 13:41:18.185[0;39m [[32mDEBUG[0;39m] [35m88914[0;39m [2m[nio-8080-exec-8 ][0;39m [32mnet.mingsoft.basic.util.BasicUtil[0;39m:399 [2m:[0;39m headers:{}
[2m2025-04-14 13:41:18.186[0;39m [[32mDEBUG[0;39m] [35m88914[0;39m [2m[nio-8080-exec-9 ][0;39m [32mnet.mingsoft.basic.util.BasicUtil[0;39m:399 [2m:[0;39m headers:{}
[2m2025-04-14 13:41:18.188[0;39m [[32mDEBUG[0;39m] [35m88914[0;39m [2m[io-8080-exec-10 ][0;39m [32mnet.mingsoft.basic.util.BasicUtil[0;39m:399 [2m:[0;39m headers:{}
[2m2025-04-14 13:41:18.190[0;39m [[32mDEBUG[0;39m] [35m88914[0;39m [2m[nio-8080-exec-5 ][0;39m [32mnet.mingsoft.basic.util.BasicUtil[0;39m:399 [2m:[0;39m headers:{}
[2m2025-04-14 13:41:18.193[0;39m [[32mDEBUG[0;39m] [35m88914[0;39m [2m[nio-8080-exec-1 ][0;39m [32mnet.mingsoft.basic.util.BasicUtil[0;39m:399 [2m:[0;39m headers:{}
[2m2025-04-14 13:41:18.194[0;39m [[32mDEBUG[0;39m] [35m88914[0;39m [2m[io-8080-exec-10 ][0;39m [32mnet.mingsoft.basic.util.BasicUtil[0;39m:399 [2m:[0;39m headers:{}
[2m2025-04-14 13:41:18.194[0;39m [[32mDEBUG[0;39m] [35m88914[0;39m [2m[nio-8080-exec-2 ][0;39m [32mnet.mingsoft.basic.util.BasicUtil[0;39m:399 [2m:[0;39m headers:{}
[2m2025-04-14 13:41:18.194[0;39m [[32mDEBUG[0;39m] [35m88914[0;39m [2m[nio-8080-exec-6 ][0;39m [32mnet.mingsoft.basic.util.BasicUtil[0;39m:399 [2m:[0;39m headers:{}
[2m2025-04-14 13:41:18.222[0;39m [[32mDEBUG[0;39m] [35m88914[0;39m [2m[nio-8080-exec-7 ][0;39m [32mnet.mingsoft.basic.util.BasicUtil[0;39m:399 [2m:[0;39m headers:{}
[2m2025-04-14 13:41:18.223[0;39m [[32mDEBUG[0;39m] [35m88914[0;39m [2m[nio-8080-exec-3 ][0;39m [32mnet.mingsoft.basic.util.BasicUtil[0;39m:399 [2m:[0;39m headers:{}
[2m2025-04-14 13:41:18.223[0;39m [[32mDEBUG[0;39m] [35m88914[0;39m [2m[nio-8080-exec-8 ][0;39m [32mnet.mingsoft.basic.util.BasicUtil[0;39m:399 [2m:[0;39m headers:{}
[2m2025-04-14 13:41:18.224[0;39m [[32mDEBUG[0;39m] [35m88914[0;39m [2m[nio-8080-exec-9 ][0;39m [32mnet.mingsoft.basic.util.BasicUtil[0;39m:399 [2m:[0;39m headers:{}
[2m2025-04-14 13:41:18.225[0;39m [[32mDEBUG[0;39m] [35m88914[0;39m [2m[nio-8080-exec-3 ][0;39m [32mnet.mingsoft.basic.util.BasicUtil[0;39m:399 [2m:[0;39m headers:{}
[2m2025-04-14 13:41:18.228[0;39m [[32mDEBUG[0;39m] [35m88914[0;39m [2m[nio-8080-exec-7 ][0;39m [32mnet.mingsoft.basic.util.BasicUtil[0;39m:399 [2m:[0;39m headers:{}
[2m2025-04-14 13:41:18.233[0;39m [[32mDEBUG[0;39m] [35m88914[0;39m [2m[nio-8080-exec-1 ][0;39m [32mnet.mingsoft.basic.util.BasicUtil[0;39m:399 [2m:[0;39m headers:{}
[2m2025-04-14 13:41:18.246[0;39m [[32mDEBUG[0;39m] [35m88914[0;39m [2m[io-8080-exec-10 ][0;39m [32mnet.mingsoft.basic.util.BasicUtil[0;39m:399 [2m:[0;39m headers:{}
[2m2025-04-14 13:41:18.250[0;39m [[32mDEBUG[0;39m] [35m88914[0;39m [2m[nio-8080-exec-2 ][0;39m [32mnet.mingsoft.basic.util.BasicUtil[0;39m:399 [2m:[0;39m headers:{}
[2m2025-04-14 13:41:18.254[0;39m [[32mDEBUG[0;39m] [35m88914[0;39m [2m[io-8080-exec-10 ][0;39m [32mnet.mingsoft.basic.util.BasicUtil[0;39m:399 [2m:[0;39m headers:{}
[2m2025-04-14 13:41:18.255[0;39m [[32mDEBUG[0;39m] [35m88914[0;39m [2m[nio-8080-exec-6 ][0;39m [32mnet.mingsoft.basic.util.BasicUtil[0;39m:399 [2m:[0;39m headers:{}
[2m2025-04-14 13:41:18.257[0;39m [[32mDEBUG[0;39m] [35m88914[0;39m [2m[nio-8080-exec-6 ][0;39m [32mnet.mingsoft.basic.util.BasicUtil[0;39m:399 [2m:[0;39m headers:{}
[2m2025-04-14 13:41:18.257[0;39m [[32mDEBUG[0;39m] [35m88914[0;39m [2m[nio-8080-exec-9 ][0;39m [32mnet.mingsoft.basic.util.BasicUtil[0;39m:399 [2m:[0;39m headers:{}
[2m2025-04-14 13:41:18.260[0;39m [[32mDEBUG[0;39m] [35m88914[0;39m [2m[io-8080-exec-10 ][0;39m [32mnet.mingsoft.basic.util.BasicUtil[0;39m:399 [2m:[0;39m headers:{}
[2m2025-04-14 13:41:18.260[0;39m [[32mDEBUG[0;39m] [35m88914[0;39m [2m[nio-8080-exec-5 ][0;39m [32mnet.mingsoft.basic.util.BasicUtil[0;39m:399 [2m:[0;39m headers:{}
[2m2025-04-14 13:41:18.276[0;39m [[32mDEBUG[0;39m] [35m88914[0;39m [2m[nio-8080-exec-1 ][0;39m [32mnet.mingsoft.basic.util.BasicUtil[0;39m:399 [2m:[0;39m headers:{}
[2m2025-04-14 13:41:18.279[0;39m [[32mDEBUG[0;39m] [35m88914[0;39m [2m[nio-8080-exec-5 ][0;39m [32mnet.mingsoft.basic.util.BasicUtil[0;39m:399 [2m:[0;39m headers:{}
[2m2025-04-14 13:41:18.282[0;39m [[32mDEBUG[0;39m] [35m88914[0;39m [2m[nio-8080-exec-5 ][0;39m [32mnet.mingsoft.basic.exception.ErrorController[0;39m:73 [2m:[0;39m error status 404 NOT_FOUND, error {timestamp=2025-04-14T13:41:18.281+0800, status=404, error=Not Found, path=/upload/1/appLogo/1910642617297846272.png},url /error
[2m2025-04-14 13:41:18.307[0;39m [[32mDEBUG[0;39m] [35m88914[0;39m [2m[nio-8080-exec-5 ][0;39m [32mnet.mingsoft.basic.util.BasicUtil[0;39m:399 [2m:[0;39m headers:{}
[2m2025-04-14 13:41:20.247[0;39m [[32mDEBUG[0;39m] [35m88914[0;39m [2m[nio-8080-exec-9 ][0;39m [32mnet.mingsoft.basic.util.BasicUtil[0;39m:399 [2m:[0;39m headers:{}
[2m2025-04-14 13:41:20.248[0;39m [[32mDEBUG[0;39m] [35m88914[0;39m [2m[nio-8080-exec-9 ][0;39m [32mnet.mingsoft.basic.util.BasicUtil[0;39m:399 [2m:[0;39m headers:{}
[2m2025-04-14 13:41:20.248[0;39m [[32mDEBUG[0;39m] [35m88914[0;39m [2m[nio-8080-exec-9 ][0;39m [32mnet.mingsoft.basic.action.web.IndexAction[0;39m:67 [2m:[0;39m basic index
[2m2025-04-14 13:41:20.249[0;39m [[32mDEBUG[0;39m] [35m88914[0;39m [2m[nio-8080-exec-9 ][0;39m [32mnet.mingsoft.basic.util.BasicUtil[0;39m:349 [2m:[0;39m server:localhost,basePath:http://localhost:8080/
[2m2025-04-14 13:41:20.249[0;39m [[32mDEBUG[0;39m] [35m88914[0;39m [2m[nio-8080-exec-9 ][0;39m [32mnet.mingsoft.basic.util.BasicUtil[0;39m:893 [2m:[0;39m filePath html/web/default.html
[2m2025-04-14 13:41:20.249[0;39m [[32mDEBUG[0;39m] [35m88914[0;39m [2m[nio-8080-exec-9 ][0;39m [32mnet.mingsoft.basic.util.BasicUtil[0;39m:895 [2m:[0;39m classPath /Users/unk/ssd/IdeaProjects/github/MCMS/target/classes/
[2m2025-04-14 13:41:20.249[0;39m [[32mDEBUG[0;39m] [35m88914[0;39m [2m[nio-8080-exec-9 ][0;39m [32mnet.mingsoft.basic.util.BasicUtil[0;39m:899 [2m:[0;39m servlet org.apache.catalina.core.ApplicationContextFacade@285e936c
[2m2025-04-14 13:41:20.249[0;39m [[32mDEBUG[0;39m] [35m88914[0;39m [2m[nio-8080-exec-9 ][0;39m [32mnet.mingsoft.basic.util.BasicUtil[0;39m:901 [2m:[0;39m path /Users/unk/ssd/IdeaProjects/github/MCMS/src/main/webapp/
[2m2025-04-14 13:41:20.249[0;39m [[32mDEBUG[0;39m] [35m88914[0;39m [2m[nio-8080-exec-9 ][0;39m [32mnet.mingsoft.basic.action.web.IndexAction[0;39m:81 [2m:[0;39m defaultHtmlPath /Users/unk/ssd/IdeaProjects/github/MCMS/src/main/webapp/html/web/default.html
[2m2025-04-14 13:41:20.249[0;39m [[32mDEBUG[0;39m] [35m88914[0;39m [2m[nio-8080-exec-9 ][0;39m [32mnet.mingsoft.basic.action.web.IndexAction[0;39m:88 [2m:[0;39m indexPosition html/web/index.html
[2m2025-04-14 13:41:20.251[0;39m [[32mDEBUG[0;39m] [35m88914[0;39m [2m[nio-8080-exec-9 ][0;39m [32mnet.mingsoft.basic.util.BasicUtil[0;39m:399 [2m:[0;39m headers:{}
[2m2025-04-14 13:41:20.281[0;39m [[32mDEBUG[0;39m] [35m88914[0;39m [2m[nio-8080-exec-6 ][0;39m [32mnet.mingsoft.basic.util.BasicUtil[0;39m:399 [2m:[0;39m headers:{}
[2m2025-04-14 13:41:20.282[0;39m [[32mDEBUG[0;39m] [35m88914[0;39m [2m[nio-8080-exec-6 ][0;39m [32mnet.mingsoft.basic.exception.ErrorController[0;39m:73 [2m:[0;39m error status 404 NOT_FOUND, error {timestamp=2025-04-14T13:41:20.282+0800, status=404, error=Not Found, path=/upload/1/appLogo/1910642617297846272.png},url /error
[2m2025-04-14 13:41:20.325[0;39m [[32mDEBUG[0;39m] [35m88914[0;39m [2m[nio-8080-exec-4 ][0;39m [32mnet.mingsoft.basic.util.BasicUtil[0;39m:399 [2m:[0;39m headers:{}
[2m2025-04-14 13:41:20.325[0;39m [[32mDEBUG[0;39m] [35m88914[0;39m [2m[nio-8080-exec-4 ][0;39m [32mnet.mingsoft.basic.exception.ErrorController[0;39m:73 [2m:[0;39m error status 404 NOT_FOUND, error {timestamp=2025-04-14T13:41:20.325+0800, status=404, error=Not Found, path=/upload/1/appLogo/1910642617297846272.png},url /error
[2m2025-04-14 13:41:43.778[0;39m [[32mDEBUG[0;39m] [35m88914[0;39m [2m[nio-8080-exec-2 ][0;39m [32mnet.mingsoft.basic.util.BasicUtil[0;39m:349 [2m:[0;39m server:localhost,basePath:http://localhost:8080/
[2m2025-04-14 13:41:43.998[0;39m [[32mDEBUG[0;39m] [35m88914[0;39m [2m[nio-8080-exec-1 ][0;39m [32mnet.mingsoft.basic.util.BasicUtil[0;39m:399 [2m:[0;39m headers:{}
[2m2025-04-14 13:41:44.000[0;39m [[32mDEBUG[0;39m] [35m88914[0;39m [2m[nio-8080-exec-3 ][0;39m [32mnet.mingsoft.basic.util.BasicUtil[0;39m:399 [2m:[0;39m headers:{}
[2m2025-04-14 13:41:44.012[0;39m [[32mDEBUG[0;39m] [35m88914[0;39m [2m[nio-8080-exec-3 ][0;39m [32mnet.mingsoft.basic.dao.IAppDao[0;39m:60 [2m:[0;39m Cache Hit Ratio [net.mingsoft.basic.dao.IAppDao]: 0.6666666666666666
[2m2025-04-14 13:41:56.023[0;39m [[32mDEBUG[0;39m] [35m88914[0;39m [2m[nio-8080-exec-4 ][0;39m [32mnet.mingsoft.basic.action.web.LoginAction[0;39m:112 [2m:[0;39m basic checkLogin
[2m2025-04-14 13:41:56.025[0;39m [[32mDEBUG[0;39m] [35m88914[0;39m [2m[nio-8080-exec-4 ][0;39m [32mnet.mingsoft.basic.dao.IManagerDao.updateCache[0;39m:135 [2m:[0;39m ==>  Preparing: UPDATE manager set del=del where del < 0
[2m2025-04-14 13:41:56.026[0;39m [[32mDEBUG[0;39m] [35m88914[0;39m [2m[nio-8080-exec-4 ][0;39m [32mnet.mingsoft.basic.dao.IManagerDao.updateCache[0;39m:135 [2m:[0;39m ==> Parameters: 
[2m2025-04-14 13:41:56.027[0;39m [[32mDEBUG[0;39m] [35m88914[0;39m [2m[nio-8080-exec-4 ][0;39m [32mnet.mingsoft.basic.dao.IManagerDao.updateCache[0;39m:135 [2m:[0;39m <==    Updates: 0
[2m2025-04-14 13:41:56.027[0;39m [[32mDEBUG[0;39m] [35m88914[0;39m [2m[nio-8080-exec-4 ][0;39m [32mnet.mingsoft.basic.dao.IManagerDao[0;39m:60 [2m:[0;39m Cache Hit Ratio [net.mingsoft.basic.dao.IManagerDao]: 0.9318181818181818
[2m2025-04-14 13:41:56.028[0;39m [[32mDEBUG[0;39m] [35m88914[0;39m [2m[nio-8080-exec-4 ][0;39m [32mnet.mingsoft.basic.dao.IManagerDao.getByEntity[0;39m:135 [2m:[0;39m ==>  Preparing: select * from manager WHERE MANAGER_NAME=?
[2m2025-04-14 13:41:56.028[0;39m [[32mDEBUG[0;39m] [35m88914[0;39m [2m[nio-8080-exec-4 ][0;39m [32mnet.mingsoft.basic.dao.IManagerDao.getByEntity[0;39m:135 [2m:[0;39m ==> Parameters: admin(String)
[2m2025-04-14 13:41:56.029[0;39m [[32mDEBUG[0;39m] [35m88914[0;39m [2m[nio-8080-exec-4 ][0;39m [32mnet.mingsoft.basic.dao.IManagerDao.getByEntity[0;39m:135 [2m:[0;39m <==      Total: 0
[2m2025-04-14 13:41:56.044[0;39m [[32mDEBUG[0;39m] [35m88914[0;39m [2m[nio-8080-exec-8 ][0;39m [32mnet.mingsoft.basic.util.BasicUtil[0;39m:399 [2m:[0;39m headers:{}
[2m2025-04-14 13:41:59.606[0;39m [[32mDEBUG[0;39m] [35m88914[0;39m [2m[nio-8080-exec-5 ][0;39m [32mnet.mingsoft.basic.action.web.LoginAction[0;39m:112 [2m:[0;39m basic checkLogin
[2m2025-04-14 13:41:59.607[0;39m [[32mDEBUG[0;39m] [35m88914[0;39m [2m[nio-8080-exec-5 ][0;39m [32mnet.mingsoft.basic.dao.IManagerDao.updateCache[0;39m:135 [2m:[0;39m ==>  Preparing: UPDATE manager set del=del where del < 0
[2m2025-04-14 13:41:59.607[0;39m [[32mDEBUG[0;39m] [35m88914[0;39m [2m[nio-8080-exec-5 ][0;39m [32mnet.mingsoft.basic.dao.IManagerDao.updateCache[0;39m:135 [2m:[0;39m ==> Parameters: 
[2m2025-04-14 13:41:59.608[0;39m [[32mDEBUG[0;39m] [35m88914[0;39m [2m[nio-8080-exec-5 ][0;39m [32mnet.mingsoft.basic.dao.IManagerDao.updateCache[0;39m:135 [2m:[0;39m <==    Updates: 0
[2m2025-04-14 13:41:59.608[0;39m [[32mDEBUG[0;39m] [35m88914[0;39m [2m[nio-8080-exec-5 ][0;39m [32mnet.mingsoft.basic.dao.IManagerDao[0;39m:60 [2m:[0;39m Cache Hit Ratio [net.mingsoft.basic.dao.IManagerDao]: 0.9111111111111111
[2m2025-04-14 13:41:59.608[0;39m [[32mDEBUG[0;39m] [35m88914[0;39m [2m[nio-8080-exec-5 ][0;39m [32mnet.mingsoft.basic.dao.IManagerDao.getByEntity[0;39m:135 [2m:[0;39m ==>  Preparing: select * from manager WHERE MANAGER_NAME=?
[2m2025-04-14 13:41:59.608[0;39m [[32mDEBUG[0;39m] [35m88914[0;39m [2m[nio-8080-exec-5 ][0;39m [32mnet.mingsoft.basic.dao.IManagerDao.getByEntity[0;39m:135 [2m:[0;39m ==> Parameters: admin(String)
[2m2025-04-14 13:41:59.609[0;39m [[32mDEBUG[0;39m] [35m88914[0;39m [2m[nio-8080-exec-5 ][0;39m [32mnet.mingsoft.basic.dao.IManagerDao.getByEntity[0;39m:135 [2m:[0;39m <==      Total: 0
[2m2025-04-14 13:41:59.617[0;39m [[32mDEBUG[0;39m] [35m88914[0;39m [2m[io-8080-exec-10 ][0;39m [32mnet.mingsoft.basic.util.BasicUtil[0;39m:399 [2m:[0;39m headers:{}
[2m2025-04-14 13:42:08.375[0;39m [[32mDEBUG[0;39m] [35m88914[0;39m [2m[nio-8080-exec-2 ][0;39m [32mnet.mingsoft.basic.action.web.LoginAction[0;39m:112 [2m:[0;39m basic checkLogin
[2m2025-04-14 13:42:08.387[0;39m [[32mDEBUG[0;39m] [35m88914[0;39m [2m[nio-8080-exec-2 ][0;39m [32mnet.mingsoft.basic.dao.IManagerDao.updateCache[0;39m:135 [2m:[0;39m ==>  Preparing: UPDATE manager set del=del where del < 0
[2m2025-04-14 13:42:08.388[0;39m [[32mDEBUG[0;39m] [35m88914[0;39m [2m[nio-8080-exec-2 ][0;39m [32mnet.mingsoft.basic.dao.IManagerDao.updateCache[0;39m:135 [2m:[0;39m ==> Parameters: 
[2m2025-04-14 13:42:08.391[0;39m [[32mDEBUG[0;39m] [35m88914[0;39m [2m[nio-8080-exec-2 ][0;39m [32mnet.mingsoft.basic.dao.IManagerDao.updateCache[0;39m:135 [2m:[0;39m <==    Updates: 0
[2m2025-04-14 13:42:08.393[0;39m [[32mDEBUG[0;39m] [35m88914[0;39m [2m[nio-8080-exec-2 ][0;39m [32mnet.mingsoft.basic.dao.IManagerDao[0;39m:60 [2m:[0;39m Cache Hit Ratio [net.mingsoft.basic.dao.IManagerDao]: 0.8913043478260869
[2m2025-04-14 13:42:08.394[0;39m [[32mDEBUG[0;39m] [35m88914[0;39m [2m[nio-8080-exec-2 ][0;39m [32mnet.mingsoft.basic.dao.IManagerDao.getByEntity[0;39m:135 [2m:[0;39m ==>  Preparing: select * from manager WHERE MANAGER_NAME=?
[2m2025-04-14 13:42:08.394[0;39m [[32mDEBUG[0;39m] [35m88914[0;39m [2m[nio-8080-exec-2 ][0;39m [32mnet.mingsoft.basic.dao.IManagerDao.getByEntity[0;39m:135 [2m:[0;39m ==> Parameters: admin(String)
[2m2025-04-14 13:42:08.395[0;39m [[32mDEBUG[0;39m] [35m88914[0;39m [2m[nio-8080-exec-2 ][0;39m [32mnet.mingsoft.basic.dao.IManagerDao.getByEntity[0;39m:135 [2m:[0;39m <==      Total: 0
[2m2025-04-14 13:42:08.414[0;39m [[32mDEBUG[0;39m] [35m88914[0;39m [2m[nio-8080-exec-1 ][0;39m [32mnet.mingsoft.basic.util.BasicUtil[0;39m:399 [2m:[0;39m headers:{}
[2m2025-04-14 13:43:02.543[0;39m [[32mDEBUG[0;39m] [35m88914[0;39m [2m[nio-8080-exec-9 ][0;39m [32mnet.mingsoft.basic.action.web.LoginAction[0;39m:112 [2m:[0;39m basic checkLogin
[2m2025-04-14 13:43:02.549[0;39m [[32mDEBUG[0;39m] [35m88914[0;39m [2m[nio-8080-exec-9 ][0;39m [32mnet.mingsoft.basic.dao.IManagerDao.updateCache[0;39m:135 [2m:[0;39m ==>  Preparing: UPDATE manager set del=del where del < 0
[2m2025-04-14 13:43:02.549[0;39m [[32mDEBUG[0;39m] [35m88914[0;39m [2m[nio-8080-exec-9 ][0;39m [32mnet.mingsoft.basic.dao.IManagerDao.updateCache[0;39m:135 [2m:[0;39m ==> Parameters: 
[2m2025-04-14 13:43:02.551[0;39m [[32mDEBUG[0;39m] [35m88914[0;39m [2m[nio-8080-exec-9 ][0;39m [32mnet.mingsoft.basic.dao.IManagerDao.updateCache[0;39m:135 [2m:[0;39m <==    Updates: 0
[2m2025-04-14 13:43:02.553[0;39m [[32mDEBUG[0;39m] [35m88914[0;39m [2m[nio-8080-exec-9 ][0;39m [32mnet.mingsoft.basic.dao.IManagerDao[0;39m:60 [2m:[0;39m Cache Hit Ratio [net.mingsoft.basic.dao.IManagerDao]: 0.8723404255319149
[2m2025-04-14 13:43:02.553[0;39m [[32mDEBUG[0;39m] [35m88914[0;39m [2m[nio-8080-exec-9 ][0;39m [32mnet.mingsoft.basic.dao.IManagerDao.getByEntity[0;39m:135 [2m:[0;39m ==>  Preparing: select * from manager WHERE MANAGER_NAME=?
[2m2025-04-14 13:43:02.554[0;39m [[32mDEBUG[0;39m] [35m88914[0;39m [2m[nio-8080-exec-9 ][0;39m [32mnet.mingsoft.basic.dao.IManagerDao.getByEntity[0;39m:135 [2m:[0;39m ==> Parameters: adminms(String)
[2m2025-04-14 13:43:02.556[0;39m [[32mDEBUG[0;39m] [35m88914[0;39m [2m[nio-8080-exec-9 ][0;39m [32mnet.mingsoft.basic.dao.IManagerDao.getByEntity[0;39m:135 [2m:[0;39m <==      Total: 0
[2m2025-04-14 13:43:02.570[0;39m [[32mDEBUG[0;39m] [35m88914[0;39m [2m[nio-8080-exec-6 ][0;39m [32mnet.mingsoft.basic.util.BasicUtil[0;39m:399 [2m:[0;39m headers:{}
[2m2025-04-14 13:43:27.986[0;39m [[32mDEBUG[0;39m] [35m88914[0;39m [2m[nio-8080-exec-8 ][0;39m [32mnet.mingsoft.basic.action.web.LoginAction[0;39m:112 [2m:[0;39m basic checkLogin
[2m2025-04-14 13:43:27.988[0;39m [[32mDEBUG[0;39m] [35m88914[0;39m [2m[nio-8080-exec-8 ][0;39m [32mnet.mingsoft.basic.dao.IManagerDao.updateCache[0;39m:135 [2m:[0;39m ==>  Preparing: UPDATE manager set del=del where del < 0
[2m2025-04-14 13:43:27.988[0;39m [[32mDEBUG[0;39m] [35m88914[0;39m [2m[nio-8080-exec-8 ][0;39m [32mnet.mingsoft.basic.dao.IManagerDao.updateCache[0;39m:135 [2m:[0;39m ==> Parameters: 
[2m2025-04-14 13:43:27.989[0;39m [[32mDEBUG[0;39m] [35m88914[0;39m [2m[nio-8080-exec-8 ][0;39m [32mnet.mingsoft.basic.dao.IManagerDao.updateCache[0;39m:135 [2m:[0;39m <==    Updates: 0
[2m2025-04-14 13:43:27.990[0;39m [[32mDEBUG[0;39m] [35m88914[0;39m [2m[nio-8080-exec-8 ][0;39m [32mnet.mingsoft.basic.dao.IManagerDao[0;39m:60 [2m:[0;39m Cache Hit Ratio [net.mingsoft.basic.dao.IManagerDao]: 0.8541666666666666
[2m2025-04-14 13:43:27.990[0;39m [[32mDEBUG[0;39m] [35m88914[0;39m [2m[nio-8080-exec-8 ][0;39m [32mnet.mingsoft.basic.dao.IManagerDao.getByEntity[0;39m:135 [2m:[0;39m ==>  Preparing: select * from manager WHERE MANAGER_NAME=?
[2m2025-04-14 13:43:27.990[0;39m [[32mDEBUG[0;39m] [35m88914[0;39m [2m[nio-8080-exec-8 ][0;39m [32mnet.mingsoft.basic.dao.IManagerDao.getByEntity[0;39m:135 [2m:[0;39m ==> Parameters: adminms(String)
[2m2025-04-14 13:43:27.991[0;39m [[32mDEBUG[0;39m] [35m88914[0;39m [2m[nio-8080-exec-8 ][0;39m [32mnet.mingsoft.basic.dao.IManagerDao.getByEntity[0;39m:135 [2m:[0;39m <==      Total: 0
[2m2025-04-14 13:43:28.008[0;39m [[32mDEBUG[0;39m] [35m88914[0;39m [2m[nio-8080-exec-5 ][0;39m [32mnet.mingsoft.basic.util.BasicUtil[0;39m:399 [2m:[0;39m headers:{}
[2m2025-04-14 13:44:58.680[0;39m [[32mDEBUG[0;39m] [35m88914[0;39m [2m[nio-8080-exec-7 ][0;39m [32mnet.mingsoft.basic.action.web.LoginAction[0;39m:112 [2m:[0;39m basic checkLogin
[2m2025-04-14 13:44:58.687[0;39m [[32mDEBUG[0;39m] [35m88914[0;39m [2m[nio-8080-exec-7 ][0;39m [32mnet.mingsoft.basic.dao.IManagerDao.updateCache[0;39m:135 [2m:[0;39m ==>  Preparing: UPDATE manager set del=del where del < 0
[2m2025-04-14 13:44:58.688[0;39m [[32mDEBUG[0;39m] [35m88914[0;39m [2m[nio-8080-exec-7 ][0;39m [32mnet.mingsoft.basic.dao.IManagerDao.updateCache[0;39m:135 [2m:[0;39m ==> Parameters: 
[2m2025-04-14 13:44:58.690[0;39m [[32mDEBUG[0;39m] [35m88914[0;39m [2m[nio-8080-exec-7 ][0;39m [32mnet.mingsoft.basic.dao.IManagerDao.updateCache[0;39m:135 [2m:[0;39m <==    Updates: 0
[2m2025-04-14 13:44:58.692[0;39m [[32mDEBUG[0;39m] [35m88914[0;39m [2m[nio-8080-exec-7 ][0;39m [32mnet.mingsoft.basic.dao.IManagerDao[0;39m:60 [2m:[0;39m Cache Hit Ratio [net.mingsoft.basic.dao.IManagerDao]: 0.8367346938775511
[2m2025-04-14 13:44:58.693[0;39m [[32mDEBUG[0;39m] [35m88914[0;39m [2m[nio-8080-exec-7 ][0;39m [32mnet.mingsoft.basic.dao.IManagerDao.getByEntity[0;39m:135 [2m:[0;39m ==>  Preparing: select * from manager WHERE MANAGER_NAME=?
[2m2025-04-14 13:44:58.693[0;39m [[32mDEBUG[0;39m] [35m88914[0;39m [2m[nio-8080-exec-7 ][0;39m [32mnet.mingsoft.basic.dao.IManagerDao.getByEntity[0;39m:135 [2m:[0;39m ==> Parameters: admin(String)
[2m2025-04-14 13:44:58.694[0;39m [[32mDEBUG[0;39m] [35m88914[0;39m [2m[nio-8080-exec-7 ][0;39m [32mnet.mingsoft.basic.dao.IManagerDao.getByEntity[0;39m:135 [2m:[0;39m <==      Total: 0
[2m2025-04-14 13:44:58.708[0;39m [[32mDEBUG[0;39m] [35m88914[0;39m [2m[nio-8080-exec-2 ][0;39m [32mnet.mingsoft.basic.util.BasicUtil[0;39m:399 [2m:[0;39m headers:{}
[2m2025-04-14 13:45:16.257[0;39m [[32mDEBUG[0;39m] [35m88914[0;39m [2m[nio-8080-exec-3 ][0;39m [32mnet.mingsoft.basic.action.web.LoginAction[0;39m:112 [2m:[0;39m basic checkLogin
[2m2025-04-14 13:45:16.260[0;39m [[32mDEBUG[0;39m] [35m88914[0;39m [2m[nio-8080-exec-3 ][0;39m [32mnet.mingsoft.basic.dao.IManagerDao.updateCache[0;39m:135 [2m:[0;39m ==>  Preparing: UPDATE manager set del=del where del < 0
[2m2025-04-14 13:45:16.260[0;39m [[32mDEBUG[0;39m] [35m88914[0;39m [2m[nio-8080-exec-3 ][0;39m [32mnet.mingsoft.basic.dao.IManagerDao.updateCache[0;39m:135 [2m:[0;39m ==> Parameters: 
[2m2025-04-14 13:45:16.261[0;39m [[32mDEBUG[0;39m] [35m88914[0;39m [2m[nio-8080-exec-3 ][0;39m [32mnet.mingsoft.basic.dao.IManagerDao.updateCache[0;39m:135 [2m:[0;39m <==    Updates: 0
[2m2025-04-14 13:45:16.262[0;39m [[32mDEBUG[0;39m] [35m88914[0;39m [2m[nio-8080-exec-3 ][0;39m [32mnet.mingsoft.basic.dao.IManagerDao[0;39m:60 [2m:[0;39m Cache Hit Ratio [net.mingsoft.basic.dao.IManagerDao]: 0.82
[2m2025-04-14 13:45:16.263[0;39m [[32mDEBUG[0;39m] [35m88914[0;39m [2m[nio-8080-exec-3 ][0;39m [32mnet.mingsoft.basic.dao.IManagerDao.getByEntity[0;39m:135 [2m:[0;39m ==>  Preparing: select * from manager WHERE MANAGER_NAME=?
[2m2025-04-14 13:45:16.263[0;39m [[32mDEBUG[0;39m] [35m88914[0;39m [2m[nio-8080-exec-3 ][0;39m [32mnet.mingsoft.basic.dao.IManagerDao.getByEntity[0;39m:135 [2m:[0;39m ==> Parameters: msopen(String)
[2m2025-04-14 13:45:16.264[0;39m [[32mDEBUG[0;39m] [35m88914[0;39m [2m[nio-8080-exec-3 ][0;39m [32mnet.mingsoft.basic.dao.IManagerDao.getByEntity[0;39m:135 [2m:[0;39m <==      Total: 1
[2m2025-04-14 13:45:16.277[0;39m [[32mDEBUG[0;39m] [35m88914[0;39m [2m[nio-8080-exec-9 ][0;39m [32mnet.mingsoft.basic.util.BasicUtil[0;39m:399 [2m:[0;39m headers:{}
[2m2025-04-14 13:45:24.011[0;39m [[32mDEBUG[0;39m] [35m88914[0;39m [2m[nio-8080-exec-4 ][0;39m [32mnet.mingsoft.basic.action.web.LoginAction[0;39m:112 [2m:[0;39m basic checkLogin
[2m2025-04-14 13:45:24.012[0;39m [[32mDEBUG[0;39m] [35m88914[0;39m [2m[nio-8080-exec-4 ][0;39m [32mnet.mingsoft.basic.dao.IManagerDao.updateCache[0;39m:135 [2m:[0;39m ==>  Preparing: UPDATE manager set del=del where del < 0
[2m2025-04-14 13:45:24.012[0;39m [[32mDEBUG[0;39m] [35m88914[0;39m [2m[nio-8080-exec-4 ][0;39m [32mnet.mingsoft.basic.dao.IManagerDao.updateCache[0;39m:135 [2m:[0;39m ==> Parameters: 
[2m2025-04-14 13:45:24.013[0;39m [[32mDEBUG[0;39m] [35m88914[0;39m [2m[nio-8080-exec-4 ][0;39m [32mnet.mingsoft.basic.dao.IManagerDao.updateCache[0;39m:135 [2m:[0;39m <==    Updates: 0
[2m2025-04-14 13:45:24.013[0;39m [[32mDEBUG[0;39m] [35m88914[0;39m [2m[nio-8080-exec-4 ][0;39m [32mnet.mingsoft.basic.dao.IManagerDao[0;39m:60 [2m:[0;39m Cache Hit Ratio [net.mingsoft.basic.dao.IManagerDao]: 0.803921568627451
[2m2025-04-14 13:45:24.014[0;39m [[32mDEBUG[0;39m] [35m88914[0;39m [2m[nio-8080-exec-4 ][0;39m [32mnet.mingsoft.basic.dao.IManagerDao.getByEntity[0;39m:135 [2m:[0;39m ==>  Preparing: select * from manager WHERE MANAGER_NAME=?
[2m2025-04-14 13:45:24.014[0;39m [[32mDEBUG[0;39m] [35m88914[0;39m [2m[nio-8080-exec-4 ][0;39m [32mnet.mingsoft.basic.dao.IManagerDao.getByEntity[0;39m:135 [2m:[0;39m ==> Parameters: msopen(String)
[2m2025-04-14 13:45:24.014[0;39m [[32mDEBUG[0;39m] [35m88914[0;39m [2m[nio-8080-exec-4 ][0;39m [32mnet.mingsoft.basic.dao.IManagerDao.getByEntity[0;39m:135 [2m:[0;39m <==      Total: 1
[2m2025-04-14 13:45:24.015[0;39m [[32mDEBUG[0;39m] [35m88914[0;39m [2m[nio-8080-exec-4 ][0;39m [32mnet.mingsoft.basic.dao.IManagerDao[0;39m:60 [2m:[0;39m Cache Hit Ratio [net.mingsoft.basic.dao.IManagerDao]: 0.8076923076923077
[2m2025-04-14 13:45:24.063[0;39m [[32mDEBUG[0;39m] [35m88914[0;39m [2m[nio-8080-exec-8 ][0;39m [32mnet.mingsoft.basic.dao.IModelDao[0;39m:60 [2m:[0;39m Cache Hit Ratio [net.mingsoft.basic.dao.IModelDao]: 0.5
[2m2025-04-14 13:45:24.072[0;39m [[32mDEBUG[0;39m] [35m88914[0;39m [2m[nio-8080-exec-8 ][0;39m [32mnet.mingsoft.basic.util.BasicUtil[0;39m:349 [2m:[0;39m server:localhost,basePath:http://localhost:8080/
[2m2025-04-14 13:45:24.081[0;39m [[32mDEBUG[0;39m] [35m88914[0;39m [2m[nio-8080-exec-8 ][0;39m [32mnet.mingsoft.basic.dao.IManagerDao[0;39m:60 [2m:[0;39m Cache Hit Ratio [net.mingsoft.basic.dao.IManagerDao]: 0.7924528301886793
[2m2025-04-14 13:45:24.081[0;39m [[32mDEBUG[0;39m] [35m88914[0;39m [2m[nio-8080-exec-8 ][0;39m [32mnet.mingsoft.basic.dao.IManagerDao.getByEntity[0;39m:135 [2m:[0;39m ==>  Preparing: select * from manager WHERE MANAGER_NAME=? and MANAGER_NICKNAME=? and MANAGER_PASSWORD=? and MANAGER_ADMIN=? and ROLE_IDS=?
[2m2025-04-14 13:45:24.082[0;39m [[32mDEBUG[0;39m] [35m88914[0;39m [2m[nio-8080-exec-8 ][0;39m [32mnet.mingsoft.basic.dao.IManagerDao.getByEntity[0;39m:135 [2m:[0;39m ==> Parameters: msopen(String), msopen(String), 9d8622060de5f24937b60585c3f4d66b(String), super(String), 48(String)
[2m2025-04-14 13:45:24.084[0;39m [[32mDEBUG[0;39m] [35m88914[0;39m [2m[nio-8080-exec-8 ][0;39m [32mnet.mingsoft.basic.dao.IManagerDao.getByEntity[0;39m:135 [2m:[0;39m <==      Total: 1
[2m2025-04-14 13:45:24.086[0;39m [[32mDEBUG[0;39m] [35m88914[0;39m [2m[nio-8080-exec-8 ][0;39m [32mnet.mingsoft.basic.dao.IModelDao.selectList[0;39m:135 [2m:[0;39m ==>  Preparing: SELECT id,model_title,model_datetime,model_id,model_url,model_code,is_child,model_icon,model_sort,model_ismenu,model_parent_ids,app_id,create_by,create_date,del,update_by,update_date FROM model
[2m2025-04-14 13:45:24.086[0;39m [[32mDEBUG[0;39m] [35m88914[0;39m [2m[nio-8080-exec-8 ][0;39m [32mnet.mingsoft.basic.dao.IModelDao.selectList[0;39m:135 [2m:[0;39m ==> Parameters: 
[2m2025-04-14 13:45:24.091[0;39m [[32mDEBUG[0;39m] [35m88914[0;39m [2m[nio-8080-exec-8 ][0;39m [32mnet.mingsoft.basic.dao.IModelDao.selectList[0;39m:135 [2m:[0;39m <==      Total: 94
[2m2025-04-14 13:45:24.241[0;39m [[32mDEBUG[0;39m] [35m88914[0;39m [2m[nio-8080-exec-7 ][0;39m [32mnet.mingsoft.basic.dao.IManagerDao[0;39m:60 [2m:[0;39m Cache Hit Ratio [net.mingsoft.basic.dao.IManagerDao]: 0.7962962962962963
[2m2025-04-14 13:45:24.244[0;39m [[32mDEBUG[0;39m] [35m88914[0;39m [2m[nio-8080-exec-7 ][0;39m [32mnet.mingsoft.basic.dao.IModelDao.selectList[0;39m:135 [2m:[0;39m ==>  Preparing: SELECT id,model_title,model_datetime,model_id,model_url,model_code,is_child,model_icon,model_sort,model_ismenu,model_parent_ids,app_id,create_by,create_date,del,update_by,update_date FROM model
[2m2025-04-14 13:45:24.244[0;39m [[32mDEBUG[0;39m] [35m88914[0;39m [2m[nio-8080-exec-7 ][0;39m [32mnet.mingsoft.basic.dao.IModelDao.selectList[0;39m:135 [2m:[0;39m ==> Parameters: 
[2m2025-04-14 13:45:24.248[0;39m [[32mDEBUG[0;39m] [35m88914[0;39m [2m[nio-8080-exec-7 ][0;39m [32mnet.mingsoft.basic.dao.IModelDao.selectList[0;39m:135 [2m:[0;39m <==      Total: 94
[2m2025-04-14 13:45:24.254[0;39m [[32mDEBUG[0;39m] [35m88914[0;39m [2m[nio-8080-exec-9 ][0;39m [32mnet.mingsoft.basic.util.BasicUtil[0;39m:349 [2m:[0;39m server:localhost,basePath:http://localhost:8080/
[2m2025-04-14 13:45:24.254[0;39m [[32mDEBUG[0;39m] [35m88914[0;39m [2m[nio-8080-exec-6 ][0;39m [32mnet.mingsoft.basic.dao.IManagerDao.selectById[0;39m:135 [2m:[0;39m ==>  Preparing: SELECT id,manager_name,MANAGER_NICKNAME,manager_password,manager_admin,role_ids,del,create_by,create_date,update_by,update_date FROM manager WHERE id=?
[2m2025-04-14 13:45:24.255[0;39m [[32mDEBUG[0;39m] [35m88914[0;39m [2m[nio-8080-exec-6 ][0;39m [32mnet.mingsoft.basic.dao.IManagerDao.selectById[0;39m:135 [2m:[0;39m ==> Parameters: 57(String)
[2m2025-04-14 13:45:24.256[0;39m [[32mDEBUG[0;39m] [35m88914[0;39m [2m[nio-8080-exec-6 ][0;39m [32mnet.mingsoft.basic.dao.IManagerDao.selectById[0;39m:135 [2m:[0;39m <==      Total: 1
[2m2025-04-14 13:45:24.344[0;39m [[32mDEBUG[0;39m] [35m88914[0;39m [2m[nio-8080-exec-2 ][0;39m [32mnet.mingsoft.basic.util.BasicUtil[0;39m:349 [2m:[0;39m server:localhost,basePath:http://localhost:8080/
[2m2025-04-14 13:45:24.353[0;39m [[32mDEBUG[0;39m] [35m88914[0;39m [2m[nio-8080-exec-1 ][0;39m [32mnet.mingsoft.basic.dao.IModelDao.selectList[0;39m:135 [2m:[0;39m ==>  Preparing: SELECT id,model_title,model_datetime,model_id,model_url,model_code,is_child,model_icon,model_sort,model_ismenu,model_parent_ids,app_id,create_by,create_date,del,update_by,update_date FROM model
[2m2025-04-14 13:45:24.353[0;39m [[32mDEBUG[0;39m] [35m88914[0;39m [2m[nio-8080-exec-1 ][0;39m [32mnet.mingsoft.basic.dao.IModelDao.selectList[0;39m:135 [2m:[0;39m ==> Parameters: 
[2m2025-04-14 13:45:24.357[0;39m [[32mDEBUG[0;39m] [35m88914[0;39m [2m[nio-8080-exec-1 ][0;39m [32mnet.mingsoft.basic.dao.IModelDao.selectList[0;39m:135 [2m:[0;39m <==      Total: 94
[2m2025-04-14 13:45:24.362[0;39m [[32mDEBUG[0;39m] [35m88914[0;39m [2m[nio-8080-exec-6 ][0;39m [32mnet.mingsoft.basic.util.BasicUtil[0;39m:349 [2m:[0;39m server:localhost,basePath:http://localhost:8080/
[2m2025-04-14 13:45:24.380[0;39m [[32mDEBUG[0;39m] [35m88914[0;39m [2m[nio-8080-exec-4 ][0;39m [32mnet.mingsoft.basic.dao.IManagerDao.selectById[0;39m:135 [2m:[0;39m ==>  Preparing: SELECT id,manager_name,MANAGER_NICKNAME,manager_password,manager_admin,role_ids,del,create_by,create_date,update_by,update_date FROM manager WHERE id=?
[2m2025-04-14 13:45:24.380[0;39m [[32mDEBUG[0;39m] [35m88914[0;39m [2m[nio-8080-exec-4 ][0;39m [32mnet.mingsoft.basic.dao.IManagerDao.selectById[0;39m:135 [2m:[0;39m ==> Parameters: 57(String)
[2m2025-04-14 13:45:24.381[0;39m [[32mDEBUG[0;39m] [35m88914[0;39m [2m[nio-8080-exec-4 ][0;39m [32mnet.mingsoft.basic.dao.IManagerDao.selectById[0;39m:135 [2m:[0;39m <==      Total: 1
[2m2025-04-14 13:45:32.177[0;39m [[32mDEBUG[0;39m] [35m88914[0;39m [2m[nio-8080-exec-5 ][0;39m [32mnet.mingsoft.basic.dao.IManagerDao[0;39m:60 [2m:[0;39m Cache Hit Ratio [net.mingsoft.basic.dao.IManagerDao]: 0.8
[2m2025-04-14 13:45:32.180[0;39m [[32mDEBUG[0;39m] [35m88914[0;39m [2m[nio-8080-exec-5 ][0;39m [32mnet.mingsoft.basic.dao.IModelDao.selectList[0;39m:135 [2m:[0;39m ==>  Preparing: SELECT id,model_title,model_datetime,model_id,model_url,model_code,is_child,model_icon,model_sort,model_ismenu,model_parent_ids,app_id,create_by,create_date,del,update_by,update_date FROM model
[2m2025-04-14 13:45:32.181[0;39m [[32mDEBUG[0;39m] [35m88914[0;39m [2m[nio-8080-exec-5 ][0;39m [32mnet.mingsoft.basic.dao.IModelDao.selectList[0;39m:135 [2m:[0;39m ==> Parameters: 
[2m2025-04-14 13:45:32.185[0;39m [[32mDEBUG[0;39m] [35m88914[0;39m [2m[nio-8080-exec-5 ][0;39m [32mnet.mingsoft.basic.dao.IModelDao.selectList[0;39m:135 [2m:[0;39m <==      Total: 94
[2m2025-04-14 13:45:32.187[0;39m [[32mDEBUG[0;39m] [35m88914[0;39m [2m[nio-8080-exec-5 ][0;39m [32mnet.mingsoft.basic.dao.IManagerDao[0;39m:60 [2m:[0;39m Cache Hit Ratio [net.mingsoft.basic.dao.IManagerDao]: 0.8035714285714286
[2m2025-04-14 13:45:32.188[0;39m [[32mDEBUG[0;39m] [35m88914[0;39m [2m[nio-8080-exec-5 ][0;39m [32mnet.mingsoft.basic.dao.IModelDao.selectList[0;39m:135 [2m:[0;39m ==>  Preparing: SELECT id,model_title,model_datetime,model_id,model_url,model_code,is_child,model_icon,model_sort,model_ismenu,model_parent_ids,app_id,create_by,create_date,del,update_by,update_date FROM model
[2m2025-04-14 13:45:32.188[0;39m [[32mDEBUG[0;39m] [35m88914[0;39m [2m[nio-8080-exec-5 ][0;39m [32mnet.mingsoft.basic.dao.IModelDao.selectList[0;39m:135 [2m:[0;39m ==> Parameters: 
[2m2025-04-14 13:45:32.191[0;39m [[32mDEBUG[0;39m] [35m88914[0;39m [2m[nio-8080-exec-5 ][0;39m [32mnet.mingsoft.basic.dao.IModelDao.selectList[0;39m:135 [2m:[0;39m <==      Total: 94
[2m2025-04-14 13:45:32.192[0;39m [[32mDEBUG[0;39m] [35m88914[0;39m [2m[nio-8080-exec-5 ][0;39m [32mnet.mingsoft.basic.dao.IManagerDao[0;39m:60 [2m:[0;39m Cache Hit Ratio [net.mingsoft.basic.dao.IManagerDao]: 0.8070175438596491
[2m2025-04-14 13:45:32.193[0;39m [[32mDEBUG[0;39m] [35m88914[0;39m [2m[nio-8080-exec-5 ][0;39m [32mnet.mingsoft.basic.dao.IModelDao.selectList[0;39m:135 [2m:[0;39m ==>  Preparing: SELECT id,model_title,model_datetime,model_id,model_url,model_code,is_child,model_icon,model_sort,model_ismenu,model_parent_ids,app_id,create_by,create_date,del,update_by,update_date FROM model
[2m2025-04-14 13:45:32.193[0;39m [[32mDEBUG[0;39m] [35m88914[0;39m [2m[nio-8080-exec-5 ][0;39m [32mnet.mingsoft.basic.dao.IModelDao.selectList[0;39m:135 [2m:[0;39m ==> Parameters: 
[2m2025-04-14 13:45:32.196[0;39m [[32mDEBUG[0;39m] [35m88914[0;39m [2m[nio-8080-exec-5 ][0;39m [32mnet.mingsoft.basic.dao.IModelDao.selectList[0;39m:135 [2m:[0;39m <==      Total: 94
[2m2025-04-14 13:45:32.197[0;39m [[32mDEBUG[0;39m] [35m88914[0;39m [2m[nio-8080-exec-5 ][0;39m [32mnet.mingsoft.basic.dao.IManagerDao[0;39m:60 [2m:[0;39m Cache Hit Ratio [net.mingsoft.basic.dao.IManagerDao]: 0.8103448275862069
[2m2025-04-14 13:45:32.198[0;39m [[32mDEBUG[0;39m] [35m88914[0;39m [2m[nio-8080-exec-5 ][0;39m [32mnet.mingsoft.basic.dao.IModelDao.selectList[0;39m:135 [2m:[0;39m ==>  Preparing: SELECT id,model_title,model_datetime,model_id,model_url,model_code,is_child,model_icon,model_sort,model_ismenu,model_parent_ids,app_id,create_by,create_date,del,update_by,update_date FROM model
[2m2025-04-14 13:45:32.198[0;39m [[32mDEBUG[0;39m] [35m88914[0;39m [2m[nio-8080-exec-5 ][0;39m [32mnet.mingsoft.basic.dao.IModelDao.selectList[0;39m:135 [2m:[0;39m ==> Parameters: 
[2m2025-04-14 13:45:32.201[0;39m [[32mDEBUG[0;39m] [35m88914[0;39m [2m[nio-8080-exec-5 ][0;39m [32mnet.mingsoft.basic.dao.IModelDao.selectList[0;39m:135 [2m:[0;39m <==      Total: 94
[2m2025-04-14 13:45:32.202[0;39m [[32mDEBUG[0;39m] [35m88914[0;39m [2m[nio-8080-exec-5 ][0;39m [32mnet.mingsoft.basic.dao.IManagerDao[0;39m:60 [2m:[0;39m Cache Hit Ratio [net.mingsoft.basic.dao.IManagerDao]: 0.8135593220338984
[2m2025-04-14 13:45:32.204[0;39m [[32mDEBUG[0;39m] [35m88914[0;39m [2m[nio-8080-exec-5 ][0;39m [32mnet.mingsoft.basic.dao.IModelDao.selectList[0;39m:135 [2m:[0;39m ==>  Preparing: SELECT id,model_title,model_datetime,model_id,model_url,model_code,is_child,model_icon,model_sort,model_ismenu,model_parent_ids,app_id,create_by,create_date,del,update_by,update_date FROM model
[2m2025-04-14 13:45:32.204[0;39m [[32mDEBUG[0;39m] [35m88914[0;39m [2m[nio-8080-exec-5 ][0;39m [32mnet.mingsoft.basic.dao.IModelDao.selectList[0;39m:135 [2m:[0;39m ==> Parameters: 
[2m2025-04-14 13:45:32.207[0;39m [[32mDEBUG[0;39m] [35m88914[0;39m [2m[nio-8080-exec-5 ][0;39m [32mnet.mingsoft.basic.dao.IModelDao.selectList[0;39m:135 [2m:[0;39m <==      Total: 94
[2m2025-04-14 13:45:32.208[0;39m [[32mDEBUG[0;39m] [35m88914[0;39m [2m[nio-8080-exec-5 ][0;39m [32mnet.mingsoft.basic.dao.IManagerDao[0;39m:60 [2m:[0;39m Cache Hit Ratio [net.mingsoft.basic.dao.IManagerDao]: 0.8166666666666667
[2m2025-04-14 13:45:32.208[0;39m [[32mDEBUG[0;39m] [35m88914[0;39m [2m[nio-8080-exec-5 ][0;39m [32mnet.mingsoft.basic.dao.IModelDao.selectList[0;39m:135 [2m:[0;39m ==>  Preparing: SELECT id,model_title,model_datetime,model_id,model_url,model_code,is_child,model_icon,model_sort,model_ismenu,model_parent_ids,app_id,create_by,create_date,del,update_by,update_date FROM model
[2m2025-04-14 13:45:32.208[0;39m [[32mDEBUG[0;39m] [35m88914[0;39m [2m[nio-8080-exec-5 ][0;39m [32mnet.mingsoft.basic.dao.IModelDao.selectList[0;39m:135 [2m:[0;39m ==> Parameters: 
[2m2025-04-14 13:45:32.210[0;39m [[32mDEBUG[0;39m] [35m88914[0;39m [2m[nio-8080-exec-5 ][0;39m [32mnet.mingsoft.basic.dao.IModelDao.selectList[0;39m:135 [2m:[0;39m <==      Total: 94
[2m2025-04-14 13:45:32.244[0;39m [[32mDEBUG[0;39m] [35m88914[0;39m [2m[nio-8080-exec-5 ][0;39m [32mnet.mingsoft.basic.dao.IManagerDao[0;39m:60 [2m:[0;39m Cache Hit Ratio [net.mingsoft.basic.dao.IManagerDao]: 0.819672131147541
[2m2025-04-14 13:45:32.245[0;39m [[32mDEBUG[0;39m] [35m88914[0;39m [2m[nio-8080-exec-5 ][0;39m [32mnet.mingsoft.basic.dao.IModelDao.selectList[0;39m:135 [2m:[0;39m ==>  Preparing: SELECT id,model_title,model_datetime,model_id,model_url,model_code,is_child,model_icon,model_sort,model_ismenu,model_parent_ids,app_id,create_by,create_date,del,update_by,update_date FROM model
[2m2025-04-14 13:45:32.245[0;39m [[32mDEBUG[0;39m] [35m88914[0;39m [2m[nio-8080-exec-5 ][0;39m [32mnet.mingsoft.basic.dao.IModelDao.selectList[0;39m:135 [2m:[0;39m ==> Parameters: 
[2m2025-04-14 13:45:32.247[0;39m [[32mDEBUG[0;39m] [35m88914[0;39m [2m[nio-8080-exec-5 ][0;39m [32mnet.mingsoft.basic.dao.IModelDao.selectList[0;39m:135 [2m:[0;39m <==      Total: 94
[2m2025-04-14 13:45:32.252[0;39m [[32mDEBUG[0;39m] [35m88914[0;39m [2m[nio-8080-exec-5 ][0;39m [32mnet.mingsoft.basic.dao.IManagerDao[0;39m:60 [2m:[0;39m Cache Hit Ratio [net.mingsoft.basic.dao.IManagerDao]: 0.8225806451612904
[2m2025-04-14 13:45:32.253[0;39m [[32mDEBUG[0;39m] [35m88914[0;39m [2m[nio-8080-exec-5 ][0;39m [32mnet.mingsoft.basic.dao.IModelDao.selectList[0;39m:135 [2m:[0;39m ==>  Preparing: SELECT id,model_title,model_datetime,model_id,model_url,model_code,is_child,model_icon,model_sort,model_ismenu,model_parent_ids,app_id,create_by,create_date,del,update_by,update_date FROM model
[2m2025-04-14 13:45:32.253[0;39m [[32mDEBUG[0;39m] [35m88914[0;39m [2m[nio-8080-exec-5 ][0;39m [32mnet.mingsoft.basic.dao.IModelDao.selectList[0;39m:135 [2m:[0;39m ==> Parameters: 
[2m2025-04-14 13:45:32.255[0;39m [[32mDEBUG[0;39m] [35m88914[0;39m [2m[nio-8080-exec-5 ][0;39m [32mnet.mingsoft.basic.dao.IModelDao.selectList[0;39m:135 [2m:[0;39m <==      Total: 94
[2m2025-04-14 13:45:32.256[0;39m [[32mDEBUG[0;39m] [35m88914[0;39m [2m[nio-8080-exec-5 ][0;39m [32mnet.mingsoft.basic.dao.IManagerDao[0;39m:60 [2m:[0;39m Cache Hit Ratio [net.mingsoft.basic.dao.IManagerDao]: 0.8253968253968254
[2m2025-04-14 13:45:32.256[0;39m [[32mDEBUG[0;39m] [35m88914[0;39m [2m[nio-8080-exec-5 ][0;39m [32mnet.mingsoft.basic.dao.IModelDao.selectList[0;39m:135 [2m:[0;39m ==>  Preparing: SELECT id,model_title,model_datetime,model_id,model_url,model_code,is_child,model_icon,model_sort,model_ismenu,model_parent_ids,app_id,create_by,create_date,del,update_by,update_date FROM model
[2m2025-04-14 13:45:32.256[0;39m [[32mDEBUG[0;39m] [35m88914[0;39m [2m[nio-8080-exec-5 ][0;39m [32mnet.mingsoft.basic.dao.IModelDao.selectList[0;39m:135 [2m:[0;39m ==> Parameters: 
[2m2025-04-14 13:45:32.258[0;39m [[32mDEBUG[0;39m] [35m88914[0;39m [2m[nio-8080-exec-5 ][0;39m [32mnet.mingsoft.basic.dao.IModelDao.selectList[0;39m:135 [2m:[0;39m <==      Total: 94
[2m2025-04-14 13:45:32.259[0;39m [[32mDEBUG[0;39m] [35m88914[0;39m [2m[nio-8080-exec-5 ][0;39m [32mnet.mingsoft.basic.dao.IManagerDao[0;39m:60 [2m:[0;39m Cache Hit Ratio [net.mingsoft.basic.dao.IManagerDao]: 0.828125
[2m2025-04-14 13:45:32.259[0;39m [[32mDEBUG[0;39m] [35m88914[0;39m [2m[nio-8080-exec-5 ][0;39m [32mnet.mingsoft.basic.dao.IModelDao.selectList[0;39m:135 [2m:[0;39m ==>  Preparing: SELECT id,model_title,model_datetime,model_id,model_url,model_code,is_child,model_icon,model_sort,model_ismenu,model_parent_ids,app_id,create_by,create_date,del,update_by,update_date FROM model
[2m2025-04-14 13:45:32.260[0;39m [[32mDEBUG[0;39m] [35m88914[0;39m [2m[nio-8080-exec-5 ][0;39m [32mnet.mingsoft.basic.dao.IModelDao.selectList[0;39m:135 [2m:[0;39m ==> Parameters: 
[2m2025-04-14 13:45:32.262[0;39m [[32mDEBUG[0;39m] [35m88914[0;39m [2m[nio-8080-exec-5 ][0;39m [32mnet.mingsoft.basic.dao.IModelDao.selectList[0;39m:135 [2m:[0;39m <==      Total: 94
[2m2025-04-14 13:45:32.263[0;39m [[32mDEBUG[0;39m] [35m88914[0;39m [2m[nio-8080-exec-5 ][0;39m [32mnet.mingsoft.basic.dao.IManagerDao[0;39m:60 [2m:[0;39m Cache Hit Ratio [net.mingsoft.basic.dao.IManagerDao]: 0.8307692307692308
[2m2025-04-14 13:45:32.263[0;39m [[32mDEBUG[0;39m] [35m88914[0;39m [2m[nio-8080-exec-5 ][0;39m [32mnet.mingsoft.basic.dao.IModelDao.selectList[0;39m:135 [2m:[0;39m ==>  Preparing: SELECT id,model_title,model_datetime,model_id,model_url,model_code,is_child,model_icon,model_sort,model_ismenu,model_parent_ids,app_id,create_by,create_date,del,update_by,update_date FROM model
[2m2025-04-14 13:45:32.263[0;39m [[32mDEBUG[0;39m] [35m88914[0;39m [2m[nio-8080-exec-5 ][0;39m [32mnet.mingsoft.basic.dao.IModelDao.selectList[0;39m:135 [2m:[0;39m ==> Parameters: 
[2m2025-04-14 13:45:32.266[0;39m [[32mDEBUG[0;39m] [35m88914[0;39m [2m[nio-8080-exec-5 ][0;39m [32mnet.mingsoft.basic.dao.IModelDao.selectList[0;39m:135 [2m:[0;39m <==      Total: 94
[2m2025-04-14 13:45:32.335[0;39m [[32mDEBUG[0;39m] [35m88914[0;39m [2m[nio-8080-exec-9 ][0;39m [32mnet.mingsoft.basic.dao.IManagerDao.selectById[0;39m:135 [2m:[0;39m ==>  Preparing: SELECT id,manager_name,MANAGER_NICKNAME,manager_password,manager_admin,role_ids,del,create_by,create_date,update_by,update_date FROM manager WHERE id=?
[2m2025-04-14 13:45:32.336[0;39m [[32mDEBUG[0;39m] [35m88914[0;39m [2m[nio-8080-exec-9 ][0;39m [32mnet.mingsoft.basic.dao.IManagerDao.selectById[0;39m:135 [2m:[0;39m ==> Parameters: 57(String)
[2m2025-04-14 13:45:32.337[0;39m [[32mDEBUG[0;39m] [35m88914[0;39m [2m[nio-8080-exec-9 ][0;39m [32mnet.mingsoft.basic.dao.IManagerDao.selectById[0;39m:135 [2m:[0;39m <==      Total: 1
[2m2025-04-14 13:45:32.372[0;39m [[32mDEBUG[0;39m] [35m88914[0;39m [2m[nio-8080-exec-4 ][0;39m [32mnet.mingsoft.basic.dao.IManagerDao[0;39m:60 [2m:[0;39m Cache Hit Ratio [net.mingsoft.basic.dao.IManagerDao]: 0.8333333333333334
[2m2025-04-14 13:45:32.372[0;39m [[32mDEBUG[0;39m] [35m88914[0;39m [2m[nio-8080-exec-4 ][0;39m [32mnet.mingsoft.basic.dao.IModelDao.selectList[0;39m:135 [2m:[0;39m ==>  Preparing: SELECT id,model_title,model_datetime,model_id,model_url,model_code,is_child,model_icon,model_sort,model_ismenu,model_parent_ids,app_id,create_by,create_date,del,update_by,update_date FROM model
[2m2025-04-14 13:45:32.373[0;39m [[32mDEBUG[0;39m] [35m88914[0;39m [2m[nio-8080-exec-4 ][0;39m [32mnet.mingsoft.basic.dao.IModelDao.selectList[0;39m:135 [2m:[0;39m ==> Parameters: 
[2m2025-04-14 13:45:32.375[0;39m [[32mDEBUG[0;39m] [35m88914[0;39m [2m[nio-8080-exec-4 ][0;39m [32mnet.mingsoft.basic.dao.IModelDao.selectList[0;39m:135 [2m:[0;39m <==      Total: 94
[2m2025-04-14 13:45:32.376[0;39m [[32mDEBUG[0;39m] [35m88914[0;39m [2m[nio-8080-exec-4 ][0;39m [32mnet.mingsoft.basic.dao.IManagerDao[0;39m:60 [2m:[0;39m Cache Hit Ratio [net.mingsoft.basic.dao.IManagerDao]: 0.835820895522388
[2m2025-04-14 13:45:32.377[0;39m [[32mDEBUG[0;39m] [35m88914[0;39m [2m[nio-8080-exec-4 ][0;39m [32mnet.mingsoft.basic.dao.IModelDao.selectList[0;39m:135 [2m:[0;39m ==>  Preparing: SELECT id,model_title,model_datetime,model_id,model_url,model_code,is_child,model_icon,model_sort,model_ismenu,model_parent_ids,app_id,create_by,create_date,del,update_by,update_date FROM model
[2m2025-04-14 13:45:32.377[0;39m [[32mDEBUG[0;39m] [35m88914[0;39m [2m[nio-8080-exec-4 ][0;39m [32mnet.mingsoft.basic.dao.IModelDao.selectList[0;39m:135 [2m:[0;39m ==> Parameters: 
[2m2025-04-14 13:45:32.379[0;39m [[32mDEBUG[0;39m] [35m88914[0;39m [2m[nio-8080-exec-4 ][0;39m [32mnet.mingsoft.basic.dao.IModelDao.selectList[0;39m:135 [2m:[0;39m <==      Total: 94
[2m2025-04-14 13:45:32.380[0;39m [[32mDEBUG[0;39m] [35m88914[0;39m [2m[nio-8080-exec-4 ][0;39m [32mnet.mingsoft.basic.dao.IManagerDao[0;39m:60 [2m:[0;39m Cache Hit Ratio [net.mingsoft.basic.dao.IManagerDao]: 0.8382352941176471
[2m2025-04-14 13:45:32.380[0;39m [[32mDEBUG[0;39m] [35m88914[0;39m [2m[nio-8080-exec-4 ][0;39m [32mnet.mingsoft.basic.dao.IModelDao.selectList[0;39m:135 [2m:[0;39m ==>  Preparing: SELECT id,model_title,model_datetime,model_id,model_url,model_code,is_child,model_icon,model_sort,model_ismenu,model_parent_ids,app_id,create_by,create_date,del,update_by,update_date FROM model
[2m2025-04-14 13:45:32.380[0;39m [[32mDEBUG[0;39m] [35m88914[0;39m [2m[nio-8080-exec-4 ][0;39m [32mnet.mingsoft.basic.dao.IModelDao.selectList[0;39m:135 [2m:[0;39m ==> Parameters: 
[2m2025-04-14 13:45:32.382[0;39m [[32mDEBUG[0;39m] [35m88914[0;39m [2m[nio-8080-exec-4 ][0;39m [32mnet.mingsoft.basic.dao.IModelDao.selectList[0;39m:135 [2m:[0;39m <==      Total: 94
[2m2025-04-14 13:45:32.383[0;39m [[32mDEBUG[0;39m] [35m88914[0;39m [2m[nio-8080-exec-4 ][0;39m [32mnet.mingsoft.basic.dao.IManagerDao[0;39m:60 [2m:[0;39m Cache Hit Ratio [net.mingsoft.basic.dao.IManagerDao]: 0.8405797101449275
[2m2025-04-14 13:45:32.384[0;39m [[32mDEBUG[0;39m] [35m88914[0;39m [2m[nio-8080-exec-4 ][0;39m [32mnet.mingsoft.basic.dao.IModelDao.selectList[0;39m:135 [2m:[0;39m ==>  Preparing: SELECT id,model_title,model_datetime,model_id,model_url,model_code,is_child,model_icon,model_sort,model_ismenu,model_parent_ids,app_id,create_by,create_date,del,update_by,update_date FROM model
[2m2025-04-14 13:45:32.384[0;39m [[32mDEBUG[0;39m] [35m88914[0;39m [2m[nio-8080-exec-4 ][0;39m [32mnet.mingsoft.basic.dao.IModelDao.selectList[0;39m:135 [2m:[0;39m ==> Parameters: 
[2m2025-04-14 13:45:32.387[0;39m [[32mDEBUG[0;39m] [35m88914[0;39m [2m[nio-8080-exec-4 ][0;39m [32mnet.mingsoft.basic.dao.IModelDao.selectList[0;39m:135 [2m:[0;39m <==      Total: 94
[2m2025-04-14 13:45:32.388[0;39m [[32mDEBUG[0;39m] [35m88914[0;39m [2m[nio-8080-exec-4 ][0;39m [32mnet.mingsoft.basic.dao.IManagerDao[0;39m:60 [2m:[0;39m Cache Hit Ratio [net.mingsoft.basic.dao.IManagerDao]: 0.8428571428571429
[2m2025-04-14 13:45:32.389[0;39m [[32mDEBUG[0;39m] [35m88914[0;39m [2m[nio-8080-exec-4 ][0;39m [32mnet.mingsoft.basic.dao.IModelDao.selectList[0;39m:135 [2m:[0;39m ==>  Preparing: SELECT id,model_title,model_datetime,model_id,model_url,model_code,is_child,model_icon,model_sort,model_ismenu,model_parent_ids,app_id,create_by,create_date,del,update_by,update_date FROM model
[2m2025-04-14 13:45:32.389[0;39m [[32mDEBUG[0;39m] [35m88914[0;39m [2m[nio-8080-exec-4 ][0;39m [32mnet.mingsoft.basic.dao.IModelDao.selectList[0;39m:135 [2m:[0;39m ==> Parameters: 
[2m2025-04-14 13:45:32.393[0;39m [[32mDEBUG[0;39m] [35m88914[0;39m [2m[nio-8080-exec-4 ][0;39m [32mnet.mingsoft.basic.dao.IModelDao.selectList[0;39m:135 [2m:[0;39m <==      Total: 94
[2m2025-04-14 13:45:32.394[0;39m [[32mDEBUG[0;39m] [35m88914[0;39m [2m[nio-8080-exec-4 ][0;39m [32mnet.mingsoft.basic.dao.IManagerDao[0;39m:60 [2m:[0;39m Cache Hit Ratio [net.mingsoft.basic.dao.IManagerDao]: 0.8450704225352113
[2m2025-04-14 13:45:32.395[0;39m [[32mDEBUG[0;39m] [35m88914[0;39m [2m[nio-8080-exec-4 ][0;39m [32mnet.mingsoft.basic.dao.IModelDao.selectList[0;39m:135 [2m:[0;39m ==>  Preparing: SELECT id,model_title,model_datetime,model_id,model_url,model_code,is_child,model_icon,model_sort,model_ismenu,model_parent_ids,app_id,create_by,create_date,del,update_by,update_date FROM model
[2m2025-04-14 13:45:32.395[0;39m [[32mDEBUG[0;39m] [35m88914[0;39m [2m[nio-8080-exec-4 ][0;39m [32mnet.mingsoft.basic.dao.IModelDao.selectList[0;39m:135 [2m:[0;39m ==> Parameters: 
[2m2025-04-14 13:45:32.398[0;39m [[32mDEBUG[0;39m] [35m88914[0;39m [2m[nio-8080-exec-4 ][0;39m [32mnet.mingsoft.basic.dao.IModelDao.selectList[0;39m:135 [2m:[0;39m <==      Total: 94
[2m2025-04-14 13:45:32.415[0;39m [[32mDEBUG[0;39m] [35m88914[0;39m [2m[nio-8080-exec-4 ][0;39m [32mnet.mingsoft.basic.dao.IManagerDao[0;39m:60 [2m:[0;39m Cache Hit Ratio [net.mingsoft.basic.dao.IManagerDao]: 0.8333333333333334
[2m2025-04-14 13:45:32.416[0;39m [[32mDEBUG[0;39m] [35m88914[0;39m [2m[nio-8080-exec-4 ][0;39m [32mnet.mingsoft.basic.dao.IManagerDao.query_COUNT[0;39m:135 [2m:[0;39m ==>  Preparing: SELECT count(0) FROM manager
[2m2025-04-14 13:45:32.418[0;39m [[32mDEBUG[0;39m] [35m88914[0;39m [2m[nio-8080-exec-4 ][0;39m [32mnet.mingsoft.basic.dao.IManagerDao.query_COUNT[0;39m:135 [2m:[0;39m ==> Parameters: 
[2m2025-04-14 13:45:32.423[0;39m [[32mDEBUG[0;39m] [35m88914[0;39m [2m[nio-8080-exec-4 ][0;39m [32mnet.mingsoft.basic.dao.IManagerDao.query_COUNT[0;39m:135 [2m:[0;39m <==      Total: 1
[2m2025-04-14 13:45:32.423[0;39m [[32mDEBUG[0;39m] [35m88914[0;39m [2m[nio-8080-exec-4 ][0;39m [32mnet.mingsoft.basic.dao.IManagerDao[0;39m:60 [2m:[0;39m Cache Hit Ratio [net.mingsoft.basic.dao.IManagerDao]: 0.821917808219178
[2m2025-04-14 13:45:32.423[0;39m [[32mDEBUG[0;39m] [35m88914[0;39m [2m[nio-8080-exec-4 ][0;39m [32mnet.mingsoft.basic.dao.IManagerDao.query[0;39m:135 [2m:[0;39m ==>  Preparing: select * from manager order by id desc LIMIT ?
[2m2025-04-14 13:45:32.424[0;39m [[32mDEBUG[0;39m] [35m88914[0;39m [2m[nio-8080-exec-4 ][0;39m [32mnet.mingsoft.basic.dao.IManagerDao.query[0;39m:135 [2m:[0;39m ==> Parameters: 10(Integer)
[2m2025-04-14 13:45:32.425[0;39m [[32mDEBUG[0;39m] [35m88914[0;39m [2m[nio-8080-exec-4 ][0;39m [32mnet.mingsoft.basic.dao.IManagerDao.query[0;39m:135 [2m:[0;39m <==      Total: 1
[2m2025-04-14 13:45:32.435[0;39m [[32mDEBUG[0;39m] [35m88914[0;39m [2m[nio-8080-exec-4 ][0;39m [32mnet.mingsoft.basic.dao.IRoleDao.selectList[0;39m:135 [2m:[0;39m ==>  Preparing: SELECT id,role_name,not_del,create_by,create_date,del,update_by,update_date FROM role
[2m2025-04-14 13:45:32.435[0;39m [[32mDEBUG[0;39m] [35m88914[0;39m [2m[nio-8080-exec-4 ][0;39m [32mnet.mingsoft.basic.dao.IRoleDao.selectList[0;39m:135 [2m:[0;39m ==> Parameters: 
[2m2025-04-14 13:45:32.437[0;39m [[32mDEBUG[0;39m] [35m88914[0;39m [2m[nio-8080-exec-4 ][0;39m [32mnet.mingsoft.basic.dao.IRoleDao.selectList[0;39m:135 [2m:[0;39m <==      Total: 1
[2m2025-04-14 13:45:45.140[0;39m [[32mDEBUG[0;39m] [35m88914[0;39m [2m[nio-8080-exec-1 ][0;39m [32mnet.mingsoft.basic.dao.IManagerDao[0;39m:60 [2m:[0;39m Cache Hit Ratio [net.mingsoft.basic.dao.IManagerDao]: 0.8243243243243243
[2m2025-04-14 13:45:45.141[0;39m [[32mDEBUG[0;39m] [35m88914[0;39m [2m[nio-8080-exec-1 ][0;39m [32mnet.mingsoft.basic.dao.IModelDao.selectList[0;39m:135 [2m:[0;39m ==>  Preparing: SELECT id,model_title,model_datetime,model_id,model_url,model_code,is_child,model_icon,model_sort,model_ismenu,model_parent_ids,app_id,create_by,create_date,del,update_by,update_date FROM model
[2m2025-04-14 13:45:45.141[0;39m [[32mDEBUG[0;39m] [35m88914[0;39m [2m[nio-8080-exec-1 ][0;39m [32mnet.mingsoft.basic.dao.IModelDao.selectList[0;39m:135 [2m:[0;39m ==> Parameters: 
[2m2025-04-14 13:45:45.144[0;39m [[32mDEBUG[0;39m] [35m88914[0;39m [2m[nio-8080-exec-1 ][0;39m [32mnet.mingsoft.basic.dao.IModelDao.selectList[0;39m:135 [2m:[0;39m <==      Total: 94
[2m2025-04-14 13:45:45.145[0;39m [[32mDEBUG[0;39m] [35m88914[0;39m [2m[nio-8080-exec-1 ][0;39m [32mnet.mingsoft.basic.dao.IManagerDao[0;39m:60 [2m:[0;39m Cache Hit Ratio [net.mingsoft.basic.dao.IManagerDao]: 0.8266666666666667
[2m2025-04-14 13:45:45.146[0;39m [[32mDEBUG[0;39m] [35m88914[0;39m [2m[nio-8080-exec-1 ][0;39m [32mnet.mingsoft.basic.dao.IModelDao.selectList[0;39m:135 [2m:[0;39m ==>  Preparing: SELECT id,model_title,model_datetime,model_id,model_url,model_code,is_child,model_icon,model_sort,model_ismenu,model_parent_ids,app_id,create_by,create_date,del,update_by,update_date FROM model
[2m2025-04-14 13:45:45.146[0;39m [[32mDEBUG[0;39m] [35m88914[0;39m [2m[nio-8080-exec-1 ][0;39m [32mnet.mingsoft.basic.dao.IModelDao.selectList[0;39m:135 [2m:[0;39m ==> Parameters: 
[2m2025-04-14 13:45:45.148[0;39m [[32mDEBUG[0;39m] [35m88914[0;39m [2m[nio-8080-exec-1 ][0;39m [32mnet.mingsoft.basic.dao.IModelDao.selectList[0;39m:135 [2m:[0;39m <==      Total: 94
[2m2025-04-14 13:45:45.149[0;39m [[32mDEBUG[0;39m] [35m88914[0;39m [2m[nio-8080-exec-1 ][0;39m [32mnet.mingsoft.basic.dao.IManagerDao[0;39m:60 [2m:[0;39m Cache Hit Ratio [net.mingsoft.basic.dao.IManagerDao]: 0.8289473684210527
[2m2025-04-14 13:45:45.150[0;39m [[32mDEBUG[0;39m] [35m88914[0;39m [2m[nio-8080-exec-1 ][0;39m [32mnet.mingsoft.basic.dao.IModelDao.selectList[0;39m:135 [2m:[0;39m ==>  Preparing: SELECT id,model_title,model_datetime,model_id,model_url,model_code,is_child,model_icon,model_sort,model_ismenu,model_parent_ids,app_id,create_by,create_date,del,update_by,update_date FROM model
[2m2025-04-14 13:45:45.150[0;39m [[32mDEBUG[0;39m] [35m88914[0;39m [2m[nio-8080-exec-1 ][0;39m [32mnet.mingsoft.basic.dao.IModelDao.selectList[0;39m:135 [2m:[0;39m ==> Parameters: 
[2m2025-04-14 13:45:45.156[0;39m [[32mDEBUG[0;39m] [35m88914[0;39m [2m[nio-8080-exec-1 ][0;39m [32mnet.mingsoft.basic.dao.IModelDao.selectList[0;39m:135 [2m:[0;39m <==      Total: 94
[2m2025-04-14 13:45:45.157[0;39m [[32mDEBUG[0;39m] [35m88914[0;39m [2m[nio-8080-exec-1 ][0;39m [32mnet.mingsoft.basic.dao.IManagerDao[0;39m:60 [2m:[0;39m Cache Hit Ratio [net.mingsoft.basic.dao.IManagerDao]: 0.8311688311688312
[2m2025-04-14 13:45:45.158[0;39m [[32mDEBUG[0;39m] [35m88914[0;39m [2m[nio-8080-exec-1 ][0;39m [32mnet.mingsoft.basic.dao.IModelDao.selectList[0;39m:135 [2m:[0;39m ==>  Preparing: SELECT id,model_title,model_datetime,model_id,model_url,model_code,is_child,model_icon,model_sort,model_ismenu,model_parent_ids,app_id,create_by,create_date,del,update_by,update_date FROM model
[2m2025-04-14 13:45:45.158[0;39m [[32mDEBUG[0;39m] [35m88914[0;39m [2m[nio-8080-exec-1 ][0;39m [32mnet.mingsoft.basic.dao.IModelDao.selectList[0;39m:135 [2m:[0;39m ==> Parameters: 
[2m2025-04-14 13:45:45.160[0;39m [[32mDEBUG[0;39m] [35m88914[0;39m [2m[nio-8080-exec-1 ][0;39m [32mnet.mingsoft.basic.dao.IModelDao.selectList[0;39m:135 [2m:[0;39m <==      Total: 94
[2m2025-04-14 13:45:45.162[0;39m [[32mDEBUG[0;39m] [35m88914[0;39m [2m[nio-8080-exec-1 ][0;39m [32mnet.mingsoft.basic.dao.IManagerDao[0;39m:60 [2m:[0;39m Cache Hit Ratio [net.mingsoft.basic.dao.IManagerDao]: 0.8333333333333334
[2m2025-04-14 13:45:45.162[0;39m [[32mDEBUG[0;39m] [35m88914[0;39m [2m[nio-8080-exec-1 ][0;39m [32mnet.mingsoft.basic.dao.IModelDao.selectList[0;39m:135 [2m:[0;39m ==>  Preparing: SELECT id,model_title,model_datetime,model_id,model_url,model_code,is_child,model_icon,model_sort,model_ismenu,model_parent_ids,app_id,create_by,create_date,del,update_by,update_date FROM model
[2m2025-04-14 13:45:45.162[0;39m [[32mDEBUG[0;39m] [35m88914[0;39m [2m[nio-8080-exec-1 ][0;39m [32mnet.mingsoft.basic.dao.IModelDao.selectList[0;39m:135 [2m:[0;39m ==> Parameters: 
[2m2025-04-14 13:45:45.165[0;39m [[32mDEBUG[0;39m] [35m88914[0;39m [2m[nio-8080-exec-1 ][0;39m [32mnet.mingsoft.basic.dao.IModelDao.selectList[0;39m:135 [2m:[0;39m <==      Total: 94
[2m2025-04-14 13:45:45.166[0;39m [[32mDEBUG[0;39m] [35m88914[0;39m [2m[nio-8080-exec-1 ][0;39m [32mnet.mingsoft.basic.dao.IManagerDao[0;39m:60 [2m:[0;39m Cache Hit Ratio [net.mingsoft.basic.dao.IManagerDao]: 0.8354430379746836
[2m2025-04-14 13:45:45.166[0;39m [[32mDEBUG[0;39m] [35m88914[0;39m [2m[nio-8080-exec-1 ][0;39m [32mnet.mingsoft.basic.dao.IModelDao.selectList[0;39m:135 [2m:[0;39m ==>  Preparing: SELECT id,model_title,model_datetime,model_id,model_url,model_code,is_child,model_icon,model_sort,model_ismenu,model_parent_ids,app_id,create_by,create_date,del,update_by,update_date FROM model
[2m2025-04-14 13:45:45.166[0;39m [[32mDEBUG[0;39m] [35m88914[0;39m [2m[nio-8080-exec-1 ][0;39m [32mnet.mingsoft.basic.dao.IModelDao.selectList[0;39m:135 [2m:[0;39m ==> Parameters: 
[2m2025-04-14 13:45:45.169[0;39m [[32mDEBUG[0;39m] [35m88914[0;39m [2m[nio-8080-exec-1 ][0;39m [32mnet.mingsoft.basic.dao.IModelDao.selectList[0;39m:135 [2m:[0;39m <==      Total: 94
[2m2025-04-14 13:45:45.171[0;39m [[32mDEBUG[0;39m] [35m88914[0;39m [2m[nio-8080-exec-1 ][0;39m [32mnet.mingsoft.basic.dao.IModelDao.selectList[0;39m:135 [2m:[0;39m ==>  Preparing: SELECT id,model_title,model_datetime,model_id,model_url,model_code,is_child,model_icon,model_sort,model_ismenu,model_parent_ids,app_id,create_by,create_date,del,update_by,update_date FROM model
[2m2025-04-14 13:45:45.171[0;39m [[32mDEBUG[0;39m] [35m88914[0;39m [2m[nio-8080-exec-1 ][0;39m [32mnet.mingsoft.basic.dao.IModelDao.selectList[0;39m:135 [2m:[0;39m ==> Parameters: 
[2m2025-04-14 13:45:45.181[0;39m [[32mDEBUG[0;39m] [35m88914[0;39m [2m[nio-8080-exec-1 ][0;39m [32mnet.mingsoft.basic.dao.IModelDao.selectList[0;39m:135 [2m:[0;39m <==      Total: 94
[2m2025-04-14 13:45:45.224[0;39m [[32mDEBUG[0;39m] [35m88914[0;39m [2m[nio-8080-exec-1 ][0;39m [32mnet.mingsoft.basic.dao.IManagerDao[0;39m:60 [2m:[0;39m Cache Hit Ratio [net.mingsoft.basic.dao.IManagerDao]: 0.8375
[2m2025-04-14 13:45:45.227[0;39m [[32mDEBUG[0;39m] [35m88914[0;39m [2m[nio-8080-exec-1 ][0;39m [32mnet.mingsoft.basic.dao.IModelDao.selectList[0;39m:135 [2m:[0;39m ==>  Preparing: SELECT id,model_title,model_datetime,model_id,model_url,model_code,is_child,model_icon,model_sort,model_ismenu,model_parent_ids,app_id,create_by,create_date,del,update_by,update_date FROM model
[2m2025-04-14 13:45:45.228[0;39m [[32mDEBUG[0;39m] [35m88914[0;39m [2m[nio-8080-exec-1 ][0;39m [32mnet.mingsoft.basic.dao.IModelDao.selectList[0;39m:135 [2m:[0;39m ==> Parameters: 
[2m2025-04-14 13:45:45.232[0;39m [[32mDEBUG[0;39m] [35m88914[0;39m [2m[nio-8080-exec-1 ][0;39m [32mnet.mingsoft.basic.dao.IModelDao.selectList[0;39m:135 [2m:[0;39m <==      Total: 94
[2m2025-04-14 13:45:45.238[0;39m [[32mDEBUG[0;39m] [35m88914[0;39m [2m[nio-8080-exec-1 ][0;39m [32mnet.mingsoft.basic.dao.IManagerDao[0;39m:60 [2m:[0;39m Cache Hit Ratio [net.mingsoft.basic.dao.IManagerDao]: 0.8395061728395061
[2m2025-04-14 13:45:45.239[0;39m [[32mDEBUG[0;39m] [35m88914[0;39m [2m[nio-8080-exec-1 ][0;39m [32mnet.mingsoft.basic.dao.IModelDao.selectList[0;39m:135 [2m:[0;39m ==>  Preparing: SELECT id,model_title,model_datetime,model_id,model_url,model_code,is_child,model_icon,model_sort,model_ismenu,model_parent_ids,app_id,create_by,create_date,del,update_by,update_date FROM model
[2m2025-04-14 13:45:45.239[0;39m [[32mDEBUG[0;39m] [35m88914[0;39m [2m[nio-8080-exec-1 ][0;39m [32mnet.mingsoft.basic.dao.IModelDao.selectList[0;39m:135 [2m:[0;39m ==> Parameters: 
[2m2025-04-14 13:45:45.241[0;39m [[32mDEBUG[0;39m] [35m88914[0;39m [2m[nio-8080-exec-1 ][0;39m [32mnet.mingsoft.basic.dao.IModelDao.selectList[0;39m:135 [2m:[0;39m <==      Total: 94
[2m2025-04-14 13:45:45.242[0;39m [[32mDEBUG[0;39m] [35m88914[0;39m [2m[nio-8080-exec-1 ][0;39m [32mnet.mingsoft.basic.dao.IManagerDao[0;39m:60 [2m:[0;39m Cache Hit Ratio [net.mingsoft.basic.dao.IManagerDao]: 0.8414634146341463
[2m2025-04-14 13:45:45.242[0;39m [[32mDEBUG[0;39m] [35m88914[0;39m [2m[nio-8080-exec-1 ][0;39m [32mnet.mingsoft.basic.dao.IModelDao.selectList[0;39m:135 [2m:[0;39m ==>  Preparing: SELECT id,model_title,model_datetime,model_id,model_url,model_code,is_child,model_icon,model_sort,model_ismenu,model_parent_ids,app_id,create_by,create_date,del,update_by,update_date FROM model
[2m2025-04-14 13:45:45.242[0;39m [[32mDEBUG[0;39m] [35m88914[0;39m [2m[nio-8080-exec-1 ][0;39m [32mnet.mingsoft.basic.dao.IModelDao.selectList[0;39m:135 [2m:[0;39m ==> Parameters: 
[2m2025-04-14 13:45:45.244[0;39m [[32mDEBUG[0;39m] [35m88914[0;39m [2m[nio-8080-exec-1 ][0;39m [32mnet.mingsoft.basic.dao.IModelDao.selectList[0;39m:135 [2m:[0;39m <==      Total: 94
[2m2025-04-14 13:45:45.245[0;39m [[32mDEBUG[0;39m] [35m88914[0;39m [2m[nio-8080-exec-1 ][0;39m [32mnet.mingsoft.basic.dao.IManagerDao[0;39m:60 [2m:[0;39m Cache Hit Ratio [net.mingsoft.basic.dao.IManagerDao]: 0.8433734939759037
[2m2025-04-14 13:45:45.246[0;39m [[32mDEBUG[0;39m] [35m88914[0;39m [2m[nio-8080-exec-1 ][0;39m [32mnet.mingsoft.basic.dao.IModelDao.selectList[0;39m:135 [2m:[0;39m ==>  Preparing: SELECT id,model_title,model_datetime,model_id,model_url,model_code,is_child,model_icon,model_sort,model_ismenu,model_parent_ids,app_id,create_by,create_date,del,update_by,update_date FROM model
[2m2025-04-14 13:45:45.246[0;39m [[32mDEBUG[0;39m] [35m88914[0;39m [2m[nio-8080-exec-1 ][0;39m [32mnet.mingsoft.basic.dao.IModelDao.selectList[0;39m:135 [2m:[0;39m ==> Parameters: 
[2m2025-04-14 13:45:45.248[0;39m [[32mDEBUG[0;39m] [35m88914[0;39m [2m[nio-8080-exec-1 ][0;39m [32mnet.mingsoft.basic.dao.IModelDao.selectList[0;39m:135 [2m:[0;39m <==      Total: 94
[2m2025-04-14 13:45:45.249[0;39m [[32mDEBUG[0;39m] [35m88914[0;39m [2m[nio-8080-exec-1 ][0;39m [32mnet.mingsoft.basic.dao.IManagerDao[0;39m:60 [2m:[0;39m Cache Hit Ratio [net.mingsoft.basic.dao.IManagerDao]: 0.8452380952380952
[2m2025-04-14 13:45:45.250[0;39m [[32mDEBUG[0;39m] [35m88914[0;39m [2m[nio-8080-exec-1 ][0;39m [32mnet.mingsoft.basic.dao.IModelDao.selectList[0;39m:135 [2m:[0;39m ==>  Preparing: SELECT id,model_title,model_datetime,model_id,model_url,model_code,is_child,model_icon,model_sort,model_ismenu,model_parent_ids,app_id,create_by,create_date,del,update_by,update_date FROM model
[2m2025-04-14 13:45:45.250[0;39m [[32mDEBUG[0;39m] [35m88914[0;39m [2m[nio-8080-exec-1 ][0;39m [32mnet.mingsoft.basic.dao.IModelDao.selectList[0;39m:135 [2m:[0;39m ==> Parameters: 
[2m2025-04-14 13:45:45.252[0;39m [[32mDEBUG[0;39m] [35m88914[0;39m [2m[nio-8080-exec-1 ][0;39m [32mnet.mingsoft.basic.dao.IModelDao.selectList[0;39m:135 [2m:[0;39m <==      Total: 94
[2m2025-04-14 13:45:45.252[0;39m [[32mDEBUG[0;39m] [35m88914[0;39m [2m[nio-8080-exec-1 ][0;39m [32mnet.mingsoft.basic.dao.IManagerDao[0;39m:60 [2m:[0;39m Cache Hit Ratio [net.mingsoft.basic.dao.IManagerDao]: 0.8470588235294118
[2m2025-04-14 13:45:45.253[0;39m [[32mDEBUG[0;39m] [35m88914[0;39m [2m[nio-8080-exec-1 ][0;39m [32mnet.mingsoft.basic.dao.IModelDao.selectList[0;39m:135 [2m:[0;39m ==>  Preparing: SELECT id,model_title,model_datetime,model_id,model_url,model_code,is_child,model_icon,model_sort,model_ismenu,model_parent_ids,app_id,create_by,create_date,del,update_by,update_date FROM model
[2m2025-04-14 13:45:45.253[0;39m [[32mDEBUG[0;39m] [35m88914[0;39m [2m[nio-8080-exec-1 ][0;39m [32mnet.mingsoft.basic.dao.IModelDao.selectList[0;39m:135 [2m:[0;39m ==> Parameters: 
[2m2025-04-14 13:45:45.255[0;39m [[32mDEBUG[0;39m] [35m88914[0;39m [2m[nio-8080-exec-1 ][0;39m [32mnet.mingsoft.basic.dao.IModelDao.selectList[0;39m:135 [2m:[0;39m <==      Total: 94
[2m2025-04-14 13:45:45.255[0;39m [[32mDEBUG[0;39m] [35m88914[0;39m [2m[nio-8080-exec-1 ][0;39m [32mnet.mingsoft.basic.dao.IManagerDao[0;39m:60 [2m:[0;39m Cache Hit Ratio [net.mingsoft.basic.dao.IManagerDao]: 0.8488372093023255
[2m2025-04-14 13:45:45.256[0;39m [[32mDEBUG[0;39m] [35m88914[0;39m [2m[nio-8080-exec-1 ][0;39m [32mnet.mingsoft.basic.dao.IModelDao.selectList[0;39m:135 [2m:[0;39m ==>  Preparing: SELECT id,model_title,model_datetime,model_id,model_url,model_code,is_child,model_icon,model_sort,model_ismenu,model_parent_ids,app_id,create_by,create_date,del,update_by,update_date FROM model
[2m2025-04-14 13:45:45.256[0;39m [[32mDEBUG[0;39m] [35m88914[0;39m [2m[nio-8080-exec-1 ][0;39m [32mnet.mingsoft.basic.dao.IModelDao.selectList[0;39m:135 [2m:[0;39m ==> Parameters: 
[2m2025-04-14 13:45:45.258[0;39m [[32mDEBUG[0;39m] [35m88914[0;39m [2m[nio-8080-exec-1 ][0;39m [32mnet.mingsoft.basic.dao.IModelDao.selectList[0;39m:135 [2m:[0;39m <==      Total: 94
[2m2025-04-14 13:45:45.263[0;39m [[32mDEBUG[0;39m] [35m88914[0;39m [2m[nio-8080-exec-1 ][0;39m [32mnet.mingsoft.basic.dao.IManagerDao[0;39m:60 [2m:[0;39m Cache Hit Ratio [net.mingsoft.basic.dao.IManagerDao]: 0.8505747126436781
[2m2025-04-14 13:45:45.264[0;39m [[32mDEBUG[0;39m] [35m88914[0;39m [2m[nio-8080-exec-1 ][0;39m [32mnet.mingsoft.basic.dao.IModelDao.selectList[0;39m:135 [2m:[0;39m ==>  Preparing: SELECT id,model_title,model_datetime,model_id,model_url,model_code,is_child,model_icon,model_sort,model_ismenu,model_parent_ids,app_id,create_by,create_date,del,update_by,update_date FROM model
[2m2025-04-14 13:45:45.264[0;39m [[32mDEBUG[0;39m] [35m88914[0;39m [2m[nio-8080-exec-1 ][0;39m [32mnet.mingsoft.basic.dao.IModelDao.selectList[0;39m:135 [2m:[0;39m ==> Parameters: 
[2m2025-04-14 13:45:45.269[0;39m [[32mDEBUG[0;39m] [35m88914[0;39m [2m[nio-8080-exec-1 ][0;39m [32mnet.mingsoft.basic.dao.IModelDao.selectList[0;39m:135 [2m:[0;39m <==      Total: 94
[2m2025-04-14 13:45:45.295[0;39m [[32mDEBUG[0;39m] [35m88914[0;39m [2m[nio-8080-exec-3 ][0;39m [32mnet.mingsoft.basic.dao.IModelDao.selectList[0;39m:135 [2m:[0;39m ==>  Preparing: SELECT id,model_title,model_datetime,model_id,model_url,model_code,is_child,model_icon,model_sort,model_ismenu,model_parent_ids,app_id,create_by,create_date,del,update_by,update_date FROM model
[2m2025-04-14 13:45:45.295[0;39m [[32mDEBUG[0;39m] [35m88914[0;39m [2m[nio-8080-exec-3 ][0;39m [32mnet.mingsoft.basic.dao.IModelDao.selectList[0;39m:135 [2m:[0;39m ==> Parameters: 
[2m2025-04-14 13:45:45.298[0;39m [[32mDEBUG[0;39m] [35m88914[0;39m [2m[nio-8080-exec-3 ][0;39m [32mnet.mingsoft.basic.dao.IModelDao.selectList[0;39m:135 [2m:[0;39m <==      Total: 94
[2m2025-04-14 13:46:00.982[0;39m [[32mDEBUG[0;39m] [35m88914[0;39m [2m[nio-8080-exec-8 ][0;39m [32mnet.mingsoft.basic.dao.IManagerDao[0;39m:60 [2m:[0;39m Cache Hit Ratio [net.mingsoft.basic.dao.IManagerDao]: 0.8522727272727273
[2m2025-04-14 13:46:00.984[0;39m [[32mDEBUG[0;39m] [35m88914[0;39m [2m[nio-8080-exec-8 ][0;39m [32mnet.mingsoft.basic.dao.IModelDao.selectList[0;39m:135 [2m:[0;39m ==>  Preparing: SELECT id,model_title,model_datetime,model_id,model_url,model_code,is_child,model_icon,model_sort,model_ismenu,model_parent_ids,app_id,create_by,create_date,del,update_by,update_date FROM model
[2m2025-04-14 13:46:00.984[0;39m [[32mDEBUG[0;39m] [35m88914[0;39m [2m[nio-8080-exec-8 ][0;39m [32mnet.mingsoft.basic.dao.IModelDao.selectList[0;39m:135 [2m:[0;39m ==> Parameters: 
[2m2025-04-14 13:46:00.988[0;39m [[32mDEBUG[0;39m] [35m88914[0;39m [2m[nio-8080-exec-8 ][0;39m [32mnet.mingsoft.basic.dao.IModelDao.selectList[0;39m:135 [2m:[0;39m <==      Total: 94
[2m2025-04-14 13:46:00.989[0;39m [[32mDEBUG[0;39m] [35m88914[0;39m [2m[nio-8080-exec-8 ][0;39m [32mnet.mingsoft.basic.dao.IManagerDao[0;39m:60 [2m:[0;39m Cache Hit Ratio [net.mingsoft.basic.dao.IManagerDao]: 0.8539325842696629
[2m2025-04-14 13:46:00.990[0;39m [[32mDEBUG[0;39m] [35m88914[0;39m [2m[nio-8080-exec-8 ][0;39m [32mnet.mingsoft.basic.dao.IModelDao.selectList[0;39m:135 [2m:[0;39m ==>  Preparing: SELECT id,model_title,model_datetime,model_id,model_url,model_code,is_child,model_icon,model_sort,model_ismenu,model_parent_ids,app_id,create_by,create_date,del,update_by,update_date FROM model
[2m2025-04-14 13:46:00.990[0;39m [[32mDEBUG[0;39m] [35m88914[0;39m [2m[nio-8080-exec-8 ][0;39m [32mnet.mingsoft.basic.dao.IModelDao.selectList[0;39m:135 [2m:[0;39m ==> Parameters: 
[2m2025-04-14 13:46:00.993[0;39m [[32mDEBUG[0;39m] [35m88914[0;39m [2m[nio-8080-exec-8 ][0;39m [32mnet.mingsoft.basic.dao.IModelDao.selectList[0;39m:135 [2m:[0;39m <==      Total: 94
[2m2025-04-14 13:46:01.001[0;39m [[32mDEBUG[0;39m] [35m88914[0;39m [2m[nio-8080-exec-8 ][0;39m [32mnet.mingsoft.basic.dao.IManagerDao[0;39m:60 [2m:[0;39m Cache Hit Ratio [net.mingsoft.basic.dao.IManagerDao]: 0.8555555555555555
[2m2025-04-14 13:46:01.001[0;39m [[32mDEBUG[0;39m] [35m88914[0;39m [2m[nio-8080-exec-8 ][0;39m [32mnet.mingsoft.basic.dao.IModelDao.selectList[0;39m:135 [2m:[0;39m ==>  Preparing: SELECT id,model_title,model_datetime,model_id,model_url,model_code,is_child,model_icon,model_sort,model_ismenu,model_parent_ids,app_id,create_by,create_date,del,update_by,update_date FROM model
[2m2025-04-14 13:46:01.001[0;39m [[32mDEBUG[0;39m] [35m88914[0;39m [2m[nio-8080-exec-8 ][0;39m [32mnet.mingsoft.basic.dao.IModelDao.selectList[0;39m:135 [2m:[0;39m ==> Parameters: 
[2m2025-04-14 13:46:01.004[0;39m [[32mDEBUG[0;39m] [35m88914[0;39m [2m[nio-8080-exec-8 ][0;39m [32mnet.mingsoft.basic.dao.IModelDao.selectList[0;39m:135 [2m:[0;39m <==      Total: 94
[2m2025-04-14 13:46:01.005[0;39m [[32mDEBUG[0;39m] [35m88914[0;39m [2m[nio-8080-exec-8 ][0;39m [32mnet.mingsoft.basic.dao.IManagerDao[0;39m:60 [2m:[0;39m Cache Hit Ratio [net.mingsoft.basic.dao.IManagerDao]: 0.8571428571428571
[2m2025-04-14 13:46:01.006[0;39m [[32mDEBUG[0;39m] [35m88914[0;39m [2m[nio-8080-exec-8 ][0;39m [32mnet.mingsoft.basic.dao.IModelDao.selectList[0;39m:135 [2m:[0;39m ==>  Preparing: SELECT id,model_title,model_datetime,model_id,model_url,model_code,is_child,model_icon,model_sort,model_ismenu,model_parent_ids,app_id,create_by,create_date,del,update_by,update_date FROM model
[2m2025-04-14 13:46:01.006[0;39m [[32mDEBUG[0;39m] [35m88914[0;39m [2m[nio-8080-exec-8 ][0;39m [32mnet.mingsoft.basic.dao.IModelDao.selectList[0;39m:135 [2m:[0;39m ==> Parameters: 
[2m2025-04-14 13:46:01.008[0;39m [[32mDEBUG[0;39m] [35m88914[0;39m [2m[nio-8080-exec-8 ][0;39m [32mnet.mingsoft.basic.dao.IModelDao.selectList[0;39m:135 [2m:[0;39m <==      Total: 94
[2m2025-04-14 13:46:01.009[0;39m [[32mDEBUG[0;39m] [35m88914[0;39m [2m[nio-8080-exec-8 ][0;39m [32mnet.mingsoft.basic.dao.IManagerDao[0;39m:60 [2m:[0;39m Cache Hit Ratio [net.mingsoft.basic.dao.IManagerDao]: 0.8586956521739131
[2m2025-04-14 13:46:01.010[0;39m [[32mDEBUG[0;39m] [35m88914[0;39m [2m[nio-8080-exec-8 ][0;39m [32mnet.mingsoft.basic.dao.IModelDao.selectList[0;39m:135 [2m:[0;39m ==>  Preparing: SELECT id,model_title,model_datetime,model_id,model_url,model_code,is_child,model_icon,model_sort,model_ismenu,model_parent_ids,app_id,create_by,create_date,del,update_by,update_date FROM model
[2m2025-04-14 13:46:01.010[0;39m [[32mDEBUG[0;39m] [35m88914[0;39m [2m[nio-8080-exec-8 ][0;39m [32mnet.mingsoft.basic.dao.IModelDao.selectList[0;39m:135 [2m:[0;39m ==> Parameters: 
[2m2025-04-14 13:46:01.012[0;39m [[32mDEBUG[0;39m] [35m88914[0;39m [2m[nio-8080-exec-8 ][0;39m [32mnet.mingsoft.basic.dao.IModelDao.selectList[0;39m:135 [2m:[0;39m <==      Total: 94
[2m2025-04-14 13:46:01.013[0;39m [[32mDEBUG[0;39m] [35m88914[0;39m [2m[nio-8080-exec-8 ][0;39m [32mnet.mingsoft.basic.dao.IManagerDao[0;39m:60 [2m:[0;39m Cache Hit Ratio [net.mingsoft.basic.dao.IManagerDao]: 0.8602150537634409
[2m2025-04-14 13:46:01.014[0;39m [[32mDEBUG[0;39m] [35m88914[0;39m [2m[nio-8080-exec-8 ][0;39m [32mnet.mingsoft.basic.dao.IModelDao.selectList[0;39m:135 [2m:[0;39m ==>  Preparing: SELECT id,model_title,model_datetime,model_id,model_url,model_code,is_child,model_icon,model_sort,model_ismenu,model_parent_ids,app_id,create_by,create_date,del,update_by,update_date FROM model
[2m2025-04-14 13:46:01.014[0;39m [[32mDEBUG[0;39m] [35m88914[0;39m [2m[nio-8080-exec-8 ][0;39m [32mnet.mingsoft.basic.dao.IModelDao.selectList[0;39m:135 [2m:[0;39m ==> Parameters: 
[2m2025-04-14 13:46:01.016[0;39m [[32mDEBUG[0;39m] [35m88914[0;39m [2m[nio-8080-exec-8 ][0;39m [32mnet.mingsoft.basic.dao.IModelDao.selectList[0;39m:135 [2m:[0;39m <==      Total: 94
[2m2025-04-14 13:46:01.071[0;39m [[32mDEBUG[0;39m] [35m88914[0;39m [2m[nio-8080-exec-8 ][0;39m [32mnet.mingsoft.basic.dao.IManagerDao[0;39m:60 [2m:[0;39m Cache Hit Ratio [net.mingsoft.basic.dao.IManagerDao]: 0.8617021276595744
[2m2025-04-14 13:46:01.072[0;39m [[32mDEBUG[0;39m] [35m88914[0;39m [2m[nio-8080-exec-8 ][0;39m [32mnet.mingsoft.basic.dao.IModelDao.selectList[0;39m:135 [2m:[0;39m ==>  Preparing: SELECT id,model_title,model_datetime,model_id,model_url,model_code,is_child,model_icon,model_sort,model_ismenu,model_parent_ids,app_id,create_by,create_date,del,update_by,update_date FROM model
[2m2025-04-14 13:46:01.072[0;39m [[32mDEBUG[0;39m] [35m88914[0;39m [2m[nio-8080-exec-8 ][0;39m [32mnet.mingsoft.basic.dao.IModelDao.selectList[0;39m:135 [2m:[0;39m ==> Parameters: 
[2m2025-04-14 13:46:01.077[0;39m [[32mDEBUG[0;39m] [35m88914[0;39m [2m[nio-8080-exec-8 ][0;39m [32mnet.mingsoft.basic.dao.IModelDao.selectList[0;39m:135 [2m:[0;39m <==      Total: 94
[2m2025-04-14 13:46:01.078[0;39m [[32mDEBUG[0;39m] [35m88914[0;39m [2m[nio-8080-exec-8 ][0;39m [32mnet.mingsoft.basic.dao.IManagerDao[0;39m:60 [2m:[0;39m Cache Hit Ratio [net.mingsoft.basic.dao.IManagerDao]: 0.8631578947368421
[2m2025-04-14 13:46:01.079[0;39m [[32mDEBUG[0;39m] [35m88914[0;39m [2m[nio-8080-exec-8 ][0;39m [32mnet.mingsoft.basic.dao.IModelDao.selectList[0;39m:135 [2m:[0;39m ==>  Preparing: SELECT id,model_title,model_datetime,model_id,model_url,model_code,is_child,model_icon,model_sort,model_ismenu,model_parent_ids,app_id,create_by,create_date,del,update_by,update_date FROM model
[2m2025-04-14 13:46:01.079[0;39m [[32mDEBUG[0;39m] [35m88914[0;39m [2m[nio-8080-exec-8 ][0;39m [32mnet.mingsoft.basic.dao.IModelDao.selectList[0;39m:135 [2m:[0;39m ==> Parameters: 
[2m2025-04-14 13:46:01.081[0;39m [[32mDEBUG[0;39m] [35m88914[0;39m [2m[nio-8080-exec-8 ][0;39m [32mnet.mingsoft.basic.dao.IModelDao.selectList[0;39m:135 [2m:[0;39m <==      Total: 94
[2m2025-04-14 13:46:01.082[0;39m [[32mDEBUG[0;39m] [35m88914[0;39m [2m[nio-8080-exec-8 ][0;39m [32mnet.mingsoft.basic.dao.IManagerDao[0;39m:60 [2m:[0;39m Cache Hit Ratio [net.mingsoft.basic.dao.IManagerDao]: 0.8645833333333334
[2m2025-04-14 13:46:01.082[0;39m [[32mDEBUG[0;39m] [35m88914[0;39m [2m[nio-8080-exec-8 ][0;39m [32mnet.mingsoft.basic.dao.IModelDao.selectList[0;39m:135 [2m:[0;39m ==>  Preparing: SELECT id,model_title,model_datetime,model_id,model_url,model_code,is_child,model_icon,model_sort,model_ismenu,model_parent_ids,app_id,create_by,create_date,del,update_by,update_date FROM model
[2m2025-04-14 13:46:01.082[0;39m [[32mDEBUG[0;39m] [35m88914[0;39m [2m[nio-8080-exec-8 ][0;39m [32mnet.mingsoft.basic.dao.IModelDao.selectList[0;39m:135 [2m:[0;39m ==> Parameters: 
[2m2025-04-14 13:46:01.084[0;39m [[32mDEBUG[0;39m] [35m88914[0;39m [2m[nio-8080-exec-8 ][0;39m [32mnet.mingsoft.basic.dao.IModelDao.selectList[0;39m:135 [2m:[0;39m <==      Total: 94
[2m2025-04-14 13:46:01.085[0;39m [[32mDEBUG[0;39m] [35m88914[0;39m [2m[nio-8080-exec-8 ][0;39m [32mnet.mingsoft.basic.dao.IManagerDao[0;39m:60 [2m:[0;39m Cache Hit Ratio [net.mingsoft.basic.dao.IManagerDao]: 0.865979381443299
[2m2025-04-14 13:46:01.085[0;39m [[32mDEBUG[0;39m] [35m88914[0;39m [2m[nio-8080-exec-8 ][0;39m [32mnet.mingsoft.basic.dao.IModelDao.selectList[0;39m:135 [2m:[0;39m ==>  Preparing: SELECT id,model_title,model_datetime,model_id,model_url,model_code,is_child,model_icon,model_sort,model_ismenu,model_parent_ids,app_id,create_by,create_date,del,update_by,update_date FROM model
[2m2025-04-14 13:46:01.085[0;39m [[32mDEBUG[0;39m] [35m88914[0;39m [2m[nio-8080-exec-8 ][0;39m [32mnet.mingsoft.basic.dao.IModelDao.selectList[0;39m:135 [2m:[0;39m ==> Parameters: 
[2m2025-04-14 13:46:01.088[0;39m [[32mDEBUG[0;39m] [35m88914[0;39m [2m[nio-8080-exec-8 ][0;39m [32mnet.mingsoft.basic.dao.IModelDao.selectList[0;39m:135 [2m:[0;39m <==      Total: 94
[2m2025-04-14 13:46:01.089[0;39m [[32mDEBUG[0;39m] [35m88914[0;39m [2m[nio-8080-exec-8 ][0;39m [32mnet.mingsoft.basic.dao.IManagerDao[0;39m:60 [2m:[0;39m Cache Hit Ratio [net.mingsoft.basic.dao.IManagerDao]: 0.8673469387755102
[2m2025-04-14 13:46:01.089[0;39m [[32mDEBUG[0;39m] [35m88914[0;39m [2m[nio-8080-exec-8 ][0;39m [32mnet.mingsoft.basic.dao.IModelDao.selectList[0;39m:135 [2m:[0;39m ==>  Preparing: SELECT id,model_title,model_datetime,model_id,model_url,model_code,is_child,model_icon,model_sort,model_ismenu,model_parent_ids,app_id,create_by,create_date,del,update_by,update_date FROM model
[2m2025-04-14 13:46:01.089[0;39m [[32mDEBUG[0;39m] [35m88914[0;39m [2m[nio-8080-exec-8 ][0;39m [32mnet.mingsoft.basic.dao.IModelDao.selectList[0;39m:135 [2m:[0;39m ==> Parameters: 
[2m2025-04-14 13:46:01.091[0;39m [[32mDEBUG[0;39m] [35m88914[0;39m [2m[nio-8080-exec-8 ][0;39m [32mnet.mingsoft.basic.dao.IModelDao.selectList[0;39m:135 [2m:[0;39m <==      Total: 94
[2m2025-04-14 13:46:01.639[0;39m [[32mDEBUG[0;39m] [35m88914[0;39m [2m[nio-8080-exec-6 ][0;39m [32mnet.mingsoft.basic.dao.IRoleDao[0;39m:60 [2m:[0;39m Cache Hit Ratio [net.mingsoft.basic.dao.IRoleDao]: 0.0
[2m2025-04-14 13:46:01.640[0;39m [[32mDEBUG[0;39m] [35m88914[0;39m [2m[nio-8080-exec-6 ][0;39m [32mnet.mingsoft.basic.dao.IRoleDao.query_COUNT[0;39m:135 [2m:[0;39m ==>  Preparing: SELECT count(0) FROM role
[2m2025-04-14 13:46:01.641[0;39m [[32mDEBUG[0;39m] [35m88914[0;39m [2m[nio-8080-exec-6 ][0;39m [32mnet.mingsoft.basic.dao.IRoleDao.query_COUNT[0;39m:135 [2m:[0;39m ==> Parameters: 
[2m2025-04-14 13:46:01.643[0;39m [[32mDEBUG[0;39m] [35m88914[0;39m [2m[nio-8080-exec-6 ][0;39m [32mnet.mingsoft.basic.dao.IRoleDao.query_COUNT[0;39m:135 [2m:[0;39m <==      Total: 1
[2m2025-04-14 13:46:01.643[0;39m [[32mDEBUG[0;39m] [35m88914[0;39m [2m[nio-8080-exec-6 ][0;39m [32mnet.mingsoft.basic.dao.IRoleDao[0;39m:60 [2m:[0;39m Cache Hit Ratio [net.mingsoft.basic.dao.IRoleDao]: 0.0
[2m2025-04-14 13:46:01.643[0;39m [[32mDEBUG[0;39m] [35m88914[0;39m [2m[nio-8080-exec-6 ][0;39m [32mnet.mingsoft.basic.dao.IRoleDao.query[0;39m:135 [2m:[0;39m ==>  Preparing: select * from role order by id desc LIMIT ?
[2m2025-04-14 13:46:01.644[0;39m [[32mDEBUG[0;39m] [35m88914[0;39m [2m[nio-8080-exec-6 ][0;39m [32mnet.mingsoft.basic.dao.IRoleDao.query[0;39m:135 [2m:[0;39m ==> Parameters: 20(Integer)
[2m2025-04-14 13:46:01.645[0;39m [[32mDEBUG[0;39m] [35m88914[0;39m [2m[nio-8080-exec-6 ][0;39m [32mnet.mingsoft.basic.dao.IRoleDao.query[0;39m:135 [2m:[0;39m <==      Total: 1
[2m2025-04-14 13:46:07.300[0;39m [[32mDEBUG[0;39m] [35m88914[0;39m [2m[nio-8080-exec-9 ][0;39m [32mnet.mingsoft.basic.dao.IManagerDao[0;39m:60 [2m:[0;39m Cache Hit Ratio [net.mingsoft.basic.dao.IManagerDao]: 0.8686868686868687
[2m2025-04-14 13:46:07.301[0;39m [[32mDEBUG[0;39m] [35m88914[0;39m [2m[nio-8080-exec-9 ][0;39m [32mnet.mingsoft.basic.dao.IModelDao.selectList[0;39m:135 [2m:[0;39m ==>  Preparing: SELECT id,model_title,model_datetime,model_id,model_url,model_code,is_child,model_icon,model_sort,model_ismenu,model_parent_ids,app_id,create_by,create_date,del,update_by,update_date FROM model
[2m2025-04-14 13:46:07.302[0;39m [[32mDEBUG[0;39m] [35m88914[0;39m [2m[nio-8080-exec-9 ][0;39m [32mnet.mingsoft.basic.dao.IModelDao.selectList[0;39m:135 [2m:[0;39m ==> Parameters: 
[2m2025-04-14 13:46:07.306[0;39m [[32mDEBUG[0;39m] [35m88914[0;39m [2m[nio-8080-exec-9 ][0;39m [32mnet.mingsoft.basic.dao.IModelDao.selectList[0;39m:135 [2m:[0;39m <==      Total: 94
[2m2025-04-14 13:46:07.308[0;39m [[32mDEBUG[0;39m] [35m88914[0;39m [2m[nio-8080-exec-9 ][0;39m [32mnet.mingsoft.basic.dao.IManagerDao[0;39m:60 [2m:[0;39m Cache Hit Ratio [net.mingsoft.basic.dao.IManagerDao]: 0.87
[2m2025-04-14 13:46:07.311[0;39m [[32mDEBUG[0;39m] [35m88914[0;39m [2m[nio-8080-exec-9 ][0;39m [32mnet.mingsoft.basic.dao.IModelDao.selectList[0;39m:135 [2m:[0;39m ==>  Preparing: SELECT id,model_title,model_datetime,model_id,model_url,model_code,is_child,model_icon,model_sort,model_ismenu,model_parent_ids,app_id,create_by,create_date,del,update_by,update_date FROM model
[2m2025-04-14 13:46:07.312[0;39m [[32mDEBUG[0;39m] [35m88914[0;39m [2m[nio-8080-exec-9 ][0;39m [32mnet.mingsoft.basic.dao.IModelDao.selectList[0;39m:135 [2m:[0;39m ==> Parameters: 
[2m2025-04-14 13:46:07.316[0;39m [[32mDEBUG[0;39m] [35m88914[0;39m [2m[nio-8080-exec-9 ][0;39m [32mnet.mingsoft.basic.dao.IModelDao.selectList[0;39m:135 [2m:[0;39m <==      Total: 94
[2m2025-04-14 13:46:07.318[0;39m [[32mDEBUG[0;39m] [35m88914[0;39m [2m[nio-8080-exec-9 ][0;39m [32mnet.mingsoft.basic.dao.IManagerDao[0;39m:60 [2m:[0;39m Cache Hit Ratio [net.mingsoft.basic.dao.IManagerDao]: 0.8712871287128713
[2m2025-04-14 13:46:07.318[0;39m [[32mDEBUG[0;39m] [35m88914[0;39m [2m[nio-8080-exec-9 ][0;39m [32mnet.mingsoft.basic.dao.IModelDao.selectList[0;39m:135 [2m:[0;39m ==>  Preparing: SELECT id,model_title,model_datetime,model_id,model_url,model_code,is_child,model_icon,model_sort,model_ismenu,model_parent_ids,app_id,create_by,create_date,del,update_by,update_date FROM model
[2m2025-04-14 13:46:07.319[0;39m [[32mDEBUG[0;39m] [35m88914[0;39m [2m[nio-8080-exec-9 ][0;39m [32mnet.mingsoft.basic.dao.IModelDao.selectList[0;39m:135 [2m:[0;39m ==> Parameters: 
[2m2025-04-14 13:46:07.323[0;39m [[32mDEBUG[0;39m] [35m88914[0;39m [2m[nio-8080-exec-9 ][0;39m [32mnet.mingsoft.basic.dao.IModelDao.selectList[0;39m:135 [2m:[0;39m <==      Total: 94
[2m2025-04-14 13:46:07.327[0;39m [[32mDEBUG[0;39m] [35m88914[0;39m [2m[nio-8080-exec-9 ][0;39m [32mnet.mingsoft.basic.dao.IManagerDao[0;39m:60 [2m:[0;39m Cache Hit Ratio [net.mingsoft.basic.dao.IManagerDao]: 0.8725490196078431
[2m2025-04-14 13:46:07.328[0;39m [[32mDEBUG[0;39m] [35m88914[0;39m [2m[nio-8080-exec-9 ][0;39m [32mnet.mingsoft.basic.dao.IModelDao.selectList[0;39m:135 [2m:[0;39m ==>  Preparing: SELECT id,model_title,model_datetime,model_id,model_url,model_code,is_child,model_icon,model_sort,model_ismenu,model_parent_ids,app_id,create_by,create_date,del,update_by,update_date FROM model
[2m2025-04-14 13:46:07.328[0;39m [[32mDEBUG[0;39m] [35m88914[0;39m [2m[nio-8080-exec-9 ][0;39m [32mnet.mingsoft.basic.dao.IModelDao.selectList[0;39m:135 [2m:[0;39m ==> Parameters: 
[2m2025-04-14 13:46:07.331[0;39m [[32mDEBUG[0;39m] [35m88914[0;39m [2m[nio-8080-exec-9 ][0;39m [32mnet.mingsoft.basic.dao.IModelDao.selectList[0;39m:135 [2m:[0;39m <==      Total: 94
[2m2025-04-14 13:46:07.333[0;39m [[32mDEBUG[0;39m] [35m88914[0;39m [2m[nio-8080-exec-9 ][0;39m [32mnet.mingsoft.basic.dao.IManagerDao[0;39m:60 [2m:[0;39m Cache Hit Ratio [net.mingsoft.basic.dao.IManagerDao]: 0.8737864077669902
[2m2025-04-14 13:46:07.334[0;39m [[32mDEBUG[0;39m] [35m88914[0;39m [2m[nio-8080-exec-9 ][0;39m [32mnet.mingsoft.basic.dao.IModelDao.selectList[0;39m:135 [2m:[0;39m ==>  Preparing: SELECT id,model_title,model_datetime,model_id,model_url,model_code,is_child,model_icon,model_sort,model_ismenu,model_parent_ids,app_id,create_by,create_date,del,update_by,update_date FROM model
[2m2025-04-14 13:46:07.334[0;39m [[32mDEBUG[0;39m] [35m88914[0;39m [2m[nio-8080-exec-9 ][0;39m [32mnet.mingsoft.basic.dao.IModelDao.selectList[0;39m:135 [2m:[0;39m ==> Parameters: 
[2m2025-04-14 13:46:07.339[0;39m [[32mDEBUG[0;39m] [35m88914[0;39m [2m[nio-8080-exec-9 ][0;39m [32mnet.mingsoft.basic.dao.IModelDao.selectList[0;39m:135 [2m:[0;39m <==      Total: 94
[2m2025-04-14 13:46:07.342[0;39m [[32mDEBUG[0;39m] [35m88914[0;39m [2m[nio-8080-exec-9 ][0;39m [32mnet.mingsoft.basic.dao.IManagerDao[0;39m:60 [2m:[0;39m Cache Hit Ratio [net.mingsoft.basic.dao.IManagerDao]: 0.875
[2m2025-04-14 13:46:07.342[0;39m [[32mDEBUG[0;39m] [35m88914[0;39m [2m[nio-8080-exec-9 ][0;39m [32mnet.mingsoft.basic.dao.IModelDao.selectList[0;39m:135 [2m:[0;39m ==>  Preparing: SELECT id,model_title,model_datetime,model_id,model_url,model_code,is_child,model_icon,model_sort,model_ismenu,model_parent_ids,app_id,create_by,create_date,del,update_by,update_date FROM model
[2m2025-04-14 13:46:07.343[0;39m [[32mDEBUG[0;39m] [35m88914[0;39m [2m[nio-8080-exec-9 ][0;39m [32mnet.mingsoft.basic.dao.IModelDao.selectList[0;39m:135 [2m:[0;39m ==> Parameters: 
[2m2025-04-14 13:46:07.347[0;39m [[32mDEBUG[0;39m] [35m88914[0;39m [2m[nio-8080-exec-9 ][0;39m [32mnet.mingsoft.basic.dao.IModelDao.selectList[0;39m:135 [2m:[0;39m <==      Total: 94
[2m2025-04-14 13:46:07.386[0;39m [[32mDEBUG[0;39m] [35m88914[0;39m [2m[nio-8080-exec-9 ][0;39m [32mnet.mingsoft.basic.dao.IManagerDao[0;39m:60 [2m:[0;39m Cache Hit Ratio [net.mingsoft.basic.dao.IManagerDao]: 0.8761904761904762
[2m2025-04-14 13:46:07.386[0;39m [[32mDEBUG[0;39m] [35m88914[0;39m [2m[nio-8080-exec-9 ][0;39m [32mnet.mingsoft.basic.dao.IModelDao.selectList[0;39m:135 [2m:[0;39m ==>  Preparing: SELECT id,model_title,model_datetime,model_id,model_url,model_code,is_child,model_icon,model_sort,model_ismenu,model_parent_ids,app_id,create_by,create_date,del,update_by,update_date FROM model
[2m2025-04-14 13:46:07.386[0;39m [[32mDEBUG[0;39m] [35m88914[0;39m [2m[nio-8080-exec-9 ][0;39m [32mnet.mingsoft.basic.dao.IModelDao.selectList[0;39m:135 [2m:[0;39m ==> Parameters: 
[2m2025-04-14 13:46:07.390[0;39m [[32mDEBUG[0;39m] [35m88914[0;39m [2m[nio-8080-exec-9 ][0;39m [32mnet.mingsoft.basic.dao.IModelDao.selectList[0;39m:135 [2m:[0;39m <==      Total: 94
[2m2025-04-14 13:46:07.945[0;39m [[32mDEBUG[0;39m] [35m88914[0;39m [2m[nio-8080-exec-4 ][0;39m [32mnet.mingsoft.basic.dao.IModelDao.selectList[0;39m:135 [2m:[0;39m ==>  Preparing: SELECT id,model_title,model_datetime,model_id,model_url,model_code,is_child,model_icon,model_sort,model_ismenu,model_parent_ids,app_id,create_by,create_date,del,update_by,update_date FROM model
[2m2025-04-14 13:46:07.946[0;39m [[32mDEBUG[0;39m] [35m88914[0;39m [2m[nio-8080-exec-4 ][0;39m [32mnet.mingsoft.basic.dao.IModelDao.selectList[0;39m:135 [2m:[0;39m ==> Parameters: 
[2m2025-04-14 13:46:07.949[0;39m [[32mDEBUG[0;39m] [35m88914[0;39m [2m[nio-8080-exec-4 ][0;39m [32mnet.mingsoft.basic.dao.IModelDao.selectList[0;39m:135 [2m:[0;39m <==      Total: 94
[2m2025-04-14 13:46:07.964[0;39m [[32mDEBUG[0;39m] [35m88914[0;39m [2m[nio-8080-exec-4 ][0;39m [32mnet.mingsoft.basic.dao.IRoleModelDao[0;39m:60 [2m:[0;39m Cache Hit Ratio [net.mingsoft.basic.dao.IRoleModelDao]: 0.0
[2m2025-04-14 13:46:07.964[0;39m [[32mDEBUG[0;39m] [35m88914[0;39m [2m[nio-8080-exec-4 ][0;39m [32mnet.mingsoft.basic.dao.IRoleModelDao.queryByRoleId[0;39m:135 [2m:[0;39m ==>  Preparing: select * from role_model where ROLE_ID=?
[2m2025-04-14 13:46:07.964[0;39m [[32mDEBUG[0;39m] [35m88914[0;39m [2m[nio-8080-exec-4 ][0;39m [32mnet.mingsoft.basic.dao.IRoleModelDao.queryByRoleId[0;39m:135 [2m:[0;39m ==> Parameters: 48(Integer)
[2m2025-04-14 13:46:07.967[0;39m [[32mDEBUG[0;39m] [35m88914[0;39m [2m[nio-8080-exec-4 ][0;39m [32mnet.mingsoft.basic.dao.IRoleModelDao.queryByRoleId[0;39m:135 [2m:[0;39m <==      Total: 88
[2m2025-04-14 13:47:16.160[0;39m [[32mDEBUG[0;39m] [35m88914[0;39m [2m[nio-8080-exec-7 ][0;39m [32mnet.mingsoft.basic.dao.IManagerDao[0;39m:60 [2m:[0;39m Cache Hit Ratio [net.mingsoft.basic.dao.IManagerDao]: 0.8773584905660378
[2m2025-04-14 13:47:16.165[0;39m [[32mDEBUG[0;39m] [35m88914[0;39m [2m[nio-8080-exec-7 ][0;39m [32mnet.mingsoft.basic.dao.IModelDao.selectList[0;39m:135 [2m:[0;39m ==>  Preparing: SELECT id,model_title,model_datetime,model_id,model_url,model_code,is_child,model_icon,model_sort,model_ismenu,model_parent_ids,app_id,create_by,create_date,del,update_by,update_date FROM model
[2m2025-04-14 13:47:16.165[0;39m [[32mDEBUG[0;39m] [35m88914[0;39m [2m[nio-8080-exec-7 ][0;39m [32mnet.mingsoft.basic.dao.IModelDao.selectList[0;39m:135 [2m:[0;39m ==> Parameters: 
[2m2025-04-14 13:47:16.169[0;39m [[32mDEBUG[0;39m] [35m88914[0;39m [2m[nio-8080-exec-7 ][0;39m [32mnet.mingsoft.basic.dao.IModelDao.selectList[0;39m:135 [2m:[0;39m <==      Total: 94
[2m2025-04-14 13:47:16.170[0;39m [[32mDEBUG[0;39m] [35m88914[0;39m [2m[nio-8080-exec-7 ][0;39m [32mnet.mingsoft.basic.dao.IManagerDao[0;39m:60 [2m:[0;39m Cache Hit Ratio [net.mingsoft.basic.dao.IManagerDao]: 0.8785046728971962
[2m2025-04-14 13:47:16.170[0;39m [[32mDEBUG[0;39m] [35m88914[0;39m [2m[nio-8080-exec-7 ][0;39m [32mnet.mingsoft.basic.dao.IModelDao.selectList[0;39m:135 [2m:[0;39m ==>  Preparing: SELECT id,model_title,model_datetime,model_id,model_url,model_code,is_child,model_icon,model_sort,model_ismenu,model_parent_ids,app_id,create_by,create_date,del,update_by,update_date FROM model
[2m2025-04-14 13:47:16.170[0;39m [[32mDEBUG[0;39m] [35m88914[0;39m [2m[nio-8080-exec-7 ][0;39m [32mnet.mingsoft.basic.dao.IModelDao.selectList[0;39m:135 [2m:[0;39m ==> Parameters: 
[2m2025-04-14 13:47:16.175[0;39m [[32mDEBUG[0;39m] [35m88914[0;39m [2m[nio-8080-exec-7 ][0;39m [32mnet.mingsoft.basic.dao.IModelDao.selectList[0;39m:135 [2m:[0;39m <==      Total: 94
[2m2025-04-14 13:47:16.176[0;39m [[32mDEBUG[0;39m] [35m88914[0;39m [2m[nio-8080-exec-7 ][0;39m [32mnet.mingsoft.basic.dao.IManagerDao[0;39m:60 [2m:[0;39m Cache Hit Ratio [net.mingsoft.basic.dao.IManagerDao]: 0.8796296296296297
[2m2025-04-14 13:47:16.176[0;39m [[32mDEBUG[0;39m] [35m88914[0;39m [2m[nio-8080-exec-7 ][0;39m [32mnet.mingsoft.basic.dao.IModelDao.selectList[0;39m:135 [2m:[0;39m ==>  Preparing: SELECT id,model_title,model_datetime,model_id,model_url,model_code,is_child,model_icon,model_sort,model_ismenu,model_parent_ids,app_id,create_by,create_date,del,update_by,update_date FROM model
[2m2025-04-14 13:47:16.177[0;39m [[32mDEBUG[0;39m] [35m88914[0;39m [2m[nio-8080-exec-7 ][0;39m [32mnet.mingsoft.basic.dao.IModelDao.selectList[0;39m:135 [2m:[0;39m ==> Parameters: 
[2m2025-04-14 13:47:16.179[0;39m [[32mDEBUG[0;39m] [35m88914[0;39m [2m[nio-8080-exec-7 ][0;39m [32mnet.mingsoft.basic.dao.IModelDao.selectList[0;39m:135 [2m:[0;39m <==      Total: 94
[2m2025-04-14 13:47:16.180[0;39m [[32mDEBUG[0;39m] [35m88914[0;39m [2m[nio-8080-exec-7 ][0;39m [32mnet.mingsoft.basic.dao.IManagerDao[0;39m:60 [2m:[0;39m Cache Hit Ratio [net.mingsoft.basic.dao.IManagerDao]: 0.8807339449541285
[2m2025-04-14 13:47:16.180[0;39m [[32mDEBUG[0;39m] [35m88914[0;39m [2m[nio-8080-exec-7 ][0;39m [32mnet.mingsoft.basic.dao.IModelDao.selectList[0;39m:135 [2m:[0;39m ==>  Preparing: SELECT id,model_title,model_datetime,model_id,model_url,model_code,is_child,model_icon,model_sort,model_ismenu,model_parent_ids,app_id,create_by,create_date,del,update_by,update_date FROM model
[2m2025-04-14 13:47:16.180[0;39m [[32mDEBUG[0;39m] [35m88914[0;39m [2m[nio-8080-exec-7 ][0;39m [32mnet.mingsoft.basic.dao.IModelDao.selectList[0;39m:135 [2m:[0;39m ==> Parameters: 
[2m2025-04-14 13:47:16.182[0;39m [[32mDEBUG[0;39m] [35m88914[0;39m [2m[nio-8080-exec-7 ][0;39m [32mnet.mingsoft.basic.dao.IModelDao.selectList[0;39m:135 [2m:[0;39m <==      Total: 94
[2m2025-04-14 13:47:16.184[0;39m [[32mDEBUG[0;39m] [35m88914[0;39m [2m[nio-8080-exec-7 ][0;39m [32mnet.mingsoft.basic.dao.IManagerDao[0;39m:60 [2m:[0;39m Cache Hit Ratio [net.mingsoft.basic.dao.IManagerDao]: 0.8818181818181818
[2m2025-04-14 13:47:16.184[0;39m [[32mDEBUG[0;39m] [35m88914[0;39m [2m[nio-8080-exec-7 ][0;39m [32mnet.mingsoft.basic.dao.IModelDao.selectList[0;39m:135 [2m:[0;39m ==>  Preparing: SELECT id,model_title,model_datetime,model_id,model_url,model_code,is_child,model_icon,model_sort,model_ismenu,model_parent_ids,app_id,create_by,create_date,del,update_by,update_date FROM model
[2m2025-04-14 13:47:16.184[0;39m [[32mDEBUG[0;39m] [35m88914[0;39m [2m[nio-8080-exec-7 ][0;39m [32mnet.mingsoft.basic.dao.IModelDao.selectList[0;39m:135 [2m:[0;39m ==> Parameters: 
[2m2025-04-14 13:47:16.186[0;39m [[32mDEBUG[0;39m] [35m88914[0;39m [2m[nio-8080-exec-7 ][0;39m [32mnet.mingsoft.basic.dao.IModelDao.selectList[0;39m:135 [2m:[0;39m <==      Total: 94
[2m2025-04-14 13:47:16.187[0;39m [[32mDEBUG[0;39m] [35m88914[0;39m [2m[nio-8080-exec-7 ][0;39m [32mnet.mingsoft.basic.dao.IManagerDao[0;39m:60 [2m:[0;39m Cache Hit Ratio [net.mingsoft.basic.dao.IManagerDao]: 0.8828828828828829
[2m2025-04-14 13:47:16.187[0;39m [[32mDEBUG[0;39m] [35m88914[0;39m [2m[nio-8080-exec-7 ][0;39m [32mnet.mingsoft.basic.dao.IModelDao.selectList[0;39m:135 [2m:[0;39m ==>  Preparing: SELECT id,model_title,model_datetime,model_id,model_url,model_code,is_child,model_icon,model_sort,model_ismenu,model_parent_ids,app_id,create_by,create_date,del,update_by,update_date FROM model
[2m2025-04-14 13:47:16.187[0;39m [[32mDEBUG[0;39m] [35m88914[0;39m [2m[nio-8080-exec-7 ][0;39m [32mnet.mingsoft.basic.dao.IModelDao.selectList[0;39m:135 [2m:[0;39m ==> Parameters: 
[2m2025-04-14 13:47:16.189[0;39m [[32mDEBUG[0;39m] [35m88914[0;39m [2m[nio-8080-exec-7 ][0;39m [32mnet.mingsoft.basic.dao.IModelDao.selectList[0;39m:135 [2m:[0;39m <==      Total: 94
[2m2025-04-14 13:47:16.190[0;39m [[32mDEBUG[0;39m] [35m88914[0;39m [2m[nio-8080-exec-7 ][0;39m [32mnet.mingsoft.basic.dao.IManagerDao[0;39m:60 [2m:[0;39m Cache Hit Ratio [net.mingsoft.basic.dao.IManagerDao]: 0.8839285714285714
[2m2025-04-14 13:47:16.190[0;39m [[32mDEBUG[0;39m] [35m88914[0;39m [2m[nio-8080-exec-7 ][0;39m [32mnet.mingsoft.basic.dao.IModelDao.selectList[0;39m:135 [2m:[0;39m ==>  Preparing: SELECT id,model_title,model_datetime,model_id,model_url,model_code,is_child,model_icon,model_sort,model_ismenu,model_parent_ids,app_id,create_by,create_date,del,update_by,update_date FROM model
[2m2025-04-14 13:47:16.190[0;39m [[32mDEBUG[0;39m] [35m88914[0;39m [2m[nio-8080-exec-7 ][0;39m [32mnet.mingsoft.basic.dao.IModelDao.selectList[0;39m:135 [2m:[0;39m ==> Parameters: 
[2m2025-04-14 13:47:16.193[0;39m [[32mDEBUG[0;39m] [35m88914[0;39m [2m[nio-8080-exec-7 ][0;39m [32mnet.mingsoft.basic.dao.IModelDao.selectList[0;39m:135 [2m:[0;39m <==      Total: 94
[2m2025-04-14 13:47:16.193[0;39m [[32mDEBUG[0;39m] [35m88914[0;39m [2m[nio-8080-exec-7 ][0;39m [32mnet.mingsoft.basic.dao.IManagerDao[0;39m:60 [2m:[0;39m Cache Hit Ratio [net.mingsoft.basic.dao.IManagerDao]: 0.8849557522123894
[2m2025-04-14 13:47:16.194[0;39m [[32mDEBUG[0;39m] [35m88914[0;39m [2m[nio-8080-exec-7 ][0;39m [32mnet.mingsoft.basic.dao.IModelDao.selectList[0;39m:135 [2m:[0;39m ==>  Preparing: SELECT id,model_title,model_datetime,model_id,model_url,model_code,is_child,model_icon,model_sort,model_ismenu,model_parent_ids,app_id,create_by,create_date,del,update_by,update_date FROM model
[2m2025-04-14 13:47:16.194[0;39m [[32mDEBUG[0;39m] [35m88914[0;39m [2m[nio-8080-exec-7 ][0;39m [32mnet.mingsoft.basic.dao.IModelDao.selectList[0;39m:135 [2m:[0;39m ==> Parameters: 
[2m2025-04-14 13:47:16.196[0;39m [[32mDEBUG[0;39m] [35m88914[0;39m [2m[nio-8080-exec-7 ][0;39m [32mnet.mingsoft.basic.dao.IModelDao.selectList[0;39m:135 [2m:[0;39m <==      Total: 94
[2m2025-04-14 13:47:16.197[0;39m [[32mDEBUG[0;39m] [35m88914[0;39m [2m[nio-8080-exec-7 ][0;39m [32mnet.mingsoft.basic.dao.IManagerDao[0;39m:60 [2m:[0;39m Cache Hit Ratio [net.mingsoft.basic.dao.IManagerDao]: 0.8859649122807017
[2m2025-04-14 13:47:16.197[0;39m [[32mDEBUG[0;39m] [35m88914[0;39m [2m[nio-8080-exec-7 ][0;39m [32mnet.mingsoft.basic.dao.IModelDao.selectList[0;39m:135 [2m:[0;39m ==>  Preparing: SELECT id,model_title,model_datetime,model_id,model_url,model_code,is_child,model_icon,model_sort,model_ismenu,model_parent_ids,app_id,create_by,create_date,del,update_by,update_date FROM model
[2m2025-04-14 13:47:16.197[0;39m [[32mDEBUG[0;39m] [35m88914[0;39m [2m[nio-8080-exec-7 ][0;39m [32mnet.mingsoft.basic.dao.IModelDao.selectList[0;39m:135 [2m:[0;39m ==> Parameters: 
[2m2025-04-14 13:47:16.199[0;39m [[32mDEBUG[0;39m] [35m88914[0;39m [2m[nio-8080-exec-7 ][0;39m [32mnet.mingsoft.basic.dao.IModelDao.selectList[0;39m:135 [2m:[0;39m <==      Total: 94
[2m2025-04-14 13:47:16.200[0;39m [[32mDEBUG[0;39m] [35m88914[0;39m [2m[nio-8080-exec-7 ][0;39m [32mnet.mingsoft.basic.dao.IManagerDao[0;39m:60 [2m:[0;39m Cache Hit Ratio [net.mingsoft.basic.dao.IManagerDao]: 0.8869565217391304
[2m2025-04-14 13:47:16.201[0;39m [[32mDEBUG[0;39m] [35m88914[0;39m [2m[nio-8080-exec-7 ][0;39m [32mnet.mingsoft.basic.dao.IModelDao.selectList[0;39m:135 [2m:[0;39m ==>  Preparing: SELECT id,model_title,model_datetime,model_id,model_url,model_code,is_child,model_icon,model_sort,model_ismenu,model_parent_ids,app_id,create_by,create_date,del,update_by,update_date FROM model
[2m2025-04-14 13:47:16.201[0;39m [[32mDEBUG[0;39m] [35m88914[0;39m [2m[nio-8080-exec-7 ][0;39m [32mnet.mingsoft.basic.dao.IModelDao.selectList[0;39m:135 [2m:[0;39m ==> Parameters: 
[2m2025-04-14 13:47:16.204[0;39m [[32mDEBUG[0;39m] [35m88914[0;39m [2m[nio-8080-exec-7 ][0;39m [32mnet.mingsoft.basic.dao.IModelDao.selectList[0;39m:135 [2m:[0;39m <==      Total: 94
[2m2025-04-14 13:47:16.206[0;39m [[32mDEBUG[0;39m] [35m88914[0;39m [2m[nio-8080-exec-7 ][0;39m [32mnet.mingsoft.basic.dao.IManagerDao[0;39m:60 [2m:[0;39m Cache Hit Ratio [net.mingsoft.basic.dao.IManagerDao]: 0.8879310344827587
[2m2025-04-14 13:47:16.206[0;39m [[32mDEBUG[0;39m] [35m88914[0;39m [2m[nio-8080-exec-7 ][0;39m [32mnet.mingsoft.basic.dao.IModelDao.selectList[0;39m:135 [2m:[0;39m ==>  Preparing: SELECT id,model_title,model_datetime,model_id,model_url,model_code,is_child,model_icon,model_sort,model_ismenu,model_parent_ids,app_id,create_by,create_date,del,update_by,update_date FROM model
[2m2025-04-14 13:47:16.206[0;39m [[32mDEBUG[0;39m] [35m88914[0;39m [2m[nio-8080-exec-7 ][0;39m [32mnet.mingsoft.basic.dao.IModelDao.selectList[0;39m:135 [2m:[0;39m ==> Parameters: 
[2m2025-04-14 13:47:16.209[0;39m [[32mDEBUG[0;39m] [35m88914[0;39m [2m[nio-8080-exec-7 ][0;39m [32mnet.mingsoft.basic.dao.IModelDao.selectList[0;39m:135 [2m:[0;39m <==      Total: 94
[2m2025-04-14 13:47:16.210[0;39m [[32mDEBUG[0;39m] [35m88914[0;39m [2m[nio-8080-exec-7 ][0;39m [32mnet.mingsoft.basic.dao.IManagerDao[0;39m:60 [2m:[0;39m Cache Hit Ratio [net.mingsoft.basic.dao.IManagerDao]: 0.8888888888888888
[2m2025-04-14 13:47:16.211[0;39m [[32mDEBUG[0;39m] [35m88914[0;39m [2m[nio-8080-exec-7 ][0;39m [32mnet.mingsoft.basic.dao.IModelDao.selectList[0;39m:135 [2m:[0;39m ==>  Preparing: SELECT id,model_title,model_datetime,model_id,model_url,model_code,is_child,model_icon,model_sort,model_ismenu,model_parent_ids,app_id,create_by,create_date,del,update_by,update_date FROM model
[2m2025-04-14 13:47:16.211[0;39m [[32mDEBUG[0;39m] [35m88914[0;39m [2m[nio-8080-exec-7 ][0;39m [32mnet.mingsoft.basic.dao.IModelDao.selectList[0;39m:135 [2m:[0;39m ==> Parameters: 
[2m2025-04-14 13:47:16.214[0;39m [[32mDEBUG[0;39m] [35m88914[0;39m [2m[nio-8080-exec-7 ][0;39m [32mnet.mingsoft.basic.dao.IModelDao.selectList[0;39m:135 [2m:[0;39m <==      Total: 94
[2m2025-04-14 13:47:16.217[0;39m [[32mDEBUG[0;39m] [35m88914[0;39m [2m[nio-8080-exec-7 ][0;39m [32mnet.mingsoft.basic.dao.IRoleDao[0;39m:60 [2m:[0;39m Cache Hit Ratio [net.mingsoft.basic.dao.IRoleDao]: 0.0
[2m2025-04-14 13:47:16.217[0;39m [[32mDEBUG[0;39m] [35m88914[0;39m [2m[nio-8080-exec-7 ][0;39m [32mnet.mingsoft.basic.dao.IRoleDao.getByEntity[0;39m:135 [2m:[0;39m ==>  Preparing: select * from role WHERE ROLE_NAME=?
[2m2025-04-14 13:47:16.219[0;39m [[32mDEBUG[0;39m] [35m88914[0;39m [2m[nio-8080-exec-7 ][0;39m [32mnet.mingsoft.basic.dao.IRoleDao.getByEntity[0;39m:135 [2m:[0;39m ==> Parameters: 超级管理员(String)
[2m2025-04-14 13:47:16.220[0;39m [[32mDEBUG[0;39m] [35m88914[0;39m [2m[nio-8080-exec-7 ][0;39m [32mnet.mingsoft.basic.dao.IRoleDao.getByEntity[0;39m:135 [2m:[0;39m <==      Total: 0
[2m2025-04-14 13:47:16.232[0;39m [[32mDEBUG[0;39m] [35m88914[0;39m [2m[nio-8080-exec-7 ][0;39m [32mnet.mingsoft.basic.dao.IRoleDao.insert[0;39m:135 [2m:[0;39m ==>  Preparing: INSERT INTO role ( role_name, not_del, create_by, create_date, del ) VALUES ( ?, ?, ?, ?, ? )
[2m2025-04-14 13:47:16.237[0;39m [[32mDEBUG[0;39m] [35m88914[0;39m [2m[nio-8080-exec-7 ][0;39m [32mnet.mingsoft.basic.dao.IRoleDao.insert[0;39m:135 [2m:[0;39m ==> Parameters: 超级管理员(String), 0(Integer), 57(String), 2025-04-14 13:47:16.22(Timestamp), 0(Integer)
[2m2025-04-14 13:47:16.242[0;39m [[32mDEBUG[0;39m] [35m88914[0;39m [2m[nio-8080-exec-7 ][0;39m [32mnet.mingsoft.basic.dao.IRoleDao.insert[0;39m:135 [2m:[0;39m <==    Updates: 1
[2m2025-04-14 13:47:16.248[0;39m [[32mDEBUG[0;39m] [35m88914[0;39m [2m[nio-8080-exec-7 ][0;39m [32mnet.mingsoft.basic.dao.IRoleDao.updateCache[0;39m:135 [2m:[0;39m ==>  Preparing: UPDATE role set del=0 where id=-1
[2m2025-04-14 13:47:16.249[0;39m [[32mDEBUG[0;39m] [35m88914[0;39m [2m[nio-8080-exec-7 ][0;39m [32mnet.mingsoft.basic.dao.IRoleDao.updateCache[0;39m:135 [2m:[0;39m ==> Parameters: 
[2m2025-04-14 13:47:16.250[0;39m [[32mDEBUG[0;39m] [35m88914[0;39m [2m[nio-8080-exec-7 ][0;39m [32mnet.mingsoft.basic.dao.IRoleDao.updateCache[0;39m:135 [2m:[0;39m <==    Updates: 0
[2m2025-04-14 13:47:16.251[0;39m [[32mDEBUG[0;39m] [35m88914[0;39m [2m[nio-8080-exec-7 ][0;39m [32mnet.mingsoft.basic.dao.IRoleModelDao.deleteByRoleId[0;39m:135 [2m:[0;39m ==>  Preparing: delete from role_model where ROLE_ID=?
[2m2025-04-14 13:47:16.252[0;39m [[32mDEBUG[0;39m] [35m88914[0;39m [2m[nio-8080-exec-7 ][0;39m [32mnet.mingsoft.basic.dao.IRoleModelDao.deleteByRoleId[0;39m:135 [2m:[0;39m ==> Parameters: 49(Integer)
[2m2025-04-14 13:47:16.252[0;39m [[32mDEBUG[0;39m] [35m88914[0;39m [2m[nio-8080-exec-7 ][0;39m [32mnet.mingsoft.basic.dao.IRoleModelDao.deleteByRoleId[0;39m:135 [2m:[0;39m <==    Updates: 0
[2m2025-04-14 13:47:16.253[0;39m [[32mDEBUG[0;39m] [35m88914[0;39m [2m[nio-8080-exec-7 ][0;39m [32mnet.mingsoft.basic.dao.IModelDao.updateCache[0;39m:135 [2m:[0;39m ==>  Preparing: UPDATE model set model_id=0 where model_id=-1
[2m2025-04-14 13:47:16.254[0;39m [[32mDEBUG[0;39m] [35m88914[0;39m [2m[nio-8080-exec-7 ][0;39m [32mnet.mingsoft.basic.dao.IModelDao.updateCache[0;39m:135 [2m:[0;39m ==> Parameters: 
[2m2025-04-14 13:47:16.254[0;39m [[32mDEBUG[0;39m] [35m88914[0;39m [2m[nio-8080-exec-7 ][0;39m [32mnet.mingsoft.basic.dao.IModelDao.updateCache[0;39m:135 [2m:[0;39m <==    Updates: 0
[2m2025-04-14 13:47:16.262[0;39m [[32mDEBUG[0;39m] [35m88914[0;39m [2m[nio-8080-exec-7 ][0;39m [32mnet.mingsoft.basic.dao.IRoleModelDao.insert[0;39m:135 [2m:[0;39m ==>  Preparing: INSERT INTO role_model ( model_id, role_id ) VALUES ( ?, ? )
[2m2025-04-14 13:47:16.263[0;39m [[32mDEBUG[0;39m] [35m88914[0;39m [2m[nio-8080-exec-7 ][0;39m [32mnet.mingsoft.basic.dao.IRoleModelDao.insert[0;39m:135 [2m:[0;39m ==> Parameters: 182(Integer), 49(Integer)
[2m2025-04-14 13:47:16.263[0;39m [[32mDEBUG[0;39m] [35m88914[0;39m [2m[nio-8080-exec-7 ][0;39m [32mnet.mingsoft.basic.dao.IRoleModelDao.insert[0;39m:135 [2m:[0;39m ==> Parameters: 1765(Integer), 49(Integer)
[2m2025-04-14 13:47:16.264[0;39m [[32mDEBUG[0;39m] [35m88914[0;39m [2m[nio-8080-exec-7 ][0;39m [32mnet.mingsoft.basic.dao.IRoleModelDao.insert[0;39m:135 [2m:[0;39m ==> Parameters: 204(Integer), 49(Integer)
[2m2025-04-14 13:47:16.264[0;39m [[32mDEBUG[0;39m] [35m88914[0;39m [2m[nio-8080-exec-7 ][0;39m [32mnet.mingsoft.basic.dao.IRoleModelDao.insert[0;39m:135 [2m:[0;39m ==> Parameters: 672(Integer), 49(Integer)
[2m2025-04-14 13:47:16.264[0;39m [[32mDEBUG[0;39m] [35m88914[0;39m [2m[nio-8080-exec-7 ][0;39m [32mnet.mingsoft.basic.dao.IRoleModelDao.insert[0;39m:135 [2m:[0;39m ==> Parameters: 673(Integer), 49(Integer)
[2m2025-04-14 13:47:16.264[0;39m [[32mDEBUG[0;39m] [35m88914[0;39m [2m[nio-8080-exec-7 ][0;39m [32mnet.mingsoft.basic.dao.IRoleModelDao.insert[0;39m:135 [2m:[0;39m ==> Parameters: 1767(Integer), 49(Integer)
[2m2025-04-14 13:47:16.264[0;39m [[32mDEBUG[0;39m] [35m88914[0;39m [2m[nio-8080-exec-7 ][0;39m [32mnet.mingsoft.basic.dao.IRoleModelDao.insert[0;39m:135 [2m:[0;39m ==> Parameters: 686(Integer), 49(Integer)
[2m2025-04-14 13:47:16.264[0;39m [[32mDEBUG[0;39m] [35m88914[0;39m [2m[nio-8080-exec-7 ][0;39m [32mnet.mingsoft.basic.dao.IRoleModelDao.insert[0;39m:135 [2m:[0;39m ==> Parameters: 1819(Integer), 49(Integer)
[2m2025-04-14 13:47:16.264[0;39m [[32mDEBUG[0;39m] [35m88914[0;39m [2m[nio-8080-exec-7 ][0;39m [32mnet.mingsoft.basic.dao.IRoleModelDao.insert[0;39m:135 [2m:[0;39m ==> Parameters: 1822(Integer), 49(Integer)
[2m2025-04-14 13:47:16.264[0;39m [[32mDEBUG[0;39m] [35m88914[0;39m [2m[nio-8080-exec-7 ][0;39m [32mnet.mingsoft.basic.dao.IRoleModelDao.insert[0;39m:135 [2m:[0;39m ==> Parameters: 1823(Integer), 49(Integer)
[2m2025-04-14 13:47:16.264[0;39m [[32mDEBUG[0;39m] [35m88914[0;39m [2m[nio-8080-exec-7 ][0;39m [32mnet.mingsoft.basic.dao.IRoleModelDao.insert[0;39m:135 [2m:[0;39m ==> Parameters: 1824(Integer), 49(Integer)
[2m2025-04-14 13:47:16.264[0;39m [[32mDEBUG[0;39m] [35m88914[0;39m [2m[nio-8080-exec-7 ][0;39m [32mnet.mingsoft.basic.dao.IRoleModelDao.insert[0;39m:135 [2m:[0;39m ==> Parameters: 1825(Integer), 49(Integer)
[2m2025-04-14 13:47:16.264[0;39m [[32mDEBUG[0;39m] [35m88914[0;39m [2m[nio-8080-exec-7 ][0;39m [32mnet.mingsoft.basic.dao.IRoleModelDao.insert[0;39m:135 [2m:[0;39m ==> Parameters: 718(Integer), 49(Integer)
[2m2025-04-14 13:47:16.264[0;39m [[32mDEBUG[0;39m] [35m88914[0;39m [2m[nio-8080-exec-7 ][0;39m [32mnet.mingsoft.basic.dao.IRoleModelDao.insert[0;39m:135 [2m:[0;39m ==> Parameters: 715(Integer), 49(Integer)
[2m2025-04-14 13:47:16.265[0;39m [[32mDEBUG[0;39m] [35m88914[0;39m [2m[nio-8080-exec-7 ][0;39m [32mnet.mingsoft.basic.dao.IRoleModelDao.insert[0;39m:135 [2m:[0;39m ==> Parameters: 710(Integer), 49(Integer)
[2m2025-04-14 13:47:16.265[0;39m [[32mDEBUG[0;39m] [35m88914[0;39m [2m[nio-8080-exec-7 ][0;39m [32mnet.mingsoft.basic.dao.IRoleModelDao.insert[0;39m:135 [2m:[0;39m ==> Parameters: 1781(Integer), 49(Integer)
[2m2025-04-14 13:47:16.265[0;39m [[32mDEBUG[0;39m] [35m88914[0;39m [2m[nio-8080-exec-7 ][0;39m [32mnet.mingsoft.basic.dao.IRoleModelDao.insert[0;39m:135 [2m:[0;39m ==> Parameters: 1783(Integer), 49(Integer)
[2m2025-04-14 13:47:16.265[0;39m [[32mDEBUG[0;39m] [35m88914[0;39m [2m[nio-8080-exec-7 ][0;39m [32mnet.mingsoft.basic.dao.IRoleModelDao.insert[0;39m:135 [2m:[0;39m ==> Parameters: 711(Integer), 49(Integer)
[2m2025-04-14 13:47:16.265[0;39m [[32mDEBUG[0;39m] [35m88914[0;39m [2m[nio-8080-exec-7 ][0;39m [32mnet.mingsoft.basic.dao.IRoleModelDao.insert[0;39m:135 [2m:[0;39m ==> Parameters: 713(Integer), 49(Integer)
[2m2025-04-14 13:47:16.265[0;39m [[32mDEBUG[0;39m] [35m88914[0;39m [2m[nio-8080-exec-7 ][0;39m [32mnet.mingsoft.basic.dao.IRoleModelDao.insert[0;39m:135 [2m:[0;39m ==> Parameters: 714(Integer), 49(Integer)
[2m2025-04-14 13:47:16.265[0;39m [[32mDEBUG[0;39m] [35m88914[0;39m [2m[nio-8080-exec-7 ][0;39m [32mnet.mingsoft.basic.dao.IRoleModelDao.insert[0;39m:135 [2m:[0;39m ==> Parameters: 1820(Integer), 49(Integer)
[2m2025-04-14 13:47:16.265[0;39m [[32mDEBUG[0;39m] [35m88914[0;39m [2m[nio-8080-exec-7 ][0;39m [32mnet.mingsoft.basic.dao.IRoleModelDao.insert[0;39m:135 [2m:[0;39m ==> Parameters: 1653(Integer), 49(Integer)
[2m2025-04-14 13:47:16.266[0;39m [[32mDEBUG[0;39m] [35m88914[0;39m [2m[nio-8080-exec-7 ][0;39m [32mnet.mingsoft.basic.dao.IRoleModelDao.insert[0;39m:135 [2m:[0;39m ==> Parameters: 721(Integer), 49(Integer)
[2m2025-04-14 13:47:16.266[0;39m [[32mDEBUG[0;39m] [35m88914[0;39m [2m[nio-8080-exec-7 ][0;39m [32mnet.mingsoft.basic.dao.IRoleModelDao.insert[0;39m:135 [2m:[0;39m ==> Parameters: 720(Integer), 49(Integer)
[2m2025-04-14 13:47:16.266[0;39m [[32mDEBUG[0;39m] [35m88914[0;39m [2m[nio-8080-exec-7 ][0;39m [32mnet.mingsoft.basic.dao.IRoleModelDao.insert[0;39m:135 [2m:[0;39m ==> Parameters: 719(Integer), 49(Integer)
[2m2025-04-14 13:47:16.266[0;39m [[32mDEBUG[0;39m] [35m88914[0;39m [2m[nio-8080-exec-7 ][0;39m [32mnet.mingsoft.basic.dao.IRoleModelDao.insert[0;39m:135 [2m:[0;39m ==> Parameters: 716(Integer), 49(Integer)
[2m2025-04-14 13:47:16.266[0;39m [[32mDEBUG[0;39m] [35m88914[0;39m [2m[nio-8080-exec-7 ][0;39m [32mnet.mingsoft.basic.dao.IRoleModelDao.insert[0;39m:135 [2m:[0;39m ==> Parameters: 717(Integer), 49(Integer)
[2m2025-04-14 13:47:16.266[0;39m [[32mDEBUG[0;39m] [35m88914[0;39m [2m[nio-8080-exec-7 ][0;39m [32mnet.mingsoft.basic.dao.IRoleModelDao.insert[0;39m:135 [2m:[0;39m ==> Parameters: 1702(Integer), 49(Integer)
[2m2025-04-14 13:47:16.266[0;39m [[32mDEBUG[0;39m] [35m88914[0;39m [2m[nio-8080-exec-7 ][0;39m [32mnet.mingsoft.basic.dao.IRoleModelDao.insert[0;39m:135 [2m:[0;39m ==> Parameters: 1703(Integer), 49(Integer)
[2m2025-04-14 13:47:16.266[0;39m [[32mDEBUG[0;39m] [35m88914[0;39m [2m[nio-8080-exec-7 ][0;39m [32mnet.mingsoft.basic.dao.IRoleModelDao.insert[0;39m:135 [2m:[0;39m ==> Parameters: 1704(Integer), 49(Integer)
[2m2025-04-14 13:47:16.266[0;39m [[32mDEBUG[0;39m] [35m88914[0;39m [2m[nio-8080-exec-7 ][0;39m [32mnet.mingsoft.basic.dao.IRoleModelDao.insert[0;39m:135 [2m:[0;39m ==> Parameters: 1705(Integer), 49(Integer)
[2m2025-04-14 13:47:16.266[0;39m [[32mDEBUG[0;39m] [35m88914[0;39m [2m[nio-8080-exec-7 ][0;39m [32mnet.mingsoft.basic.dao.IRoleModelDao.insert[0;39m:135 [2m:[0;39m ==> Parameters: 1706(Integer), 49(Integer)
[2m2025-04-14 13:47:16.266[0;39m [[32mDEBUG[0;39m] [35m88914[0;39m [2m[nio-8080-exec-7 ][0;39m [32mnet.mingsoft.basic.dao.IRoleModelDao.insert[0;39m:135 [2m:[0;39m ==> Parameters: 1708(Integer), 49(Integer)
[2m2025-04-14 13:47:16.266[0;39m [[32mDEBUG[0;39m] [35m88914[0;39m [2m[nio-8080-exec-7 ][0;39m [32mnet.mingsoft.basic.dao.IRoleModelDao.insert[0;39m:135 [2m:[0;39m ==> Parameters: 1709(Integer), 49(Integer)
[2m2025-04-14 13:47:16.266[0;39m [[32mDEBUG[0;39m] [35m88914[0;39m [2m[nio-8080-exec-7 ][0;39m [32mnet.mingsoft.basic.dao.IRoleModelDao.insert[0;39m:135 [2m:[0;39m ==> Parameters: 1710(Integer), 49(Integer)
[2m2025-04-14 13:47:16.266[0;39m [[32mDEBUG[0;39m] [35m88914[0;39m [2m[nio-8080-exec-7 ][0;39m [32mnet.mingsoft.basic.dao.IRoleModelDao.insert[0;39m:135 [2m:[0;39m ==> Parameters: 1711(Integer), 49(Integer)
[2m2025-04-14 13:47:16.267[0;39m [[32mDEBUG[0;39m] [35m88914[0;39m [2m[nio-8080-exec-7 ][0;39m [32mnet.mingsoft.basic.dao.IRoleModelDao.insert[0;39m:135 [2m:[0;39m ==> Parameters: 1712(Integer), 49(Integer)
[2m2025-04-14 13:47:16.267[0;39m [[32mDEBUG[0;39m] [35m88914[0;39m [2m[nio-8080-exec-7 ][0;39m [32mnet.mingsoft.basic.dao.IRoleModelDao.insert[0;39m:135 [2m:[0;39m ==> Parameters: 1725(Integer), 49(Integer)
[2m2025-04-14 13:47:16.267[0;39m [[32mDEBUG[0;39m] [35m88914[0;39m [2m[nio-8080-exec-7 ][0;39m [32mnet.mingsoft.basic.dao.IRoleModelDao.insert[0;39m:135 [2m:[0;39m ==> Parameters: 1801(Integer), 49(Integer)
[2m2025-04-14 13:47:16.267[0;39m [[32mDEBUG[0;39m] [35m88914[0;39m [2m[nio-8080-exec-7 ][0;39m [32mnet.mingsoft.basic.dao.IRoleModelDao.insert[0;39m:135 [2m:[0;39m ==> Parameters: 1726(Integer), 49(Integer)
[2m2025-04-14 13:47:16.267[0;39m [[32mDEBUG[0;39m] [35m88914[0;39m [2m[nio-8080-exec-7 ][0;39m [32mnet.mingsoft.basic.dao.IRoleModelDao.insert[0;39m:135 [2m:[0;39m ==> Parameters: 1727(Integer), 49(Integer)
[2m2025-04-14 13:47:16.267[0;39m [[32mDEBUG[0;39m] [35m88914[0;39m [2m[nio-8080-exec-7 ][0;39m [32mnet.mingsoft.basic.dao.IRoleModelDao.insert[0;39m:135 [2m:[0;39m ==> Parameters: 1728(Integer), 49(Integer)
[2m2025-04-14 13:47:16.267[0;39m [[32mDEBUG[0;39m] [35m88914[0;39m [2m[nio-8080-exec-7 ][0;39m [32mnet.mingsoft.basic.dao.IRoleModelDao.insert[0;39m:135 [2m:[0;39m ==> Parameters: 1729(Integer), 49(Integer)
[2m2025-04-14 13:47:16.267[0;39m [[32mDEBUG[0;39m] [35m88914[0;39m [2m[nio-8080-exec-7 ][0;39m [32mnet.mingsoft.basic.dao.IRoleModelDao.insert[0;39m:135 [2m:[0;39m ==> Parameters: 1730(Integer), 49(Integer)
[2m2025-04-14 13:47:16.267[0;39m [[32mDEBUG[0;39m] [35m88914[0;39m [2m[nio-8080-exec-7 ][0;39m [32mnet.mingsoft.basic.dao.IRoleModelDao.insert[0;39m:135 [2m:[0;39m ==> Parameters: 1731(Integer), 49(Integer)
[2m2025-04-14 13:47:16.267[0;39m [[32mDEBUG[0;39m] [35m88914[0;39m [2m[nio-8080-exec-7 ][0;39m [32mnet.mingsoft.basic.dao.IRoleModelDao.insert[0;39m:135 [2m:[0;39m ==> Parameters: 1732(Integer), 49(Integer)
[2m2025-04-14 13:47:16.267[0;39m [[32mDEBUG[0;39m] [35m88914[0;39m [2m[nio-8080-exec-7 ][0;39m [32mnet.mingsoft.basic.dao.IRoleModelDao.insert[0;39m:135 [2m:[0;39m ==> Parameters: 1803(Integer), 49(Integer)
[2m2025-04-14 13:47:16.267[0;39m [[32mDEBUG[0;39m] [35m88914[0;39m [2m[nio-8080-exec-7 ][0;39m [32mnet.mingsoft.basic.dao.IRoleModelDao.insert[0;39m:135 [2m:[0;39m ==> Parameters: 1804(Integer), 49(Integer)
[2m2025-04-14 13:47:16.267[0;39m [[32mDEBUG[0;39m] [35m88914[0;39m [2m[nio-8080-exec-7 ][0;39m [32mnet.mingsoft.basic.dao.IRoleModelDao.insert[0;39m:135 [2m:[0;39m ==> Parameters: 1805(Integer), 49(Integer)
[2m2025-04-14 13:47:16.267[0;39m [[32mDEBUG[0;39m] [35m88914[0;39m [2m[nio-8080-exec-7 ][0;39m [32mnet.mingsoft.basic.dao.IRoleModelDao.insert[0;39m:135 [2m:[0;39m ==> Parameters: 1806(Integer), 49(Integer)
[2m2025-04-14 13:47:16.268[0;39m [[32mDEBUG[0;39m] [35m88914[0;39m [2m[nio-8080-exec-7 ][0;39m [32mnet.mingsoft.basic.dao.IRoleModelDao.insert[0;39m:135 [2m:[0;39m ==> Parameters: 1807(Integer), 49(Integer)
[2m2025-04-14 13:47:16.268[0;39m [[32mDEBUG[0;39m] [35m88914[0;39m [2m[nio-8080-exec-7 ][0;39m [32mnet.mingsoft.basic.dao.IRoleModelDao.insert[0;39m:135 [2m:[0;39m ==> Parameters: 1808(Integer), 49(Integer)
[2m2025-04-14 13:47:16.268[0;39m [[32mDEBUG[0;39m] [35m88914[0;39m [2m[nio-8080-exec-7 ][0;39m [32mnet.mingsoft.basic.dao.IRoleModelDao.insert[0;39m:135 [2m:[0;39m ==> Parameters: 1809(Integer), 49(Integer)
[2m2025-04-14 13:47:16.268[0;39m [[32mDEBUG[0;39m] [35m88914[0;39m [2m[nio-8080-exec-7 ][0;39m [32mnet.mingsoft.basic.dao.IRoleModelDao.insert[0;39m:135 [2m:[0;39m ==> Parameters: 1810(Integer), 49(Integer)
[2m2025-04-14 13:47:16.268[0;39m [[32mDEBUG[0;39m] [35m88914[0;39m [2m[nio-8080-exec-7 ][0;39m [32mnet.mingsoft.basic.dao.IRoleModelDao.insert[0;39m:135 [2m:[0;39m ==> Parameters: 1813(Integer), 49(Integer)
[2m2025-04-14 13:47:16.268[0;39m [[32mDEBUG[0;39m] [35m88914[0;39m [2m[nio-8080-exec-7 ][0;39m [32mnet.mingsoft.basic.dao.IRoleModelDao.insert[0;39m:135 [2m:[0;39m ==> Parameters: 1811(Integer), 49(Integer)
[2m2025-04-14 13:47:16.269[0;39m [[32mDEBUG[0;39m] [35m88914[0;39m [2m[nio-8080-exec-7 ][0;39m [32mnet.mingsoft.basic.dao.IRoleModelDao.insert[0;39m:135 [2m:[0;39m ==> Parameters: 1814(Integer), 49(Integer)
[2m2025-04-14 13:47:16.269[0;39m [[32mDEBUG[0;39m] [35m88914[0;39m [2m[nio-8080-exec-7 ][0;39m [32mnet.mingsoft.basic.dao.IRoleModelDao.insert[0;39m:135 [2m:[0;39m ==> Parameters: 1815(Integer), 49(Integer)
[2m2025-04-14 13:47:16.269[0;39m [[32mDEBUG[0;39m] [35m88914[0;39m [2m[nio-8080-exec-7 ][0;39m [32mnet.mingsoft.basic.dao.IRoleModelDao.insert[0;39m:135 [2m:[0;39m ==> Parameters: 1816(Integer), 49(Integer)
[2m2025-04-14 13:47:16.269[0;39m [[32mDEBUG[0;39m] [35m88914[0;39m [2m[nio-8080-exec-7 ][0;39m [32mnet.mingsoft.basic.dao.IRoleModelDao.insert[0;39m:135 [2m:[0;39m ==> Parameters: 1817(Integer), 49(Integer)
[2m2025-04-14 13:47:16.269[0;39m [[32mDEBUG[0;39m] [35m88914[0;39m [2m[nio-8080-exec-7 ][0;39m [32mnet.mingsoft.basic.dao.IRoleModelDao.insert[0;39m:135 [2m:[0;39m ==> Parameters: 412(Integer), 49(Integer)
[2m2025-04-14 13:47:16.269[0;39m [[32mDEBUG[0;39m] [35m88914[0;39m [2m[nio-8080-exec-7 ][0;39m [32mnet.mingsoft.basic.dao.IRoleModelDao.insert[0;39m:135 [2m:[0;39m ==> Parameters: 663(Integer), 49(Integer)
[2m2025-04-14 13:47:16.269[0;39m [[32mDEBUG[0;39m] [35m88914[0;39m [2m[nio-8080-exec-7 ][0;39m [32mnet.mingsoft.basic.dao.IRoleModelDao.insert[0;39m:135 [2m:[0;39m ==> Parameters: 664(Integer), 49(Integer)
[2m2025-04-14 13:47:16.269[0;39m [[32mDEBUG[0;39m] [35m88914[0;39m [2m[nio-8080-exec-7 ][0;39m [32mnet.mingsoft.basic.dao.IRoleModelDao.insert[0;39m:135 [2m:[0;39m ==> Parameters: 665(Integer), 49(Integer)
[2m2025-04-14 13:47:16.269[0;39m [[32mDEBUG[0;39m] [35m88914[0;39m [2m[nio-8080-exec-7 ][0;39m [32mnet.mingsoft.basic.dao.IRoleModelDao.insert[0;39m:135 [2m:[0;39m ==> Parameters: 1764(Integer), 49(Integer)
[2m2025-04-14 13:47:16.270[0;39m [[32mDEBUG[0;39m] [35m88914[0;39m [2m[nio-8080-exec-7 ][0;39m [32mnet.mingsoft.basic.dao.IRoleModelDao.insert[0;39m:135 [2m:[0;39m ==> Parameters: 409(Integer), 49(Integer)
[2m2025-04-14 13:47:16.270[0;39m [[32mDEBUG[0;39m] [35m88914[0;39m [2m[nio-8080-exec-7 ][0;39m [32mnet.mingsoft.basic.dao.IRoleModelDao.insert[0;39m:135 [2m:[0;39m ==> Parameters: 408(Integer), 49(Integer)
[2m2025-04-14 13:47:16.271[0;39m [[32mDEBUG[0;39m] [35m88914[0;39m [2m[nio-8080-exec-7 ][0;39m [32mnet.mingsoft.basic.dao.IRoleModelDao.insert[0;39m:135 [2m:[0;39m ==> Parameters: 407(Integer), 49(Integer)
[2m2025-04-14 13:47:16.271[0;39m [[32mDEBUG[0;39m] [35m88914[0;39m [2m[nio-8080-exec-7 ][0;39m [32mnet.mingsoft.basic.dao.IRoleModelDao.insert[0;39m:135 [2m:[0;39m ==> Parameters: 184(Integer), 49(Integer)
[2m2025-04-14 13:47:16.271[0;39m [[32mDEBUG[0;39m] [35m88914[0;39m [2m[nio-8080-exec-7 ][0;39m [32mnet.mingsoft.basic.dao.IRoleModelDao.insert[0;39m:135 [2m:[0;39m ==> Parameters: 201(Integer), 49(Integer)
[2m2025-04-14 13:47:16.271[0;39m [[32mDEBUG[0;39m] [35m88914[0;39m [2m[nio-8080-exec-7 ][0;39m [32mnet.mingsoft.basic.dao.IRoleModelDao.insert[0;39m:135 [2m:[0;39m ==> Parameters: 202(Integer), 49(Integer)
[2m2025-04-14 13:47:16.271[0;39m [[32mDEBUG[0;39m] [35m88914[0;39m [2m[nio-8080-exec-7 ][0;39m [32mnet.mingsoft.basic.dao.IRoleModelDao.insert[0;39m:135 [2m:[0;39m ==> Parameters: 668(Integer), 49(Integer)
[2m2025-04-14 13:47:16.271[0;39m [[32mDEBUG[0;39m] [35m88914[0;39m [2m[nio-8080-exec-7 ][0;39m [32mnet.mingsoft.basic.dao.IRoleModelDao.insert[0;39m:135 [2m:[0;39m ==> Parameters: 84(Integer), 49(Integer)
[2m2025-04-14 13:47:16.271[0;39m [[32mDEBUG[0;39m] [35m88914[0;39m [2m[nio-8080-exec-7 ][0;39m [32mnet.mingsoft.basic.dao.IRoleModelDao.insert[0;39m:135 [2m:[0;39m ==> Parameters: 86(Integer), 49(Integer)
[2m2025-04-14 13:47:16.271[0;39m [[32mDEBUG[0;39m] [35m88914[0;39m [2m[nio-8080-exec-7 ][0;39m [32mnet.mingsoft.basic.dao.IRoleModelDao.insert[0;39m:135 [2m:[0;39m ==> Parameters: 87(Integer), 49(Integer)
[2m2025-04-14 13:47:16.271[0;39m [[32mDEBUG[0;39m] [35m88914[0;39m [2m[nio-8080-exec-7 ][0;39m [32mnet.mingsoft.basic.dao.IRoleModelDao.insert[0;39m:135 [2m:[0;39m ==> Parameters: 685(Integer), 49(Integer)
[2m2025-04-14 13:47:16.271[0;39m [[32mDEBUG[0;39m] [35m88914[0;39m [2m[nio-8080-exec-7 ][0;39m [32mnet.mingsoft.basic.dao.IRoleModelDao.insert[0;39m:135 [2m:[0;39m ==> Parameters: 1818(Integer), 49(Integer)
[2m2025-04-14 13:47:16.272[0;39m [[32mDEBUG[0;39m] [35m88914[0;39m [2m[nio-8080-exec-7 ][0;39m [32mnet.mingsoft.basic.dao.IRoleModelDao.insert[0;39m:135 [2m:[0;39m ==> Parameters: 1821(Integer), 49(Integer)
[2m2025-04-14 13:47:16.272[0;39m [[32mDEBUG[0;39m] [35m88914[0;39m [2m[nio-8080-exec-7 ][0;39m [32mnet.mingsoft.basic.dao.IRoleModelDao.insert[0;39m:135 [2m:[0;39m ==> Parameters: 706(Integer), 49(Integer)
[2m2025-04-14 13:47:16.272[0;39m [[32mDEBUG[0;39m] [35m88914[0;39m [2m[nio-8080-exec-7 ][0;39m [32mnet.mingsoft.basic.dao.IRoleModelDao.insert[0;39m:135 [2m:[0;39m ==> Parameters: 707(Integer), 49(Integer)
[2m2025-04-14 13:47:16.272[0;39m [[32mDEBUG[0;39m] [35m88914[0;39m [2m[nio-8080-exec-7 ][0;39m [32mnet.mingsoft.basic.dao.IRoleModelDao.insert[0;39m:135 [2m:[0;39m ==> Parameters: 708(Integer), 49(Integer)
[2m2025-04-14 13:47:16.272[0;39m [[32mDEBUG[0;39m] [35m88914[0;39m [2m[nio-8080-exec-7 ][0;39m [32mnet.mingsoft.basic.dao.IRoleModelDao.insert[0;39m:135 [2m:[0;39m ==> Parameters: 709(Integer), 49(Integer)
[2m2025-04-14 13:47:16.272[0;39m [[32mDEBUG[0;39m] [35m88914[0;39m [2m[nio-8080-exec-7 ][0;39m [32mnet.mingsoft.basic.dao.IRoleModelDao.insert[0;39m:135 [2m:[0;39m ==> Parameters: 1780(Integer), 49(Integer)
[2m2025-04-14 13:47:16.272[0;39m [[32mDEBUG[0;39m] [35m88914[0;39m [2m[nio-8080-exec-7 ][0;39m [32mnet.mingsoft.basic.dao.IRoleModelDao.insert[0;39m:135 [2m:[0;39m ==> Parameters: 1782(Integer), 49(Integer)
[2m2025-04-14 13:47:16.272[0;39m [[32mDEBUG[0;39m] [35m88914[0;39m [2m[nio-8080-exec-7 ][0;39m [32mnet.mingsoft.basic.dao.IRoleModelDao.insert[0;39m:135 [2m:[0;39m ==> Parameters: 1700(Integer), 49(Integer)
[2m2025-04-14 13:47:16.272[0;39m [[32mDEBUG[0;39m] [35m88914[0;39m [2m[nio-8080-exec-7 ][0;39m [32mnet.mingsoft.basic.dao.IRoleModelDao.insert[0;39m:135 [2m:[0;39m ==> Parameters: 1701(Integer), 49(Integer)
[2m2025-04-14 13:47:16.272[0;39m [[32mDEBUG[0;39m] [35m88914[0;39m [2m[nio-8080-exec-7 ][0;39m [32mnet.mingsoft.basic.dao.IRoleModelDao.insert[0;39m:135 [2m:[0;39m ==> Parameters: 1707(Integer), 49(Integer)
[2m2025-04-14 13:47:16.272[0;39m [[32mDEBUG[0;39m] [35m88914[0;39m [2m[nio-8080-exec-7 ][0;39m [32mnet.mingsoft.basic.dao.IRoleModelDao.insert[0;39m:135 [2m:[0;39m ==> Parameters: 1724(Integer), 49(Integer)
[2m2025-04-14 13:47:16.273[0;39m [[32mDEBUG[0;39m] [35m88914[0;39m [2m[nio-8080-exec-7 ][0;39m [32mnet.mingsoft.basic.dao.IRoleModelDao.insert[0;39m:135 [2m:[0;39m ==> Parameters: 1802(Integer), 49(Integer)
[2m2025-04-14 13:47:16.273[0;39m [[32mDEBUG[0;39m] [35m88914[0;39m [2m[nio-8080-exec-7 ][0;39m [32mnet.mingsoft.basic.dao.IRoleModelDao.insert[0;39m:135 [2m:[0;39m ==> Parameters: 1812(Integer), 49(Integer)
[2m2025-04-14 13:47:16.273[0;39m [[32mDEBUG[0;39m] [35m88914[0;39m [2m[nio-8080-exec-7 ][0;39m [32mnet.mingsoft.basic.dao.IRoleModelDao.insert[0;39m:135 [2m:[0;39m ==> Parameters: 23(Integer), 49(Integer)
[2m2025-04-14 13:47:16.273[0;39m [[32mDEBUG[0;39m] [35m88914[0;39m [2m[nio-8080-exec-7 ][0;39m [32mnet.mingsoft.basic.dao.IRoleModelDao.insert[0;39m:135 [2m:[0;39m ==> Parameters: 411(Integer), 49(Integer)
[2m2025-04-14 13:47:16.274[0;39m [[32mDEBUG[0;39m] [35m88914[0;39m [2m[nio-8080-exec-7 ][0;39m [32mnet.mingsoft.basic.dao.IRoleModelDao.insert[0;39m:135 [2m:[0;39m ==> Parameters: 406(Integer), 49(Integer)
[2m2025-04-14 13:47:16.274[0;39m [[32mDEBUG[0;39m] [35m88914[0;39m [2m[nio-8080-exec-7 ][0;39m [32mnet.mingsoft.basic.dao.IRoleModelDao.insert[0;39m:135 [2m:[0;39m ==> Parameters: 183(Integer), 49(Integer)
[2m2025-04-14 13:47:16.302[0;39m [[32mDEBUG[0;39m] [35m88914[0;39m [2m[nio-8080-exec-7 ][0;39m [32mnet.mingsoft.basic.dao.IRoleDao.updateCache[0;39m:135 [2m:[0;39m ==>  Preparing: UPDATE role set del=0 where id=-1
[2m2025-04-14 13:47:16.302[0;39m [[32mDEBUG[0;39m] [35m88914[0;39m [2m[nio-8080-exec-7 ][0;39m [32mnet.mingsoft.basic.dao.IRoleDao.updateCache[0;39m:135 [2m:[0;39m ==> Parameters: 
[2m2025-04-14 13:47:16.302[0;39m [[32mDEBUG[0;39m] [35m88914[0;39m [2m[nio-8080-exec-7 ][0;39m [32mnet.mingsoft.basic.dao.IRoleDao.updateCache[0;39m:135 [2m:[0;39m <==    Updates: 0
[2m2025-04-14 13:47:16.303[0;39m [[32mDEBUG[0;39m] [35m88914[0;39m [2m[nio-8080-exec-7 ][0;39m [32mnet.mingsoft.basic.util.BasicUtil[0;39m:399 [2m:[0;39m headers:{}
[2m2025-04-14 13:47:16.304[0;39m [[32mDEBUG[0;39m] [35m88914[0;39m [2m[ lh-something-2 ][0;39m [32mnet.mingsoft.basic.dao.ILogDao.insert[0;39m:135 [2m:[0;39m ==>  Preparing: INSERT INTO logger ( id, log_title, log_ip, log_method, log_request_method, log_url, log_status, log_business_type, log_user_type, log_user, log_location, log_param, log_result, create_date, del ) VALUES ( ?, ?, ?, ?, ?, ?, ?, ?, ?, ?, ?, ?, ?, ?, ? )
[2m2025-04-14 13:47:16.305[0;39m [[32mDEBUG[0;39m] [35m88914[0;39m [2m[ lh-something-2 ][0;39m [32mnet.mingsoft.basic.dao.ILogDao.insert[0;39m:135 [2m:[0;39m ==> Parameters: 1911657486440513537(String), 保存角色实体(String), 127.0.0.1(String), net.mingsoft.basic.action.RoleAction.saveOrUpdateRole()(String), POST(String), /ms/basic/role/saveOrUpdateRole.do(String), success(String), update(String), manage(String), msopen(String), 内网IP(String), {
    "roleName": [
        "超级管理员"
    ],
    "roleId": [
        "0"
    ],
    "ids": [
        "182,1765,204,672,673,1767,686,1819,1822,1823,1824,1825,718,715,710,1781,1783,711,713,714,1820,1653,721,720,719,716,717,1702,1703,1704,1705,1706,1708,1709,1710,1711,1712,1725,1801,1726,1727,1728,1729,1730,1731,1732,1803,1804,1805,1806,1807,1808,1809,1810,1813,1811,1814,1815,1816,1817,412,663,664,665,1764,409,408,407,184,201,202,668,84,86,87,685,1818,1821,706,707,708,709,1780,1782,1700,1701,1707,1724,1802,1812,23,411,406,183"
    ],
    "id": [
        ""
    ]
}(String), {"result":true,"code":200,"data":{"ids":"182,1765,204,672,673,1767,686,1819,1822,1823,1824,1825,718,715,710,1781,1783,711,713,714,1820,1653,721,720,719,716,717,1702,1703,1704,1705,1706,1708,1709,1710,1711,1712,1725,1801,1726,1727,1728,1729,1730,1731,1732,1803,1804,1805,1806,1807,1808,1809,1810,1813,1811,1814,1815,1816,1817,412,663,664,665,1764,409,408,407,184,201,202,668,84,86,87,685,1818,1821,706,707,708,709,1780,1782,1700,1701,1707,1724,1802,1812,23,411,406,183","roleName":"超级管理员","notDel":0,"createBy":"57","createDate":1744609636220,"del":0}}(String), 2025-04-14 13:47:16.304(Timestamp), 0(Integer)
[2m2025-04-14 13:47:16.311[0;39m [[32mDEBUG[0;39m] [35m88914[0;39m [2m[ lh-something-2 ][0;39m [32mnet.mingsoft.basic.dao.ILogDao.insert[0;39m:135 [2m:[0;39m <==    Updates: 1
[2m2025-04-14 13:47:16.314[0;39m [[32mDEBUG[0;39m] [35m88914[0;39m [2m[nio-8080-exec-1 ][0;39m [32mnet.mingsoft.basic.dao.IManagerDao[0;39m:60 [2m:[0;39m Cache Hit Ratio [net.mingsoft.basic.dao.IManagerDao]: 0.8898305084745762
[2m2025-04-14 13:47:16.314[0;39m [[32mDEBUG[0;39m] [35m88914[0;39m [2m[nio-8080-exec-1 ][0;39m [32mnet.mingsoft.basic.dao.IModelDao.selectList[0;39m:135 [2m:[0;39m ==>  Preparing: SELECT id,model_title,model_datetime,model_id,model_url,model_code,is_child,model_icon,model_sort,model_ismenu,model_parent_ids,app_id,create_by,create_date,del,update_by,update_date FROM model
[2m2025-04-14 13:47:16.314[0;39m [[32mDEBUG[0;39m] [35m88914[0;39m [2m[nio-8080-exec-1 ][0;39m [32mnet.mingsoft.basic.dao.IModelDao.selectList[0;39m:135 [2m:[0;39m ==> Parameters: 
[2m2025-04-14 13:47:16.316[0;39m [[32mDEBUG[0;39m] [35m88914[0;39m [2m[nio-8080-exec-1 ][0;39m [32mnet.mingsoft.basic.dao.IModelDao.selectList[0;39m:135 [2m:[0;39m <==      Total: 94
[2m2025-04-14 13:47:16.317[0;39m [[32mDEBUG[0;39m] [35m88914[0;39m [2m[nio-8080-exec-1 ][0;39m [32mnet.mingsoft.basic.dao.IManagerDao[0;39m:60 [2m:[0;39m Cache Hit Ratio [net.mingsoft.basic.dao.IManagerDao]: 0.8907563025210085
[2m2025-04-14 13:47:16.318[0;39m [[32mDEBUG[0;39m] [35m88914[0;39m [2m[nio-8080-exec-1 ][0;39m [32mnet.mingsoft.basic.dao.IModelDao.selectList[0;39m:135 [2m:[0;39m ==>  Preparing: SELECT id,model_title,model_datetime,model_id,model_url,model_code,is_child,model_icon,model_sort,model_ismenu,model_parent_ids,app_id,create_by,create_date,del,update_by,update_date FROM model
[2m2025-04-14 13:47:16.318[0;39m [[32mDEBUG[0;39m] [35m88914[0;39m [2m[nio-8080-exec-1 ][0;39m [32mnet.mingsoft.basic.dao.IModelDao.selectList[0;39m:135 [2m:[0;39m ==> Parameters: 
[2m2025-04-14 13:47:16.320[0;39m [[32mDEBUG[0;39m] [35m88914[0;39m [2m[nio-8080-exec-1 ][0;39m [32mnet.mingsoft.basic.dao.IModelDao.selectList[0;39m:135 [2m:[0;39m <==      Total: 94
[2m2025-04-14 13:47:16.320[0;39m [[32mDEBUG[0;39m] [35m88914[0;39m [2m[nio-8080-exec-1 ][0;39m [32mnet.mingsoft.basic.dao.IManagerDao[0;39m:60 [2m:[0;39m Cache Hit Ratio [net.mingsoft.basic.dao.IManagerDao]: 0.8916666666666667
[2m2025-04-14 13:47:16.320[0;39m [[32mDEBUG[0;39m] [35m88914[0;39m [2m[nio-8080-exec-1 ][0;39m [32mnet.mingsoft.basic.dao.IModelDao.selectList[0;39m:135 [2m:[0;39m ==>  Preparing: SELECT id,model_title,model_datetime,model_id,model_url,model_code,is_child,model_icon,model_sort,model_ismenu,model_parent_ids,app_id,create_by,create_date,del,update_by,update_date FROM model
[2m2025-04-14 13:47:16.321[0;39m [[32mDEBUG[0;39m] [35m88914[0;39m [2m[nio-8080-exec-1 ][0;39m [32mnet.mingsoft.basic.dao.IModelDao.selectList[0;39m:135 [2m:[0;39m ==> Parameters: 
[2m2025-04-14 13:47:16.322[0;39m [[32mDEBUG[0;39m] [35m88914[0;39m [2m[nio-8080-exec-1 ][0;39m [32mnet.mingsoft.basic.dao.IModelDao.selectList[0;39m:135 [2m:[0;39m <==      Total: 94
[2m2025-04-14 13:47:16.323[0;39m [[32mDEBUG[0;39m] [35m88914[0;39m [2m[nio-8080-exec-1 ][0;39m [32mnet.mingsoft.basic.dao.IManagerDao[0;39m:60 [2m:[0;39m Cache Hit Ratio [net.mingsoft.basic.dao.IManagerDao]: 0.8925619834710744
[2m2025-04-14 13:47:16.323[0;39m [[32mDEBUG[0;39m] [35m88914[0;39m [2m[nio-8080-exec-1 ][0;39m [32mnet.mingsoft.basic.dao.IModelDao.selectList[0;39m:135 [2m:[0;39m ==>  Preparing: SELECT id,model_title,model_datetime,model_id,model_url,model_code,is_child,model_icon,model_sort,model_ismenu,model_parent_ids,app_id,create_by,create_date,del,update_by,update_date FROM model
[2m2025-04-14 13:47:16.323[0;39m [[32mDEBUG[0;39m] [35m88914[0;39m [2m[nio-8080-exec-1 ][0;39m [32mnet.mingsoft.basic.dao.IModelDao.selectList[0;39m:135 [2m:[0;39m ==> Parameters: 
[2m2025-04-14 13:47:16.325[0;39m [[32mDEBUG[0;39m] [35m88914[0;39m [2m[nio-8080-exec-1 ][0;39m [32mnet.mingsoft.basic.dao.IModelDao.selectList[0;39m:135 [2m:[0;39m <==      Total: 94
[2m2025-04-14 13:47:16.325[0;39m [[32mDEBUG[0;39m] [35m88914[0;39m [2m[nio-8080-exec-1 ][0;39m [32mnet.mingsoft.basic.dao.IManagerDao[0;39m:60 [2m:[0;39m Cache Hit Ratio [net.mingsoft.basic.dao.IManagerDao]: 0.8934426229508197
[2m2025-04-14 13:47:16.326[0;39m [[32mDEBUG[0;39m] [35m88914[0;39m [2m[nio-8080-exec-1 ][0;39m [32mnet.mingsoft.basic.dao.IModelDao.selectList[0;39m:135 [2m:[0;39m ==>  Preparing: SELECT id,model_title,model_datetime,model_id,model_url,model_code,is_child,model_icon,model_sort,model_ismenu,model_parent_ids,app_id,create_by,create_date,del,update_by,update_date FROM model
[2m2025-04-14 13:47:16.326[0;39m [[32mDEBUG[0;39m] [35m88914[0;39m [2m[nio-8080-exec-1 ][0;39m [32mnet.mingsoft.basic.dao.IModelDao.selectList[0;39m:135 [2m:[0;39m ==> Parameters: 
[2m2025-04-14 13:47:16.327[0;39m [[32mDEBUG[0;39m] [35m88914[0;39m [2m[nio-8080-exec-1 ][0;39m [32mnet.mingsoft.basic.dao.IModelDao.selectList[0;39m:135 [2m:[0;39m <==      Total: 94
[2m2025-04-14 13:47:16.328[0;39m [[32mDEBUG[0;39m] [35m88914[0;39m [2m[nio-8080-exec-1 ][0;39m [32mnet.mingsoft.basic.dao.IManagerDao[0;39m:60 [2m:[0;39m Cache Hit Ratio [net.mingsoft.basic.dao.IManagerDao]: 0.8943089430894309
[2m2025-04-14 13:47:16.328[0;39m [[32mDEBUG[0;39m] [35m88914[0;39m [2m[nio-8080-exec-1 ][0;39m [32mnet.mingsoft.basic.dao.IModelDao.selectList[0;39m:135 [2m:[0;39m ==>  Preparing: SELECT id,model_title,model_datetime,model_id,model_url,model_code,is_child,model_icon,model_sort,model_ismenu,model_parent_ids,app_id,create_by,create_date,del,update_by,update_date FROM model
[2m2025-04-14 13:47:16.328[0;39m [[32mDEBUG[0;39m] [35m88914[0;39m [2m[nio-8080-exec-1 ][0;39m [32mnet.mingsoft.basic.dao.IModelDao.selectList[0;39m:135 [2m:[0;39m ==> Parameters: 
[2m2025-04-14 13:47:16.330[0;39m [[32mDEBUG[0;39m] [35m88914[0;39m [2m[nio-8080-exec-1 ][0;39m [32mnet.mingsoft.basic.dao.IModelDao.selectList[0;39m:135 [2m:[0;39m <==      Total: 94
[2m2025-04-14 13:47:16.339[0;39m [[32mDEBUG[0;39m] [35m88914[0;39m [2m[nio-8080-exec-1 ][0;39m [32mnet.mingsoft.basic.dao.IManagerDao[0;39m:60 [2m:[0;39m Cache Hit Ratio [net.mingsoft.basic.dao.IManagerDao]: 0.8951612903225806
[2m2025-04-14 13:47:16.339[0;39m [[32mDEBUG[0;39m] [35m88914[0;39m [2m[nio-8080-exec-1 ][0;39m [32mnet.mingsoft.basic.dao.IModelDao.selectList[0;39m:135 [2m:[0;39m ==>  Preparing: SELECT id,model_title,model_datetime,model_id,model_url,model_code,is_child,model_icon,model_sort,model_ismenu,model_parent_ids,app_id,create_by,create_date,del,update_by,update_date FROM model
[2m2025-04-14 13:47:16.339[0;39m [[32mDEBUG[0;39m] [35m88914[0;39m [2m[nio-8080-exec-1 ][0;39m [32mnet.mingsoft.basic.dao.IModelDao.selectList[0;39m:135 [2m:[0;39m ==> Parameters: 
[2m2025-04-14 13:47:16.341[0;39m [[32mDEBUG[0;39m] [35m88914[0;39m [2m[nio-8080-exec-1 ][0;39m [32mnet.mingsoft.basic.dao.IModelDao.selectList[0;39m:135 [2m:[0;39m <==      Total: 94
[2m2025-04-14 13:47:16.343[0;39m [[32mDEBUG[0;39m] [35m88914[0;39m [2m[nio-8080-exec-1 ][0;39m [32mnet.mingsoft.basic.dao.IManagerDao[0;39m:60 [2m:[0;39m Cache Hit Ratio [net.mingsoft.basic.dao.IManagerDao]: 0.896
[2m2025-04-14 13:47:16.344[0;39m [[32mDEBUG[0;39m] [35m88914[0;39m [2m[nio-8080-exec-1 ][0;39m [32mnet.mingsoft.basic.dao.IModelDao.selectList[0;39m:135 [2m:[0;39m ==>  Preparing: SELECT id,model_title,model_datetime,model_id,model_url,model_code,is_child,model_icon,model_sort,model_ismenu,model_parent_ids,app_id,create_by,create_date,del,update_by,update_date FROM model
[2m2025-04-14 13:47:16.344[0;39m [[32mDEBUG[0;39m] [35m88914[0;39m [2m[nio-8080-exec-1 ][0;39m [32mnet.mingsoft.basic.dao.IModelDao.selectList[0;39m:135 [2m:[0;39m ==> Parameters: 
[2m2025-04-14 13:47:16.347[0;39m [[32mDEBUG[0;39m] [35m88914[0;39m [2m[nio-8080-exec-1 ][0;39m [32mnet.mingsoft.basic.dao.IModelDao.selectList[0;39m:135 [2m:[0;39m <==      Total: 94
[2m2025-04-14 13:47:16.349[0;39m [[32mDEBUG[0;39m] [35m88914[0;39m [2m[nio-8080-exec-1 ][0;39m [32mnet.mingsoft.basic.dao.IManagerDao[0;39m:60 [2m:[0;39m Cache Hit Ratio [net.mingsoft.basic.dao.IManagerDao]: 0.8968253968253969
[2m2025-04-14 13:47:16.349[0;39m [[32mDEBUG[0;39m] [35m88914[0;39m [2m[nio-8080-exec-1 ][0;39m [32mnet.mingsoft.basic.dao.IModelDao.selectList[0;39m:135 [2m:[0;39m ==>  Preparing: SELECT id,model_title,model_datetime,model_id,model_url,model_code,is_child,model_icon,model_sort,model_ismenu,model_parent_ids,app_id,create_by,create_date,del,update_by,update_date FROM model
[2m2025-04-14 13:47:16.349[0;39m [[32mDEBUG[0;39m] [35m88914[0;39m [2m[nio-8080-exec-1 ][0;39m [32mnet.mingsoft.basic.dao.IModelDao.selectList[0;39m:135 [2m:[0;39m ==> Parameters: 
[2m2025-04-14 13:47:16.352[0;39m [[32mDEBUG[0;39m] [35m88914[0;39m [2m[nio-8080-exec-1 ][0;39m [32mnet.mingsoft.basic.dao.IModelDao.selectList[0;39m:135 [2m:[0;39m <==      Total: 94
[2m2025-04-14 13:47:16.352[0;39m [[32mDEBUG[0;39m] [35m88914[0;39m [2m[nio-8080-exec-1 ][0;39m [32mnet.mingsoft.basic.dao.IManagerDao[0;39m:60 [2m:[0;39m Cache Hit Ratio [net.mingsoft.basic.dao.IManagerDao]: 0.8976377952755905
[2m2025-04-14 13:47:16.353[0;39m [[32mDEBUG[0;39m] [35m88914[0;39m [2m[nio-8080-exec-1 ][0;39m [32mnet.mingsoft.basic.dao.IModelDao.selectList[0;39m:135 [2m:[0;39m ==>  Preparing: SELECT id,model_title,model_datetime,model_id,model_url,model_code,is_child,model_icon,model_sort,model_ismenu,model_parent_ids,app_id,create_by,create_date,del,update_by,update_date FROM model
[2m2025-04-14 13:47:16.353[0;39m [[32mDEBUG[0;39m] [35m88914[0;39m [2m[nio-8080-exec-1 ][0;39m [32mnet.mingsoft.basic.dao.IModelDao.selectList[0;39m:135 [2m:[0;39m ==> Parameters: 
[2m2025-04-14 13:47:16.355[0;39m [[32mDEBUG[0;39m] [35m88914[0;39m [2m[nio-8080-exec-1 ][0;39m [32mnet.mingsoft.basic.dao.IModelDao.selectList[0;39m:135 [2m:[0;39m <==      Total: 94
[2m2025-04-14 13:47:16.358[0;39m [[32mDEBUG[0;39m] [35m88914[0;39m [2m[nio-8080-exec-1 ][0;39m [32mnet.mingsoft.basic.dao.IManagerDao[0;39m:60 [2m:[0;39m Cache Hit Ratio [net.mingsoft.basic.dao.IManagerDao]: 0.8984375
[2m2025-04-14 13:47:16.359[0;39m [[32mDEBUG[0;39m] [35m88914[0;39m [2m[nio-8080-exec-1 ][0;39m [32mnet.mingsoft.basic.dao.IModelDao.selectList[0;39m:135 [2m:[0;39m ==>  Preparing: SELECT id,model_title,model_datetime,model_id,model_url,model_code,is_child,model_icon,model_sort,model_ismenu,model_parent_ids,app_id,create_by,create_date,del,update_by,update_date FROM model
[2m2025-04-14 13:47:16.359[0;39m [[32mDEBUG[0;39m] [35m88914[0;39m [2m[nio-8080-exec-1 ][0;39m [32mnet.mingsoft.basic.dao.IModelDao.selectList[0;39m:135 [2m:[0;39m ==> Parameters: 
[2m2025-04-14 13:47:16.362[0;39m [[32mDEBUG[0;39m] [35m88914[0;39m [2m[nio-8080-exec-1 ][0;39m [32mnet.mingsoft.basic.dao.IModelDao.selectList[0;39m:135 [2m:[0;39m <==      Total: 94
[2m2025-04-14 13:47:16.928[0;39m [[32mDEBUG[0;39m] [35m88914[0;39m [2m[nio-8080-exec-3 ][0;39m [32mnet.mingsoft.basic.dao.IRoleDao[0;39m:60 [2m:[0;39m Cache Hit Ratio [net.mingsoft.basic.dao.IRoleDao]: 0.0
[2m2025-04-14 13:47:16.929[0;39m [[32mDEBUG[0;39m] [35m88914[0;39m [2m[nio-8080-exec-3 ][0;39m [32mnet.mingsoft.basic.dao.IRoleDao.query_COUNT[0;39m:135 [2m:[0;39m ==>  Preparing: SELECT count(0) FROM role
[2m2025-04-14 13:47:16.929[0;39m [[32mDEBUG[0;39m] [35m88914[0;39m [2m[nio-8080-exec-3 ][0;39m [32mnet.mingsoft.basic.dao.IRoleDao.query_COUNT[0;39m:135 [2m:[0;39m ==> Parameters: 
[2m2025-04-14 13:47:16.931[0;39m [[32mDEBUG[0;39m] [35m88914[0;39m [2m[nio-8080-exec-3 ][0;39m [32mnet.mingsoft.basic.dao.IRoleDao.query_COUNT[0;39m:135 [2m:[0;39m <==      Total: 1
[2m2025-04-14 13:47:16.932[0;39m [[32mDEBUG[0;39m] [35m88914[0;39m [2m[nio-8080-exec-3 ][0;39m [32mnet.mingsoft.basic.dao.IRoleDao[0;39m:60 [2m:[0;39m Cache Hit Ratio [net.mingsoft.basic.dao.IRoleDao]: 0.0
[2m2025-04-14 13:47:16.932[0;39m [[32mDEBUG[0;39m] [35m88914[0;39m [2m[nio-8080-exec-3 ][0;39m [32mnet.mingsoft.basic.dao.IRoleDao.query[0;39m:135 [2m:[0;39m ==>  Preparing: select * from role order by id desc LIMIT ?
[2m2025-04-14 13:47:16.933[0;39m [[32mDEBUG[0;39m] [35m88914[0;39m [2m[nio-8080-exec-3 ][0;39m [32mnet.mingsoft.basic.dao.IRoleDao.query[0;39m:135 [2m:[0;39m ==> Parameters: 20(Integer)
[2m2025-04-14 13:47:16.934[0;39m [[32mDEBUG[0;39m] [35m88914[0;39m [2m[nio-8080-exec-3 ][0;39m [32mnet.mingsoft.basic.dao.IRoleDao.query[0;39m:135 [2m:[0;39m <==      Total: 2
[2m2025-04-14 13:47:21.835[0;39m [[32mDEBUG[0;39m] [35m88914[0;39m [2m[nio-8080-exec-8 ][0;39m [32mnet.mingsoft.basic.dao.IManagerDao[0;39m:60 [2m:[0;39m Cache Hit Ratio [net.mingsoft.basic.dao.IManagerDao]: 0.8992248062015504
[2m2025-04-14 13:47:21.836[0;39m [[32mDEBUG[0;39m] [35m88914[0;39m [2m[nio-8080-exec-8 ][0;39m [32mnet.mingsoft.basic.dao.IModelDao.selectList[0;39m:135 [2m:[0;39m ==>  Preparing: SELECT id,model_title,model_datetime,model_id,model_url,model_code,is_child,model_icon,model_sort,model_ismenu,model_parent_ids,app_id,create_by,create_date,del,update_by,update_date FROM model
[2m2025-04-14 13:47:21.837[0;39m [[32mDEBUG[0;39m] [35m88914[0;39m [2m[nio-8080-exec-8 ][0;39m [32mnet.mingsoft.basic.dao.IModelDao.selectList[0;39m:135 [2m:[0;39m ==> Parameters: 
[2m2025-04-14 13:47:21.840[0;39m [[32mDEBUG[0;39m] [35m88914[0;39m [2m[nio-8080-exec-8 ][0;39m [32mnet.mingsoft.basic.dao.IModelDao.selectList[0;39m:135 [2m:[0;39m <==      Total: 94
[2m2025-04-14 13:47:21.842[0;39m [[32mDEBUG[0;39m] [35m88914[0;39m [2m[nio-8080-exec-8 ][0;39m [32mnet.mingsoft.basic.dao.IManagerDao[0;39m:60 [2m:[0;39m Cache Hit Ratio [net.mingsoft.basic.dao.IManagerDao]: 0.9
[2m2025-04-14 13:47:21.842[0;39m [[32mDEBUG[0;39m] [35m88914[0;39m [2m[nio-8080-exec-8 ][0;39m [32mnet.mingsoft.basic.dao.IModelDao.selectList[0;39m:135 [2m:[0;39m ==>  Preparing: SELECT id,model_title,model_datetime,model_id,model_url,model_code,is_child,model_icon,model_sort,model_ismenu,model_parent_ids,app_id,create_by,create_date,del,update_by,update_date FROM model
[2m2025-04-14 13:47:21.842[0;39m [[32mDEBUG[0;39m] [35m88914[0;39m [2m[nio-8080-exec-8 ][0;39m [32mnet.mingsoft.basic.dao.IModelDao.selectList[0;39m:135 [2m:[0;39m ==> Parameters: 
[2m2025-04-14 13:47:21.846[0;39m [[32mDEBUG[0;39m] [35m88914[0;39m [2m[nio-8080-exec-8 ][0;39m [32mnet.mingsoft.basic.dao.IModelDao.selectList[0;39m:135 [2m:[0;39m <==      Total: 94
[2m2025-04-14 13:47:21.847[0;39m [[32mDEBUG[0;39m] [35m88914[0;39m [2m[nio-8080-exec-8 ][0;39m [32mnet.mingsoft.basic.dao.IManagerDao[0;39m:60 [2m:[0;39m Cache Hit Ratio [net.mingsoft.basic.dao.IManagerDao]: 0.9007633587786259
[2m2025-04-14 13:47:21.848[0;39m [[32mDEBUG[0;39m] [35m88914[0;39m [2m[nio-8080-exec-8 ][0;39m [32mnet.mingsoft.basic.dao.IModelDao.selectList[0;39m:135 [2m:[0;39m ==>  Preparing: SELECT id,model_title,model_datetime,model_id,model_url,model_code,is_child,model_icon,model_sort,model_ismenu,model_parent_ids,app_id,create_by,create_date,del,update_by,update_date FROM model
[2m2025-04-14 13:47:21.848[0;39m [[32mDEBUG[0;39m] [35m88914[0;39m [2m[nio-8080-exec-8 ][0;39m [32mnet.mingsoft.basic.dao.IModelDao.selectList[0;39m:135 [2m:[0;39m ==> Parameters: 
[2m2025-04-14 13:47:21.851[0;39m [[32mDEBUG[0;39m] [35m88914[0;39m [2m[nio-8080-exec-8 ][0;39m [32mnet.mingsoft.basic.dao.IModelDao.selectList[0;39m:135 [2m:[0;39m <==      Total: 94
[2m2025-04-14 13:47:21.852[0;39m [[32mDEBUG[0;39m] [35m88914[0;39m [2m[nio-8080-exec-8 ][0;39m [32mnet.mingsoft.basic.dao.IManagerDao[0;39m:60 [2m:[0;39m Cache Hit Ratio [net.mingsoft.basic.dao.IManagerDao]: 0.9015151515151515
[2m2025-04-14 13:47:21.852[0;39m [[32mDEBUG[0;39m] [35m88914[0;39m [2m[nio-8080-exec-8 ][0;39m [32mnet.mingsoft.basic.dao.IModelDao.selectList[0;39m:135 [2m:[0;39m ==>  Preparing: SELECT id,model_title,model_datetime,model_id,model_url,model_code,is_child,model_icon,model_sort,model_ismenu,model_parent_ids,app_id,create_by,create_date,del,update_by,update_date FROM model
[2m2025-04-14 13:47:21.852[0;39m [[32mDEBUG[0;39m] [35m88914[0;39m [2m[nio-8080-exec-8 ][0;39m [32mnet.mingsoft.basic.dao.IModelDao.selectList[0;39m:135 [2m:[0;39m ==> Parameters: 
[2m2025-04-14 13:47:21.855[0;39m [[32mDEBUG[0;39m] [35m88914[0;39m [2m[nio-8080-exec-8 ][0;39m [32mnet.mingsoft.basic.dao.IModelDao.selectList[0;39m:135 [2m:[0;39m <==      Total: 94
[2m2025-04-14 13:47:21.856[0;39m [[32mDEBUG[0;39m] [35m88914[0;39m [2m[nio-8080-exec-8 ][0;39m [32mnet.mingsoft.basic.dao.IManagerDao[0;39m:60 [2m:[0;39m Cache Hit Ratio [net.mingsoft.basic.dao.IManagerDao]: 0.9022556390977443
[2m2025-04-14 13:47:21.856[0;39m [[32mDEBUG[0;39m] [35m88914[0;39m [2m[nio-8080-exec-8 ][0;39m [32mnet.mingsoft.basic.dao.IModelDao.selectList[0;39m:135 [2m:[0;39m ==>  Preparing: SELECT id,model_title,model_datetime,model_id,model_url,model_code,is_child,model_icon,model_sort,model_ismenu,model_parent_ids,app_id,create_by,create_date,del,update_by,update_date FROM model
[2m2025-04-14 13:47:21.856[0;39m [[32mDEBUG[0;39m] [35m88914[0;39m [2m[nio-8080-exec-8 ][0;39m [32mnet.mingsoft.basic.dao.IModelDao.selectList[0;39m:135 [2m:[0;39m ==> Parameters: 
[2m2025-04-14 13:47:21.859[0;39m [[32mDEBUG[0;39m] [35m88914[0;39m [2m[nio-8080-exec-8 ][0;39m [32mnet.mingsoft.basic.dao.IModelDao.selectList[0;39m:135 [2m:[0;39m <==      Total: 94
[2m2025-04-14 13:47:21.861[0;39m [[32mDEBUG[0;39m] [35m88914[0;39m [2m[nio-8080-exec-8 ][0;39m [32mnet.mingsoft.basic.dao.IManagerDao[0;39m:60 [2m:[0;39m Cache Hit Ratio [net.mingsoft.basic.dao.IManagerDao]: 0.9029850746268657
[2m2025-04-14 13:47:21.861[0;39m [[32mDEBUG[0;39m] [35m88914[0;39m [2m[nio-8080-exec-8 ][0;39m [32mnet.mingsoft.basic.dao.IModelDao.selectList[0;39m:135 [2m:[0;39m ==>  Preparing: SELECT id,model_title,model_datetime,model_id,model_url,model_code,is_child,model_icon,model_sort,model_ismenu,model_parent_ids,app_id,create_by,create_date,del,update_by,update_date FROM model
[2m2025-04-14 13:47:21.861[0;39m [[32mDEBUG[0;39m] [35m88914[0;39m [2m[nio-8080-exec-8 ][0;39m [32mnet.mingsoft.basic.dao.IModelDao.selectList[0;39m:135 [2m:[0;39m ==> Parameters: 
[2m2025-04-14 13:47:21.865[0;39m [[32mDEBUG[0;39m] [35m88914[0;39m [2m[nio-8080-exec-8 ][0;39m [32mnet.mingsoft.basic.dao.IModelDao.selectList[0;39m:135 [2m:[0;39m <==      Total: 94
[2m2025-04-14 13:47:21.867[0;39m [[32mDEBUG[0;39m] [35m88914[0;39m [2m[nio-8080-exec-8 ][0;39m [32mnet.mingsoft.basic.dao.IManagerDao[0;39m:60 [2m:[0;39m Cache Hit Ratio [net.mingsoft.basic.dao.IManagerDao]: 0.9037037037037037
[2m2025-04-14 13:47:21.868[0;39m [[32mDEBUG[0;39m] [35m88914[0;39m [2m[nio-8080-exec-8 ][0;39m [32mnet.mingsoft.basic.dao.IManagerDao[0;39m:60 [2m:[0;39m Cache Hit Ratio [net.mingsoft.basic.dao.IManagerDao]: 0.9044117647058824
[2m2025-04-14 13:47:21.869[0;39m [[32mDEBUG[0;39m] [35m88914[0;39m [2m[nio-8080-exec-8 ][0;39m [32mnet.mingsoft.basic.dao.IRoleDao.selectList[0;39m:135 [2m:[0;39m ==>  Preparing: SELECT id,role_name,not_del,create_by,create_date,del,update_by,update_date FROM role
[2m2025-04-14 13:47:21.870[0;39m [[32mDEBUG[0;39m] [35m88914[0;39m [2m[nio-8080-exec-8 ][0;39m [32mnet.mingsoft.basic.dao.IRoleDao.selectList[0;39m:135 [2m:[0;39m ==> Parameters: 
[2m2025-04-14 13:47:21.871[0;39m [[32mDEBUG[0;39m] [35m88914[0;39m [2m[nio-8080-exec-8 ][0;39m [32mnet.mingsoft.basic.dao.IRoleDao.selectList[0;39m:135 [2m:[0;39m <==      Total: 2
[2m2025-04-14 13:47:24.616[0;39m [[32mDEBUG[0;39m] [35m88914[0;39m [2m[nio-8080-exec-6 ][0;39m [32mnet.mingsoft.basic.dao.IRoleDao[0;39m:60 [2m:[0;39m Cache Hit Ratio [net.mingsoft.basic.dao.IRoleDao]: 0.16666666666666666
[2m2025-04-14 13:47:24.617[0;39m [[32mDEBUG[0;39m] [35m88914[0;39m [2m[nio-8080-exec-6 ][0;39m [32mnet.mingsoft.basic.dao.IRoleDao[0;39m:60 [2m:[0;39m Cache Hit Ratio [net.mingsoft.basic.dao.IRoleDao]: 0.14285714285714285
[2m2025-04-14 13:47:24.618[0;39m [[32mDEBUG[0;39m] [35m88914[0;39m [2m[nio-8080-exec-6 ][0;39m [32mnet.mingsoft.basic.dao.IRoleDao.query[0;39m:135 [2m:[0;39m ==>  Preparing: select * from role order by id desc LIMIT ?
[2m2025-04-14 13:47:24.618[0;39m [[32mDEBUG[0;39m] [35m88914[0;39m [2m[nio-8080-exec-6 ][0;39m [32mnet.mingsoft.basic.dao.IRoleDao.query[0;39m:135 [2m:[0;39m ==> Parameters: 9999(Integer)
[2m2025-04-14 13:47:24.619[0;39m [[32mDEBUG[0;39m] [35m88914[0;39m [2m[nio-8080-exec-6 ][0;39m [32mnet.mingsoft.basic.dao.IRoleDao.query[0;39m:135 [2m:[0;39m <==      Total: 2
[2m2025-04-14 13:47:39.665[0;39m [[32mDEBUG[0;39m] [35m88914[0;39m [2m[nio-8080-exec-9 ][0;39m [32mnet.mingsoft.basic.dao.IManagerDao[0;39m:60 [2m:[0;39m Cache Hit Ratio [net.mingsoft.basic.dao.IManagerDao]: 0.9051094890510949
[2m2025-04-14 13:47:39.668[0;39m [[32mDEBUG[0;39m] [35m88914[0;39m [2m[nio-8080-exec-9 ][0;39m [32mnet.mingsoft.basic.dao.IModelDao.selectList[0;39m:135 [2m:[0;39m ==>  Preparing: SELECT id,model_title,model_datetime,model_id,model_url,model_code,is_child,model_icon,model_sort,model_ismenu,model_parent_ids,app_id,create_by,create_date,del,update_by,update_date FROM model
[2m2025-04-14 13:47:39.668[0;39m [[32mDEBUG[0;39m] [35m88914[0;39m [2m[nio-8080-exec-9 ][0;39m [32mnet.mingsoft.basic.dao.IModelDao.selectList[0;39m:135 [2m:[0;39m ==> Parameters: 
[2m2025-04-14 13:47:39.671[0;39m [[32mDEBUG[0;39m] [35m88914[0;39m [2m[nio-8080-exec-9 ][0;39m [32mnet.mingsoft.basic.dao.IModelDao.selectList[0;39m:135 [2m:[0;39m <==      Total: 94
[2m2025-04-14 13:47:39.672[0;39m [[32mDEBUG[0;39m] [35m88914[0;39m [2m[nio-8080-exec-9 ][0;39m [32mnet.mingsoft.basic.dao.IManagerDao[0;39m:60 [2m:[0;39m Cache Hit Ratio [net.mingsoft.basic.dao.IManagerDao]: 0.9057971014492754
[2m2025-04-14 13:47:39.672[0;39m [[32mDEBUG[0;39m] [35m88914[0;39m [2m[nio-8080-exec-9 ][0;39m [32mnet.mingsoft.basic.dao.IModelDao.selectList[0;39m:135 [2m:[0;39m ==>  Preparing: SELECT id,model_title,model_datetime,model_id,model_url,model_code,is_child,model_icon,model_sort,model_ismenu,model_parent_ids,app_id,create_by,create_date,del,update_by,update_date FROM model
[2m2025-04-14 13:47:39.672[0;39m [[32mDEBUG[0;39m] [35m88914[0;39m [2m[nio-8080-exec-9 ][0;39m [32mnet.mingsoft.basic.dao.IModelDao.selectList[0;39m:135 [2m:[0;39m ==> Parameters: 
[2m2025-04-14 13:47:39.675[0;39m [[32mDEBUG[0;39m] [35m88914[0;39m [2m[nio-8080-exec-9 ][0;39m [32mnet.mingsoft.basic.dao.IModelDao.selectList[0;39m:135 [2m:[0;39m <==      Total: 94
[2m2025-04-14 13:47:39.675[0;39m [[32mDEBUG[0;39m] [35m88914[0;39m [2m[nio-8080-exec-9 ][0;39m [32mnet.mingsoft.basic.dao.IManagerDao[0;39m:60 [2m:[0;39m Cache Hit Ratio [net.mingsoft.basic.dao.IManagerDao]: 0.9064748201438849
[2m2025-04-14 13:47:39.676[0;39m [[32mDEBUG[0;39m] [35m88914[0;39m [2m[nio-8080-exec-9 ][0;39m [32mnet.mingsoft.basic.dao.IModelDao.selectList[0;39m:135 [2m:[0;39m ==>  Preparing: SELECT id,model_title,model_datetime,model_id,model_url,model_code,is_child,model_icon,model_sort,model_ismenu,model_parent_ids,app_id,create_by,create_date,del,update_by,update_date FROM model
[2m2025-04-14 13:47:39.676[0;39m [[32mDEBUG[0;39m] [35m88914[0;39m [2m[nio-8080-exec-9 ][0;39m [32mnet.mingsoft.basic.dao.IModelDao.selectList[0;39m:135 [2m:[0;39m ==> Parameters: 
[2m2025-04-14 13:47:39.679[0;39m [[32mDEBUG[0;39m] [35m88914[0;39m [2m[nio-8080-exec-9 ][0;39m [32mnet.mingsoft.basic.dao.IModelDao.selectList[0;39m:135 [2m:[0;39m <==      Total: 94
[2m2025-04-14 13:47:39.680[0;39m [[32mDEBUG[0;39m] [35m88914[0;39m [2m[nio-8080-exec-9 ][0;39m [32mnet.mingsoft.basic.dao.IManagerDao[0;39m:60 [2m:[0;39m Cache Hit Ratio [net.mingsoft.basic.dao.IManagerDao]: 0.9071428571428571
[2m2025-04-14 13:47:39.680[0;39m [[32mDEBUG[0;39m] [35m88914[0;39m [2m[nio-8080-exec-9 ][0;39m [32mnet.mingsoft.basic.dao.IModelDao.selectList[0;39m:135 [2m:[0;39m ==>  Preparing: SELECT id,model_title,model_datetime,model_id,model_url,model_code,is_child,model_icon,model_sort,model_ismenu,model_parent_ids,app_id,create_by,create_date,del,update_by,update_date FROM model
[2m2025-04-14 13:47:39.680[0;39m [[32mDEBUG[0;39m] [35m88914[0;39m [2m[nio-8080-exec-9 ][0;39m [32mnet.mingsoft.basic.dao.IModelDao.selectList[0;39m:135 [2m:[0;39m ==> Parameters: 
[2m2025-04-14 13:47:39.683[0;39m [[32mDEBUG[0;39m] [35m88914[0;39m [2m[nio-8080-exec-9 ][0;39m [32mnet.mingsoft.basic.dao.IModelDao.selectList[0;39m:135 [2m:[0;39m <==      Total: 94
[2m2025-04-14 13:47:39.685[0;39m [[32mDEBUG[0;39m] [35m88914[0;39m [2m[nio-8080-exec-9 ][0;39m [32mnet.mingsoft.basic.dao.IManagerDao[0;39m:60 [2m:[0;39m Cache Hit Ratio [net.mingsoft.basic.dao.IManagerDao]: 0.9078014184397163
[2m2025-04-14 13:47:39.685[0;39m [[32mDEBUG[0;39m] [35m88914[0;39m [2m[nio-8080-exec-9 ][0;39m [32mnet.mingsoft.basic.dao.IModelDao.selectList[0;39m:135 [2m:[0;39m ==>  Preparing: SELECT id,model_title,model_datetime,model_id,model_url,model_code,is_child,model_icon,model_sort,model_ismenu,model_parent_ids,app_id,create_by,create_date,del,update_by,update_date FROM model
[2m2025-04-14 13:47:39.685[0;39m [[32mDEBUG[0;39m] [35m88914[0;39m [2m[nio-8080-exec-9 ][0;39m [32mnet.mingsoft.basic.dao.IModelDao.selectList[0;39m:135 [2m:[0;39m ==> Parameters: 
[2m2025-04-14 13:47:39.688[0;39m [[32mDEBUG[0;39m] [35m88914[0;39m [2m[nio-8080-exec-9 ][0;39m [32mnet.mingsoft.basic.dao.IModelDao.selectList[0;39m:135 [2m:[0;39m <==      Total: 94
[2m2025-04-14 13:47:39.689[0;39m [[32mDEBUG[0;39m] [35m88914[0;39m [2m[nio-8080-exec-9 ][0;39m [32mnet.mingsoft.basic.dao.IManagerDao[0;39m:60 [2m:[0;39m Cache Hit Ratio [net.mingsoft.basic.dao.IManagerDao]: 0.9084507042253521
[2m2025-04-14 13:47:39.689[0;39m [[32mDEBUG[0;39m] [35m88914[0;39m [2m[nio-8080-exec-9 ][0;39m [32mnet.mingsoft.basic.dao.IModelDao.selectList[0;39m:135 [2m:[0;39m ==>  Preparing: SELECT id,model_title,model_datetime,model_id,model_url,model_code,is_child,model_icon,model_sort,model_ismenu,model_parent_ids,app_id,create_by,create_date,del,update_by,update_date FROM model
[2m2025-04-14 13:47:39.689[0;39m [[32mDEBUG[0;39m] [35m88914[0;39m [2m[nio-8080-exec-9 ][0;39m [32mnet.mingsoft.basic.dao.IModelDao.selectList[0;39m:135 [2m:[0;39m ==> Parameters: 
[2m2025-04-14 13:47:39.701[0;39m [[32mDEBUG[0;39m] [35m88914[0;39m [2m[nio-8080-exec-9 ][0;39m [32mnet.mingsoft.basic.dao.IModelDao.selectList[0;39m:135 [2m:[0;39m <==      Total: 94
[2m2025-04-14 13:47:39.703[0;39m [[32mDEBUG[0;39m] [35m88914[0;39m [2m[nio-8080-exec-9 ][0;39m [32mnet.mingsoft.basic.dao.IManagerDao[0;39m:60 [2m:[0;39m Cache Hit Ratio [net.mingsoft.basic.dao.IManagerDao]: 0.9020979020979021
[2m2025-04-14 13:47:39.704[0;39m [[32mDEBUG[0;39m] [35m88914[0;39m [2m[nio-8080-exec-9 ][0;39m [32mnet.mingsoft.basic.dao.IManagerDao.getByEntity[0;39m:135 [2m:[0;39m ==>  Preparing: select * from manager WHERE MANAGER_NAME=?
[2m2025-04-14 13:47:39.704[0;39m [[32mDEBUG[0;39m] [35m88914[0;39m [2m[nio-8080-exec-9 ][0;39m [32mnet.mingsoft.basic.dao.IManagerDao.getByEntity[0;39m:135 [2m:[0;39m ==> Parameters: admin1234(String)
[2m2025-04-14 13:47:39.705[0;39m [[32mDEBUG[0;39m] [35m88914[0;39m [2m[nio-8080-exec-9 ][0;39m [32mnet.mingsoft.basic.dao.IManagerDao.getByEntity[0;39m:135 [2m:[0;39m <==      Total: 0
[2m2025-04-14 13:47:39.707[0;39m [[32mDEBUG[0;39m] [35m88914[0;39m [2m[nio-8080-exec-9 ][0;39m [32mnet.mingsoft.basic.dao.IManagerDao.insert[0;39m:135 [2m:[0;39m ==>  Preparing: INSERT INTO manager ( manager_name, MANAGER_NICKNAME, manager_password, manager_admin, role_ids, del, create_by, create_date, update_date ) VALUES ( ?, ?, ?, ?, ?, ?, ?, ?, ? )
[2m2025-04-14 13:47:39.708[0;39m [[32mDEBUG[0;39m] [35m88914[0;39m [2m[nio-8080-exec-9 ][0;39m [32mnet.mingsoft.basic.dao.IManagerDao.insert[0;39m:135 [2m:[0;39m ==> Parameters: admin1234(String), admin(String), c93ccd78b2076528346216b3b2f701e6(String), (String), 49(String), 0(Integer), 57(String), 2025-04-14 13:47:39.702(Timestamp), 2025-04-14 13:47:39.702(Timestamp)
[2m2025-04-14 13:47:39.710[0;39m [[32mDEBUG[0;39m] [35m88914[0;39m [2m[nio-8080-exec-9 ][0;39m [32mnet.mingsoft.basic.dao.IManagerDao.insert[0;39m:135 [2m:[0;39m <==    Updates: 1
[2m2025-04-14 13:47:39.711[0;39m [[32mDEBUG[0;39m] [35m88914[0;39m [2m[nio-8080-exec-9 ][0;39m [32mnet.mingsoft.basic.dao.IManagerDao.updateCache[0;39m:135 [2m:[0;39m ==>  Preparing: UPDATE manager set del=del where del < 0
[2m2025-04-14 13:47:39.711[0;39m [[32mDEBUG[0;39m] [35m88914[0;39m [2m[nio-8080-exec-9 ][0;39m [32mnet.mingsoft.basic.dao.IManagerDao.updateCache[0;39m:135 [2m:[0;39m ==> Parameters: 
[2m2025-04-14 13:47:39.711[0;39m [[32mDEBUG[0;39m] [35m88914[0;39m [2m[nio-8080-exec-9 ][0;39m [32mnet.mingsoft.basic.dao.IManagerDao.updateCache[0;39m:135 [2m:[0;39m <==    Updates: 0
[2m2025-04-14 13:47:39.712[0;39m [[32mDEBUG[0;39m] [35m88914[0;39m [2m[nio-8080-exec-9 ][0;39m [32mnet.mingsoft.basic.util.BasicUtil[0;39m:399 [2m:[0;39m headers:{}
[2m2025-04-14 13:47:39.713[0;39m [[32mDEBUG[0;39m] [35m88914[0;39m [2m[ lh-something-3 ][0;39m [32mnet.mingsoft.basic.dao.ILogDao.insert[0;39m:135 [2m:[0;39m ==>  Preparing: INSERT INTO logger ( id, log_title, log_ip, log_method, log_request_method, log_url, log_status, log_business_type, log_user_type, log_user, log_location, log_param, log_result, create_date, del ) VALUES ( ?, ?, ?, ?, ?, ?, ?, ?, ?, ?, ?, ?, ?, ?, ? )
[2m2025-04-14 13:47:39.713[0;39m [[32mDEBUG[0;39m] [35m88914[0;39m [2m[ lh-something-3 ][0;39m [32mnet.mingsoft.basic.dao.ILogDao.insert[0;39m:135 [2m:[0;39m ==> Parameters: 1911657584629170177(String), 保存管理员实体(String), 127.0.0.1(String), net.mingsoft.basic.action.ManagerAction.save()(String), POST(String), /ms/basic/manager/save.do(String), success(String), insert(String), manage(String), msopen(String), 内网IP(String), {
    "managerName": [
        "admin1234"
    ],
    "managerNickName": [
        "admin"
    ],
    "managerPassword": [
        "admin1234"
    ],
    "roleIds": [
        "49"
    ]
}(String), {"result":true,"code":200,"data":{"managerName":"admin1234","managerNickName":"admin","managerPassword":"c93ccd78b2076528346216b3b2f701e6","managerAdmin":"","roleIds":"49","del":0,"createBy":"57","createDate":1744609659702,"updateDate":1744609659702}}(String), 2025-04-14 13:47:39.712(Timestamp), 0(Integer)
[2m2025-04-14 13:47:39.715[0;39m [[32mDEBUG[0;39m] [35m88914[0;39m [2m[ lh-something-3 ][0;39m [32mnet.mingsoft.basic.dao.ILogDao.insert[0;39m:135 [2m:[0;39m <==    Updates: 1
[2m2025-04-14 13:47:39.726[0;39m [[32mDEBUG[0;39m] [35m88914[0;39m [2m[nio-8080-exec-4 ][0;39m [32mnet.mingsoft.basic.dao.IManagerDao[0;39m:60 [2m:[0;39m Cache Hit Ratio [net.mingsoft.basic.dao.IManagerDao]: 0.8958333333333334
[2m2025-04-14 13:47:39.727[0;39m [[32mDEBUG[0;39m] [35m88914[0;39m [2m[nio-8080-exec-4 ][0;39m [32mnet.mingsoft.basic.dao.IManagerDao.getByEntity[0;39m:135 [2m:[0;39m ==>  Preparing: select * from manager WHERE MANAGER_NAME=? and MANAGER_NICKNAME=? and MANAGER_PASSWORD=? and MANAGER_ADMIN=? and ROLE_IDS=?
[2m2025-04-14 13:47:39.727[0;39m [[32mDEBUG[0;39m] [35m88914[0;39m [2m[nio-8080-exec-4 ][0;39m [32mnet.mingsoft.basic.dao.IManagerDao.getByEntity[0;39m:135 [2m:[0;39m ==> Parameters: msopen(String), msopen(String), 9d8622060de5f24937b60585c3f4d66b(String), super(String), 48(String)
[2m2025-04-14 13:47:39.728[0;39m [[32mDEBUG[0;39m] [35m88914[0;39m [2m[nio-8080-exec-4 ][0;39m [32mnet.mingsoft.basic.dao.IManagerDao.getByEntity[0;39m:135 [2m:[0;39m <==      Total: 1
[2m2025-04-14 13:47:39.729[0;39m [[32mDEBUG[0;39m] [35m88914[0;39m [2m[nio-8080-exec-4 ][0;39m [32mnet.mingsoft.basic.dao.IModelDao.selectList[0;39m:135 [2m:[0;39m ==>  Preparing: SELECT id,model_title,model_datetime,model_id,model_url,model_code,is_child,model_icon,model_sort,model_ismenu,model_parent_ids,app_id,create_by,create_date,del,update_by,update_date FROM model
[2m2025-04-14 13:47:39.729[0;39m [[32mDEBUG[0;39m] [35m88914[0;39m [2m[nio-8080-exec-4 ][0;39m [32mnet.mingsoft.basic.dao.IModelDao.selectList[0;39m:135 [2m:[0;39m ==> Parameters: 
[2m2025-04-14 13:47:39.732[0;39m [[32mDEBUG[0;39m] [35m88914[0;39m [2m[nio-8080-exec-4 ][0;39m [32mnet.mingsoft.basic.dao.IModelDao.selectList[0;39m:135 [2m:[0;39m <==      Total: 94
[2m2025-04-14 13:47:39.733[0;39m [[32mDEBUG[0;39m] [35m88914[0;39m [2m[nio-8080-exec-4 ][0;39m [32mnet.mingsoft.basic.dao.IManagerDao[0;39m:60 [2m:[0;39m Cache Hit Ratio [net.mingsoft.basic.dao.IManagerDao]: 0.896551724137931
[2m2025-04-14 13:47:39.734[0;39m [[32mDEBUG[0;39m] [35m88914[0;39m [2m[nio-8080-exec-4 ][0;39m [32mnet.mingsoft.basic.dao.IModelDao.selectList[0;39m:135 [2m:[0;39m ==>  Preparing: SELECT id,model_title,model_datetime,model_id,model_url,model_code,is_child,model_icon,model_sort,model_ismenu,model_parent_ids,app_id,create_by,create_date,del,update_by,update_date FROM model
[2m2025-04-14 13:47:39.734[0;39m [[32mDEBUG[0;39m] [35m88914[0;39m [2m[nio-8080-exec-4 ][0;39m [32mnet.mingsoft.basic.dao.IModelDao.selectList[0;39m:135 [2m:[0;39m ==> Parameters: 
[2m2025-04-14 13:47:39.736[0;39m [[32mDEBUG[0;39m] [35m88914[0;39m [2m[nio-8080-exec-4 ][0;39m [32mnet.mingsoft.basic.dao.IModelDao.selectList[0;39m:135 [2m:[0;39m <==      Total: 94
[2m2025-04-14 13:47:39.737[0;39m [[32mDEBUG[0;39m] [35m88914[0;39m [2m[nio-8080-exec-4 ][0;39m [32mnet.mingsoft.basic.dao.IManagerDao[0;39m:60 [2m:[0;39m Cache Hit Ratio [net.mingsoft.basic.dao.IManagerDao]: 0.8972602739726028
[2m2025-04-14 13:47:39.738[0;39m [[32mDEBUG[0;39m] [35m88914[0;39m [2m[nio-8080-exec-4 ][0;39m [32mnet.mingsoft.basic.dao.IModelDao.selectList[0;39m:135 [2m:[0;39m ==>  Preparing: SELECT id,model_title,model_datetime,model_id,model_url,model_code,is_child,model_icon,model_sort,model_ismenu,model_parent_ids,app_id,create_by,create_date,del,update_by,update_date FROM model
[2m2025-04-14 13:47:39.738[0;39m [[32mDEBUG[0;39m] [35m88914[0;39m [2m[nio-8080-exec-4 ][0;39m [32mnet.mingsoft.basic.dao.IModelDao.selectList[0;39m:135 [2m:[0;39m ==> Parameters: 
[2m2025-04-14 13:47:39.740[0;39m [[32mDEBUG[0;39m] [35m88914[0;39m [2m[nio-8080-exec-4 ][0;39m [32mnet.mingsoft.basic.dao.IModelDao.selectList[0;39m:135 [2m:[0;39m <==      Total: 94
[2m2025-04-14 13:47:39.741[0;39m [[32mDEBUG[0;39m] [35m88914[0;39m [2m[nio-8080-exec-4 ][0;39m [32mnet.mingsoft.basic.dao.IManagerDao[0;39m:60 [2m:[0;39m Cache Hit Ratio [net.mingsoft.basic.dao.IManagerDao]: 0.8979591836734694
[2m2025-04-14 13:47:39.742[0;39m [[32mDEBUG[0;39m] [35m88914[0;39m [2m[nio-8080-exec-4 ][0;39m [32mnet.mingsoft.basic.dao.IModelDao.selectList[0;39m:135 [2m:[0;39m ==>  Preparing: SELECT id,model_title,model_datetime,model_id,model_url,model_code,is_child,model_icon,model_sort,model_ismenu,model_parent_ids,app_id,create_by,create_date,del,update_by,update_date FROM model
[2m2025-04-14 13:47:39.742[0;39m [[32mDEBUG[0;39m] [35m88914[0;39m [2m[nio-8080-exec-4 ][0;39m [32mnet.mingsoft.basic.dao.IModelDao.selectList[0;39m:135 [2m:[0;39m ==> Parameters: 
[2m2025-04-14 13:47:39.744[0;39m [[32mDEBUG[0;39m] [35m88914[0;39m [2m[nio-8080-exec-4 ][0;39m [32mnet.mingsoft.basic.dao.IModelDao.selectList[0;39m:135 [2m:[0;39m <==      Total: 94
[2m2025-04-14 13:47:39.745[0;39m [[32mDEBUG[0;39m] [35m88914[0;39m [2m[nio-8080-exec-4 ][0;39m [32mnet.mingsoft.basic.dao.IManagerDao[0;39m:60 [2m:[0;39m Cache Hit Ratio [net.mingsoft.basic.dao.IManagerDao]: 0.8986486486486487
[2m2025-04-14 13:47:39.746[0;39m [[32mDEBUG[0;39m] [35m88914[0;39m [2m[nio-8080-exec-4 ][0;39m [32mnet.mingsoft.basic.dao.IModelDao.selectList[0;39m:135 [2m:[0;39m ==>  Preparing: SELECT id,model_title,model_datetime,model_id,model_url,model_code,is_child,model_icon,model_sort,model_ismenu,model_parent_ids,app_id,create_by,create_date,del,update_by,update_date FROM model
[2m2025-04-14 13:47:39.746[0;39m [[32mDEBUG[0;39m] [35m88914[0;39m [2m[nio-8080-exec-4 ][0;39m [32mnet.mingsoft.basic.dao.IModelDao.selectList[0;39m:135 [2m:[0;39m ==> Parameters: 
[2m2025-04-14 13:47:39.748[0;39m [[32mDEBUG[0;39m] [35m88914[0;39m [2m[nio-8080-exec-4 ][0;39m [32mnet.mingsoft.basic.dao.IModelDao.selectList[0;39m:135 [2m:[0;39m <==      Total: 94
[2m2025-04-14 13:47:39.749[0;39m [[32mDEBUG[0;39m] [35m88914[0;39m [2m[nio-8080-exec-4 ][0;39m [32mnet.mingsoft.basic.dao.IManagerDao[0;39m:60 [2m:[0;39m Cache Hit Ratio [net.mingsoft.basic.dao.IManagerDao]: 0.8993288590604027
[2m2025-04-14 13:47:39.750[0;39m [[32mDEBUG[0;39m] [35m88914[0;39m [2m[nio-8080-exec-4 ][0;39m [32mnet.mingsoft.basic.dao.IModelDao.selectList[0;39m:135 [2m:[0;39m ==>  Preparing: SELECT id,model_title,model_datetime,model_id,model_url,model_code,is_child,model_icon,model_sort,model_ismenu,model_parent_ids,app_id,create_by,create_date,del,update_by,update_date FROM model
[2m2025-04-14 13:47:39.750[0;39m [[32mDEBUG[0;39m] [35m88914[0;39m [2m[nio-8080-exec-4 ][0;39m [32mnet.mingsoft.basic.dao.IModelDao.selectList[0;39m:135 [2m:[0;39m ==> Parameters: 
[2m2025-04-14 13:47:39.752[0;39m [[32mDEBUG[0;39m] [35m88914[0;39m [2m[nio-8080-exec-4 ][0;39m [32mnet.mingsoft.basic.dao.IModelDao.selectList[0;39m:135 [2m:[0;39m <==      Total: 94
[2m2025-04-14 13:47:39.754[0;39m [[32mDEBUG[0;39m] [35m88914[0;39m [2m[nio-8080-exec-4 ][0;39m [32mnet.mingsoft.basic.dao.IManagerDao[0;39m:60 [2m:[0;39m Cache Hit Ratio [net.mingsoft.basic.dao.IManagerDao]: 0.8933333333333333
[2m2025-04-14 13:47:39.755[0;39m [[32mDEBUG[0;39m] [35m88914[0;39m [2m[nio-8080-exec-4 ][0;39m [32mnet.mingsoft.basic.dao.IManagerDao.query_COUNT[0;39m:135 [2m:[0;39m ==>  Preparing: SELECT count(0) FROM manager
[2m2025-04-14 13:47:39.755[0;39m [[32mDEBUG[0;39m] [35m88914[0;39m [2m[nio-8080-exec-4 ][0;39m [32mnet.mingsoft.basic.dao.IManagerDao.query_COUNT[0;39m:135 [2m:[0;39m ==> Parameters: 
[2m2025-04-14 13:47:39.756[0;39m [[32mDEBUG[0;39m] [35m88914[0;39m [2m[nio-8080-exec-4 ][0;39m [32mnet.mingsoft.basic.dao.IManagerDao.query_COUNT[0;39m:135 [2m:[0;39m <==      Total: 1
[2m2025-04-14 13:47:39.758[0;39m [[32mDEBUG[0;39m] [35m88914[0;39m [2m[nio-8080-exec-4 ][0;39m [32mnet.mingsoft.basic.dao.IManagerDao[0;39m:60 [2m:[0;39m Cache Hit Ratio [net.mingsoft.basic.dao.IManagerDao]: 0.8874172185430463
[2m2025-04-14 13:47:39.758[0;39m [[32mDEBUG[0;39m] [35m88914[0;39m [2m[nio-8080-exec-4 ][0;39m [32mnet.mingsoft.basic.dao.IManagerDao.query[0;39m:135 [2m:[0;39m ==>  Preparing: select * from manager order by id desc LIMIT ?
[2m2025-04-14 13:47:39.758[0;39m [[32mDEBUG[0;39m] [35m88914[0;39m [2m[nio-8080-exec-4 ][0;39m [32mnet.mingsoft.basic.dao.IManagerDao.query[0;39m:135 [2m:[0;39m ==> Parameters: 10(Integer)
[2m2025-04-14 13:47:39.760[0;39m [[32mDEBUG[0;39m] [35m88914[0;39m [2m[nio-8080-exec-4 ][0;39m [32mnet.mingsoft.basic.dao.IManagerDao.query[0;39m:135 [2m:[0;39m <==      Total: 2
[2m2025-04-14 13:47:39.761[0;39m [[32mDEBUG[0;39m] [35m88914[0;39m [2m[nio-8080-exec-4 ][0;39m [32mnet.mingsoft.basic.dao.IRoleDao.selectList[0;39m:135 [2m:[0;39m ==>  Preparing: SELECT id,role_name,not_del,create_by,create_date,del,update_by,update_date FROM role
[2m2025-04-14 13:47:39.761[0;39m [[32mDEBUG[0;39m] [35m88914[0;39m [2m[nio-8080-exec-4 ][0;39m [32mnet.mingsoft.basic.dao.IRoleDao.selectList[0;39m:135 [2m:[0;39m ==> Parameters: 
[2m2025-04-14 13:47:39.762[0;39m [[32mDEBUG[0;39m] [35m88914[0;39m [2m[nio-8080-exec-4 ][0;39m [32mnet.mingsoft.basic.dao.IRoleDao.selectList[0;39m:135 [2m:[0;39m <==      Total: 2
[2m2025-04-14 13:47:43.156[0;39m [[32mDEBUG[0;39m] [35m88914[0;39m [2m[nio-8080-exec-3 ][0;39m [32mnet.mingsoft.basic.util.BasicUtil[0;39m:349 [2m:[0;39m server:localhost,basePath:http://localhost:8080/
[2m2025-04-14 13:47:43.253[0;39m [[32mDEBUG[0;39m] [35m88914[0;39m [2m[io-8080-exec-10 ][0;39m [32mnet.mingsoft.basic.util.BasicUtil[0;39m:399 [2m:[0;39m headers:{}
[2m2025-04-14 13:47:43.254[0;39m [[32mDEBUG[0;39m] [35m88914[0;39m [2m[nio-8080-exec-8 ][0;39m [32mnet.mingsoft.basic.util.BasicUtil[0;39m:399 [2m:[0;39m headers:{}
[2m2025-04-14 13:47:43.277[0;39m [[32mDEBUG[0;39m] [35m88914[0;39m [2m[nio-8080-exec-8 ][0;39m [32mnet.mingsoft.basic.dao.IAppDao[0;39m:60 [2m:[0;39m Cache Hit Ratio [net.mingsoft.basic.dao.IAppDao]: 0.75
[2m2025-04-14 13:47:51.909[0;39m [[32mDEBUG[0;39m] [35m88914[0;39m [2m[nio-8080-exec-9 ][0;39m [32mnet.mingsoft.basic.action.web.LoginAction[0;39m:112 [2m:[0;39m basic checkLogin
[2m2025-04-14 13:47:51.913[0;39m [[32mDEBUG[0;39m] [35m88914[0;39m [2m[nio-8080-exec-9 ][0;39m [32mnet.mingsoft.basic.dao.IManagerDao.updateCache[0;39m:135 [2m:[0;39m ==>  Preparing: UPDATE manager set del=del where del < 0
[2m2025-04-14 13:47:51.914[0;39m [[32mDEBUG[0;39m] [35m88914[0;39m [2m[nio-8080-exec-9 ][0;39m [32mnet.mingsoft.basic.dao.IManagerDao.updateCache[0;39m:135 [2m:[0;39m ==> Parameters: 
[2m2025-04-14 13:47:51.922[0;39m [[32mDEBUG[0;39m] [35m88914[0;39m [2m[nio-8080-exec-9 ][0;39m [32mnet.mingsoft.basic.dao.IManagerDao.updateCache[0;39m:135 [2m:[0;39m <==    Updates: 0
[2m2025-04-14 13:47:51.923[0;39m [[32mDEBUG[0;39m] [35m88914[0;39m [2m[nio-8080-exec-9 ][0;39m [32mnet.mingsoft.basic.dao.IManagerDao[0;39m:60 [2m:[0;39m Cache Hit Ratio [net.mingsoft.basic.dao.IManagerDao]: 0.881578947368421
[2m2025-04-14 13:47:51.923[0;39m [[32mDEBUG[0;39m] [35m88914[0;39m [2m[nio-8080-exec-9 ][0;39m [32mnet.mingsoft.basic.dao.IManagerDao.getByEntity[0;39m:135 [2m:[0;39m ==>  Preparing: select * from manager WHERE MANAGER_NAME=?
[2m2025-04-14 13:47:51.923[0;39m [[32mDEBUG[0;39m] [35m88914[0;39m [2m[nio-8080-exec-9 ][0;39m [32mnet.mingsoft.basic.dao.IManagerDao.getByEntity[0;39m:135 [2m:[0;39m ==> Parameters: admin1234(String)
[2m2025-04-14 13:47:51.936[0;39m [[32mDEBUG[0;39m] [35m88914[0;39m [2m[nio-8080-exec-9 ][0;39m [32mnet.mingsoft.basic.dao.IManagerDao.getByEntity[0;39m:135 [2m:[0;39m <==      Total: 1
[2m2025-04-14 13:47:51.937[0;39m [[32mDEBUG[0;39m] [35m88914[0;39m [2m[nio-8080-exec-9 ][0;39m [32mnet.mingsoft.basic.dao.IManagerDao[0;39m:60 [2m:[0;39m Cache Hit Ratio [net.mingsoft.basic.dao.IManagerDao]: 0.8823529411764706
[2m2025-04-14 13:47:51.973[0;39m [[32mDEBUG[0;39m] [35m88914[0;39m [2m[nio-8080-exec-4 ][0;39m [32mnet.mingsoft.basic.dao.IModelDao[0;39m:60 [2m:[0;39m Cache Hit Ratio [net.mingsoft.basic.dao.IModelDao]: 0.3333333333333333
[2m2025-04-14 13:47:51.973[0;39m [[32mDEBUG[0;39m] [35m88914[0;39m [2m[nio-8080-exec-4 ][0;39m [32mnet.mingsoft.basic.dao.IModelDao.queryModelByRoleId[0;39m:135 [2m:[0;39m ==>  Preparing: select * from model where id in (select MODEL_ID from role_model where ROLE_ID=?) order by MODEL_SORT desc,id desc
[2m2025-04-14 13:47:51.973[0;39m [[32mDEBUG[0;39m] [35m88914[0;39m [2m[nio-8080-exec-4 ][0;39m [32mnet.mingsoft.basic.dao.IModelDao.queryModelByRoleId[0;39m:135 [2m:[0;39m ==> Parameters: 49(Integer)
[2m2025-04-14 13:47:51.980[0;39m [[32mDEBUG[0;39m] [35m88914[0;39m [2m[nio-8080-exec-4 ][0;39m [32mnet.mingsoft.basic.dao.IModelDao.queryModelByRoleId[0;39m:135 [2m:[0;39m <==      Total: 94
[2m2025-04-14 13:47:51.990[0;39m [[32mDEBUG[0;39m] [35m88914[0;39m [2m[nio-8080-exec-4 ][0;39m [32mnet.mingsoft.basic.util.BasicUtil[0;39m:349 [2m:[0;39m server:localhost,basePath:http://localhost:8080/
[2m2025-04-14 13:47:52.003[0;39m [[32mDEBUG[0;39m] [35m88914[0;39m [2m[nio-8080-exec-4 ][0;39m [32mnet.mingsoft.basic.dao.IManagerDao[0;39m:60 [2m:[0;39m Cache Hit Ratio [net.mingsoft.basic.dao.IManagerDao]: 0.8766233766233766
[2m2025-04-14 13:47:52.004[0;39m [[32mDEBUG[0;39m] [35m88914[0;39m [2m[nio-8080-exec-4 ][0;39m [32mnet.mingsoft.basic.dao.IManagerDao.getByEntity[0;39m:135 [2m:[0;39m ==>  Preparing: select * from manager WHERE MANAGER_NAME=? and MANAGER_NICKNAME=? and MANAGER_PASSWORD=? and ROLE_IDS=?
[2m2025-04-14 13:47:52.005[0;39m [[32mDEBUG[0;39m] [35m88914[0;39m [2m[nio-8080-exec-4 ][0;39m [32mnet.mingsoft.basic.dao.IManagerDao.getByEntity[0;39m:135 [2m:[0;39m ==> Parameters: admin1234(String), admin(String), c93ccd78b2076528346216b3b2f701e6(String), 49(String)
[2m2025-04-14 13:47:52.008[0;39m [[32mDEBUG[0;39m] [35m88914[0;39m [2m[nio-8080-exec-4 ][0;39m [32mnet.mingsoft.basic.dao.IManagerDao.getByEntity[0;39m:135 [2m:[0;39m <==      Total: 1
[2m2025-04-14 13:47:52.020[0;39m [[32mDEBUG[0;39m] [35m88914[0;39m [2m[nio-8080-exec-4 ][0;39m [32mnet.mingsoft.basic.dao.IModelDao[0;39m:60 [2m:[0;39m Cache Hit Ratio [net.mingsoft.basic.dao.IModelDao]: 0.5
[2m2025-04-14 13:47:52.108[0;39m [[32mDEBUG[0;39m] [35m88914[0;39m [2m[nio-8080-exec-9 ][0;39m [32mnet.mingsoft.basic.util.BasicUtil[0;39m:349 [2m:[0;39m server:localhost,basePath:http://localhost:8080/
[2m2025-04-14 13:47:52.109[0;39m [[32mDEBUG[0;39m] [35m88914[0;39m [2m[nio-8080-exec-6 ][0;39m [32mnet.mingsoft.basic.dao.IManagerDao.selectById[0;39m:135 [2m:[0;39m ==>  Preparing: SELECT id,manager_name,MANAGER_NICKNAME,manager_password,manager_admin,role_ids,del,create_by,create_date,update_by,update_date FROM manager WHERE id=?
[2m2025-04-14 13:47:52.109[0;39m [[32mDEBUG[0;39m] [35m88914[0;39m [2m[nio-8080-exec-6 ][0;39m [32mnet.mingsoft.basic.dao.IManagerDao.selectById[0;39m:135 [2m:[0;39m ==> Parameters: 58(String)
[2m2025-04-14 13:47:52.111[0;39m [[32mDEBUG[0;39m] [35m88914[0;39m [2m[nio-8080-exec-6 ][0;39m [32mnet.mingsoft.basic.dao.IManagerDao.selectById[0;39m:135 [2m:[0;39m <==      Total: 1
[2m2025-04-14 13:47:52.118[0;39m [[32mDEBUG[0;39m] [35m88914[0;39m [2m[nio-8080-exec-1 ][0;39m [32mnet.mingsoft.basic.dao.IManagerDao[0;39m:60 [2m:[0;39m Cache Hit Ratio [net.mingsoft.basic.dao.IManagerDao]: 0.8774193548387097
[2m2025-04-14 13:47:52.124[0;39m [[32mDEBUG[0;39m] [35m88914[0;39m [2m[nio-8080-exec-1 ][0;39m [32mnet.mingsoft.basic.dao.IModelDao[0;39m:60 [2m:[0;39m Cache Hit Ratio [net.mingsoft.basic.dao.IModelDao]: 0.6
[2m2025-04-14 13:47:52.133[0;39m [[32mDEBUG[0;39m] [35m88914[0;39m [2m[nio-8080-exec-4 ][0;39m [32mnet.mingsoft.basic.util.BasicUtil[0;39m:349 [2m:[0;39m server:localhost,basePath:http://localhost:8080/
[2m2025-04-14 13:47:52.179[0;39m [[32mDEBUG[0;39m] [35m88914[0;39m [2m[io-8080-exec-10 ][0;39m [32mnet.mingsoft.basic.dao.IModelDao[0;39m:60 [2m:[0;39m Cache Hit Ratio [net.mingsoft.basic.dao.IModelDao]: 0.6666666666666666
[2m2025-04-14 13:47:52.190[0;39m [[32mDEBUG[0;39m] [35m88914[0;39m [2m[nio-8080-exec-8 ][0;39m [32mnet.mingsoft.basic.util.BasicUtil[0;39m:349 [2m:[0;39m server:localhost,basePath:http://localhost:8080/
[2m2025-04-14 13:47:52.217[0;39m [[32mDEBUG[0;39m] [35m88914[0;39m [2m[nio-8080-exec-4 ][0;39m [32mnet.mingsoft.basic.dao.IManagerDao.selectById[0;39m:135 [2m:[0;39m ==>  Preparing: SELECT id,manager_name,MANAGER_NICKNAME,manager_password,manager_admin,role_ids,del,create_by,create_date,update_by,update_date FROM manager WHERE id=?
[2m2025-04-14 13:47:52.218[0;39m [[32mDEBUG[0;39m] [35m88914[0;39m [2m[nio-8080-exec-4 ][0;39m [32mnet.mingsoft.basic.dao.IManagerDao.selectById[0;39m:135 [2m:[0;39m ==> Parameters: 58(String)
[2m2025-04-14 13:47:52.218[0;39m [[32mDEBUG[0;39m] [35m88914[0;39m [2m[nio-8080-exec-4 ][0;39m [32mnet.mingsoft.basic.dao.IManagerDao.selectById[0;39m:135 [2m:[0;39m <==      Total: 1
[2m2025-04-14 13:48:04.812[0;39m [[32mDEBUG[0;39m] [35m88914[0;39m [2m[nio-8080-exec-6 ][0;39m [32mnet.mingsoft.basic.dao.IManagerDao[0;39m:60 [2m:[0;39m Cache Hit Ratio [net.mingsoft.basic.dao.IManagerDao]: 0.8782051282051282
[2m2025-04-14 13:48:04.816[0;39m [[32mDEBUG[0;39m] [35m88914[0;39m [2m[nio-8080-exec-6 ][0;39m [32mnet.mingsoft.basic.dao.IModelDao[0;39m:60 [2m:[0;39m Cache Hit Ratio [net.mingsoft.basic.dao.IModelDao]: 0.7142857142857143
[2m2025-04-14 13:48:06.084[0;39m [[32mDEBUG[0;39m] [35m88914[0;39m [2m[nio-8080-exec-9 ][0;39m [32mnet.mingsoft.basic.dao.IManagerDao[0;39m:60 [2m:[0;39m Cache Hit Ratio [net.mingsoft.basic.dao.IManagerDao]: 0.8789808917197452
[2m2025-04-14 13:48:06.086[0;39m [[32mDEBUG[0;39m] [35m88914[0;39m [2m[nio-8080-exec-9 ][0;39m [32mnet.mingsoft.basic.dao.IModelDao[0;39m:60 [2m:[0;39m Cache Hit Ratio [net.mingsoft.basic.dao.IModelDao]: 0.75
[2m2025-04-14 13:48:06.088[0;39m [[32mDEBUG[0;39m] [35m88914[0;39m [2m[nio-8080-exec-9 ][0;39m [32mnet.mingsoft.basic.dao.IManagerDao[0;39m:60 [2m:[0;39m Cache Hit Ratio [net.mingsoft.basic.dao.IManagerDao]: 0.879746835443038
[2m2025-04-14 13:48:06.089[0;39m [[32mDEBUG[0;39m] [35m88914[0;39m [2m[nio-8080-exec-9 ][0;39m [32mnet.mingsoft.basic.dao.IModelDao[0;39m:60 [2m:[0;39m Cache Hit Ratio [net.mingsoft.basic.dao.IModelDao]: 0.7777777777777778
[2m2025-04-14 13:48:06.090[0;39m [[32mDEBUG[0;39m] [35m88914[0;39m [2m[nio-8080-exec-9 ][0;39m [32mnet.mingsoft.basic.dao.IManagerDao[0;39m:60 [2m:[0;39m Cache Hit Ratio [net.mingsoft.basic.dao.IManagerDao]: 0.8805031446540881
[2m2025-04-14 13:48:06.092[0;39m [[32mDEBUG[0;39m] [35m88914[0;39m [2m[nio-8080-exec-9 ][0;39m [32mnet.mingsoft.basic.dao.IModelDao[0;39m:60 [2m:[0;39m Cache Hit Ratio [net.mingsoft.basic.dao.IModelDao]: 0.8
[2m2025-04-14 13:48:06.095[0;39m [[32mDEBUG[0;39m] [35m88914[0;39m [2m[nio-8080-exec-9 ][0;39m [32mnet.mingsoft.basic.dao.IManagerDao[0;39m:60 [2m:[0;39m Cache Hit Ratio [net.mingsoft.basic.dao.IManagerDao]: 0.88125
[2m2025-04-14 13:48:06.096[0;39m [[32mDEBUG[0;39m] [35m88914[0;39m [2m[nio-8080-exec-9 ][0;39m [32mnet.mingsoft.basic.dao.IModelDao[0;39m:60 [2m:[0;39m Cache Hit Ratio [net.mingsoft.basic.dao.IModelDao]: 0.8181818181818182
[2m2025-04-14 13:48:06.100[0;39m [[32mDEBUG[0;39m] [35m88914[0;39m [2m[nio-8080-exec-9 ][0;39m [32mnet.mingsoft.basic.dao.IManagerDao[0;39m:60 [2m:[0;39m Cache Hit Ratio [net.mingsoft.basic.dao.IManagerDao]: 0.8819875776397516
[2m2025-04-14 13:48:06.102[0;39m [[32mDEBUG[0;39m] [35m88914[0;39m [2m[nio-8080-exec-9 ][0;39m [32mnet.mingsoft.basic.dao.IModelDao[0;39m:60 [2m:[0;39m Cache Hit Ratio [net.mingsoft.basic.dao.IModelDao]: 0.8333333333333334
[2m2025-04-14 13:48:06.103[0;39m [[32mDEBUG[0;39m] [35m88914[0;39m [2m[nio-8080-exec-9 ][0;39m [32mnet.mingsoft.basic.dao.IManagerDao[0;39m:60 [2m:[0;39m Cache Hit Ratio [net.mingsoft.basic.dao.IManagerDao]: 0.8827160493827161
[2m2025-04-14 13:48:06.105[0;39m [[32mDEBUG[0;39m] [35m88914[0;39m [2m[nio-8080-exec-9 ][0;39m [32mnet.mingsoft.basic.dao.IModelDao[0;39m:60 [2m:[0;39m Cache Hit Ratio [net.mingsoft.basic.dao.IModelDao]: 0.8461538461538461
[2m2025-04-14 13:48:06.150[0;39m [[32mDEBUG[0;39m] [35m88914[0;39m [2m[nio-8080-exec-9 ][0;39m [32mnet.mingsoft.basic.dao.IManagerDao[0;39m:60 [2m:[0;39m Cache Hit Ratio [net.mingsoft.basic.dao.IManagerDao]: 0.8834355828220859
[2m2025-04-14 13:48:06.151[0;39m [[32mDEBUG[0;39m] [35m88914[0;39m [2m[nio-8080-exec-9 ][0;39m [32mnet.mingsoft.basic.dao.IModelDao[0;39m:60 [2m:[0;39m Cache Hit Ratio [net.mingsoft.basic.dao.IModelDao]: 0.8571428571428571
[2m2025-04-14 13:48:06.223[0;39m [[32mDEBUG[0;39m] [35m88914[0;39m [2m[nio-8080-exec-3 ][0;39m [32mnet.mingsoft.basic.util.BasicUtil[0;39m:349 [2m:[0;39m server:localhost,basePath:http://localhost:8080/
[2m2025-04-14 13:48:06.224[0;39m [[32mDEBUG[0;39m] [35m88914[0;39m [2m[io-8080-exec-10 ][0;39m [32mnet.mingsoft.basic.util.BasicUtil[0;39m:349 [2m:[0;39m server:localhost,basePath:http://localhost:8080/
[2m2025-04-14 13:48:06.224[0;39m [[32mDEBUG[0;39m] [35m88914[0;39m [2m[io-8080-exec-10 ][0;39m [32mnet.mingsoft.basic.util.BasicUtil[0;39m:349 [2m:[0;39m server:localhost,basePath:http://localhost:8080/
[2m2025-04-14 13:48:06.224[0;39m [[32mDEBUG[0;39m] [35m88914[0;39m [2m[io-8080-exec-10 ][0;39m [32mnet.mingsoft.basic.action.TemplateAction[0;39m:373 [2m:[0;39m 当前站点：我是标题
[2m2025-04-14 13:48:06.224[0;39m [[32mDEBUG[0;39m] [35m88914[0;39m [2m[io-8080-exec-10 ][0;39m [32mnet.mingsoft.basic.action.TemplateAction[0;39m:374 [2m:[0;39m 当前站点模板路径_path：template/1/
[2m2025-04-14 13:48:06.224[0;39m [[32mDEBUG[0;39m] [35m88914[0;39m [2m[io-8080-exec-10 ][0;39m [32mnet.mingsoft.basic.util.BasicUtil[0;39m:893 [2m:[0;39m filePath template/1/
[2m2025-04-14 13:48:06.225[0;39m [[32mDEBUG[0;39m] [35m88914[0;39m [2m[io-8080-exec-10 ][0;39m [32mnet.mingsoft.basic.util.BasicUtil[0;39m:895 [2m:[0;39m classPath /Users/unk/ssd/IdeaProjects/github/MCMS/target/classes/
[2m2025-04-14 13:48:06.225[0;39m [[32mDEBUG[0;39m] [35m88914[0;39m [2m[io-8080-exec-10 ][0;39m [32mnet.mingsoft.basic.util.BasicUtil[0;39m:899 [2m:[0;39m servlet org.apache.catalina.core.ApplicationContextFacade@285e936c
[2m2025-04-14 13:48:06.225[0;39m [[32mDEBUG[0;39m] [35m88914[0;39m [2m[io-8080-exec-10 ][0;39m [32mnet.mingsoft.basic.util.BasicUtil[0;39m:901 [2m:[0;39m path /Users/unk/ssd/IdeaProjects/github/MCMS/src/main/webapp/
[2m2025-04-14 13:48:06.225[0;39m [[32mDEBUG[0;39m] [35m88914[0;39m [2m[io-8080-exec-10 ][0;39m [32mnet.mingsoft.basic.action.TemplateAction[0;39m:376 [2m:[0;39m 当前站点模板路径：/Users/unk/ssd/IdeaProjects/github/MCMS/src/main/webapp/template/1/
[2m2025-04-14 13:48:06.225[0;39m [[32mDEBUG[0;39m] [35m88914[0;39m [2m[io-8080-exec-10 ][0;39m [32mnet.mingsoft.basic.action.TemplateAction[0;39m:378 [2m:[0;39m 是否存在：true
[2m2025-04-14 13:48:06.241[0;39m [[32mDEBUG[0;39m] [35m88914[0;39m [2m[nio-8080-exec-7 ][0;39m [32mnet.mingsoft.basic.util.BasicUtil[0;39m:399 [2m:[0;39m headers:{}
[2m2025-04-14 13:48:06.242[0;39m [[32mDEBUG[0;39m] [35m88914[0;39m [2m[nio-8080-exec-7 ][0;39m [32mnet.mingsoft.basic.exception.ErrorController[0;39m:73 [2m:[0;39m error status 404 NOT_FOUND, error {timestamp=2025-04-14T13:48:06.242+0800, status=404, error=Not Found, path=/upload/1/appLogo/1910642617297846272.png},url /error
[2m2025-04-14 13:48:44.318[0;39m [[32mDEBUG[0;39m] [35m88914[0;39m [2m[nio-8080-exec-6 ][0;39m [32mnet.mingsoft.basic.dao.IManagerDao[0;39m:60 [2m:[0;39m Cache Hit Ratio [net.mingsoft.basic.dao.IManagerDao]: 0.8841463414634146
[2m2025-04-14 13:48:44.323[0;39m [[32mDEBUG[0;39m] [35m88914[0;39m [2m[nio-8080-exec-6 ][0;39m [32mnet.mingsoft.basic.dao.IModelDao[0;39m:60 [2m:[0;39m Cache Hit Ratio [net.mingsoft.basic.dao.IModelDao]: 0.8666666666666667
[2m2025-04-14 13:48:44.324[0;39m [[32mDEBUG[0;39m] [35m88914[0;39m [2m[nio-8080-exec-6 ][0;39m [32mnet.mingsoft.basic.dao.IManagerDao[0;39m:60 [2m:[0;39m Cache Hit Ratio [net.mingsoft.basic.dao.IManagerDao]: 0.8848484848484849
[2m2025-04-14 13:48:44.325[0;39m [[32mDEBUG[0;39m] [35m88914[0;39m [2m[nio-8080-exec-6 ][0;39m [32mnet.mingsoft.basic.dao.IModelDao[0;39m:60 [2m:[0;39m Cache Hit Ratio [net.mingsoft.basic.dao.IModelDao]: 0.875
[2m2025-04-14 13:48:44.326[0;39m [[32mDEBUG[0;39m] [35m88914[0;39m [2m[nio-8080-exec-6 ][0;39m [32mnet.mingsoft.basic.dao.IManagerDao[0;39m:60 [2m:[0;39m Cache Hit Ratio [net.mingsoft.basic.dao.IManagerDao]: 0.8855421686746988
[2m2025-04-14 13:48:44.327[0;39m [[32mDEBUG[0;39m] [35m88914[0;39m [2m[nio-8080-exec-6 ][0;39m [32mnet.mingsoft.basic.dao.IModelDao[0;39m:60 [2m:[0;39m Cache Hit Ratio [net.mingsoft.basic.dao.IModelDao]: 0.8823529411764706
[2m2025-04-14 13:48:44.329[0;39m [[32mDEBUG[0;39m] [35m88914[0;39m [2m[nio-8080-exec-6 ][0;39m [32mnet.mingsoft.basic.dao.IManagerDao[0;39m:60 [2m:[0;39m Cache Hit Ratio [net.mingsoft.basic.dao.IManagerDao]: 0.8862275449101796
[2m2025-04-14 13:48:44.330[0;39m [[32mDEBUG[0;39m] [35m88914[0;39m [2m[nio-8080-exec-6 ][0;39m [32mnet.mingsoft.basic.dao.IModelDao[0;39m:60 [2m:[0;39m Cache Hit Ratio [net.mingsoft.basic.dao.IModelDao]: 0.8888888888888888
[2m2025-04-14 13:48:44.332[0;39m [[32mDEBUG[0;39m] [35m88914[0;39m [2m[nio-8080-exec-6 ][0;39m [32mnet.mingsoft.basic.dao.IManagerDao[0;39m:60 [2m:[0;39m Cache Hit Ratio [net.mingsoft.basic.dao.IManagerDao]: 0.8869047619047619
[2m2025-04-14 13:48:44.333[0;39m [[32mDEBUG[0;39m] [35m88914[0;39m [2m[nio-8080-exec-6 ][0;39m [32mnet.mingsoft.basic.dao.IModelDao[0;39m:60 [2m:[0;39m Cache Hit Ratio [net.mingsoft.basic.dao.IModelDao]: 0.8947368421052632
[2m2025-04-14 13:48:44.333[0;39m [[32mDEBUG[0;39m] [35m88914[0;39m [2m[nio-8080-exec-6 ][0;39m [32mnet.mingsoft.basic.dao.IManagerDao[0;39m:60 [2m:[0;39m Cache Hit Ratio [net.mingsoft.basic.dao.IManagerDao]: 0.8875739644970414
[2m2025-04-14 13:48:44.334[0;39m [[32mDEBUG[0;39m] [35m88914[0;39m [2m[nio-8080-exec-6 ][0;39m [32mnet.mingsoft.basic.dao.IModelDao[0;39m:60 [2m:[0;39m Cache Hit Ratio [net.mingsoft.basic.dao.IModelDao]: 0.9
[2m2025-04-14 13:48:44.337[0;39m [[32mDEBUG[0;39m] [35m88914[0;39m [2m[nio-8080-exec-6 ][0;39m [32mnet.mingsoft.basic.biz.impl.AppBizImpl[0;39m:86 [2m:[0;39m queryForList sql:SELECT * FROM app WHERE app_dir='web'
[2m2025-04-14 13:48:44.351[0;39m [[32mDEBUG[0;39m] [35m88914[0;39m [2m[nio-8080-exec-6 ][0;39m [32mnet.mingsoft.basic.util.BasicUtil[0;39m:349 [2m:[0;39m server:localhost,basePath:http://localhost:8080/
[2m2025-04-14 13:48:44.356[0;39m [[32mDEBUG[0;39m] [35m88914[0;39m [2m[nio-8080-exec-6 ][0;39m [32mnet.mingsoft.basic.dao.IAppDao.updateById[0;39m:135 [2m:[0;39m ==>  Preparing: UPDATE app SET app_state=?, app_name=?, app_description=?, app_logo=?, app_style=?, app_keyword=?, app_copyright=?, app_dir=?, app_url=?, app_pay_date=?, app_pay=?, create_by=?, del=?, update_by=?, update_date=? WHERE id=?
[2m2025-04-14 13:48:44.357[0;39m [[32mDEBUG[0;39m] [35m88914[0;39m [2m[nio-8080-exec-6 ][0;39m [32mnet.mingsoft.basic.dao.IAppDao.updateById[0;39m:135 [2m:[0;39m ==> Parameters: 0(String), 我是标题(String), 基于java开发的一套java cms，也是轻量级开源内容管理系统，CMS简洁、安全、开源、免费，可运行在Linux、Windows、MacOSX、Solaris等各种平台上，专注为公司企业、个人站长快速建站提供解决方案，铭飞MS平台为您提供各类cms网站模板下载,公司网站、企业网站模板、网站后台系统模板、免费网站模板,10年建站公司老品牌值得信赖的cms!(String), [](String), default(String), CMS,免费CMS,免费开源Java CMS,CMS系统,Java CMS,CMS内容管理系统,企业CMS,HTML网页模板,CMS模板,CMS源码,网站源码,信创系统软件,安可系统,网站建设,模板网站,建站模板,建站工具,建站平台,建站工具(String), 站点版权信息，可配置(String), web(String), http://localhost:8080/(String), 2019-11-17 00:00:00.0(Timestamp), (String), (String), 0(Integer), 58(String), 2025-04-14 13:48:44.335(Timestamp), 1(String)
[2m2025-04-14 13:48:44.362[0;39m [[32mDEBUG[0;39m] [35m88914[0;39m [2m[nio-8080-exec-6 ][0;39m [32mnet.mingsoft.basic.dao.IAppDao.updateById[0;39m:135 [2m:[0;39m <==    Updates: 1
[2m2025-04-14 13:48:44.363[0;39m [[32mDEBUG[0;39m] [35m88914[0;39m [2m[nio-8080-exec-6 ][0;39m [32mnet.mingsoft.basic.dao.IAppDao.updateCache[0;39m:135 [2m:[0;39m ==>  Preparing: UPDATE app set del=del WHERE del < 0
[2m2025-04-14 13:48:44.363[0;39m [[32mDEBUG[0;39m] [35m88914[0;39m [2m[nio-8080-exec-6 ][0;39m [32mnet.mingsoft.basic.dao.IAppDao.updateCache[0;39m:135 [2m:[0;39m ==> Parameters: 
[2m2025-04-14 13:48:44.365[0;39m [[32mDEBUG[0;39m] [35m88914[0;39m [2m[nio-8080-exec-6 ][0;39m [32mnet.mingsoft.basic.dao.IAppDao.updateCache[0;39m:135 [2m:[0;39m <==    Updates: 0
[2m2025-04-14 13:48:44.365[0;39m [[32mDEBUG[0;39m] [35m88914[0;39m [2m[nio-8080-exec-6 ][0;39m [32mnet.mingsoft.basic.util.BasicUtil[0;39m:399 [2m:[0;39m headers:{}
[2m2025-04-14 13:48:44.368[0;39m [[32mDEBUG[0;39m] [35m88914[0;39m [2m[ lh-something-4 ][0;39m [32mnet.mingsoft.basic.dao.ILogDao.insert[0;39m:135 [2m:[0;39m ==>  Preparing: INSERT INTO logger ( id, log_title, log_ip, log_method, log_request_method, log_url, log_status, log_business_type, log_user_type, log_user, log_location, log_param, log_result, create_date, del ) VALUES ( ?, ?, ?, ?, ?, ?, ?, ?, ?, ?, ?, ?, ?, ?, ? )
[2m2025-04-14 13:48:44.368[0;39m [[32mDEBUG[0;39m] [35m88914[0;39m [2m[ lh-something-4 ][0;39m [32mnet.mingsoft.basic.dao.ILogDao.insert[0;39m:135 [2m:[0;39m ==> Parameters: 1911657855807700993(String), 更新站点信息(String), 127.0.0.1(String), net.mingsoft.basic.action.AppAction.update()(String), POST(String), /ms/basic/app/update.do(String), success(String), update(String), manage(String), admin1234(String), 内网IP(String), {
    "createBy": [
        ""
    ],
    "del": [
        "0"
    ],
    "id": [
        "1"
    ],
    "updateBy": [
        "57"
    ],
    "updateDate": [
        "2025-04-11 18:35:47"
    ],
    "appState": [
        "0"
    ],
    "appName": [
        "我是标题"
    ],
    "appDescription": [
        "基于java开发的一套java cms，也是轻量级开源内容管理系统，CMS简洁、安全、开源、免费，可运行在Linux、Windows、MacOSX、Solaris等各种平台上，专注为公司企业、个人站长快速建站提供解决方案，铭飞MS平台为您提供各类cms网站模板下载,公司网站、企业网站模板、网站后台系统模板、免费网站模板,10年建站公司老品牌值得信赖的cms!"
    ],
    "appLogo": [
        "[]"
    ],
    "appStyle": [
        "default"
    ],
    "appKeyword": [
        "CMS,免费CMS,免费开源Java CMS,CMS系统,Java CMS,CMS内容管理系统,企业CMS,HTML网页模板,CMS模板,CMS源码,网站源码,信创系统软件,安可系统,网站建设,模板网站,建站模板,建站工具,建站平台,建站工具"
    ],
    "appCopyright": [
        "站点版权信息，可配置"
    ],
    "appDir": [
        "web"
    ],
    "appUrl": [
        "http://localhost:8080/"
    ],
    "appPayDate": [
        "2019-11-17"
    ],
    "appPay": [
        ""
    ],
    "appId": [
        "1"
    ],
    "appHostUrl": [
        "http://localhost:8080/"
    ]
}(String), {"result":true,"code":200}(String), 2025-04-14 13:48:44.366(Timestamp), 0(Integer)
[2m2025-04-14 13:48:44.376[0;39m [[32mDEBUG[0;39m] [35m88914[0;39m [2m[ lh-something-4 ][0;39m [32mnet.mingsoft.basic.dao.ILogDao.insert[0;39m:135 [2m:[0;39m <==    Updates: 1
[2m2025-04-14 13:48:58.332[0;39m [[32mDEBUG[0;39m] [35m88914[0;39m [2m[nio-8080-exec-9 ][0;39m [32mnet.mingsoft.basic.util.BasicUtil[0;39m:399 [2m:[0;39m headers:{}
[2m2025-04-14 13:48:58.333[0;39m [[32mDEBUG[0;39m] [35m88914[0;39m [2m[nio-8080-exec-9 ][0;39m [32mnet.mingsoft.basic.util.BasicUtil[0;39m:399 [2m:[0;39m headers:{}
[2m2025-04-14 13:48:58.333[0;39m [[32mDEBUG[0;39m] [35m88914[0;39m [2m[nio-8080-exec-9 ][0;39m [32mnet.mingsoft.basic.action.web.IndexAction[0;39m:67 [2m:[0;39m basic index
[2m2025-04-14 13:48:58.334[0;39m [[32mDEBUG[0;39m] [35m88914[0;39m [2m[nio-8080-exec-9 ][0;39m [32mnet.mingsoft.basic.util.BasicUtil[0;39m:349 [2m:[0;39m server:localhost,basePath:http://localhost:8080/
[2m2025-04-14 13:48:58.336[0;39m [[32mDEBUG[0;39m] [35m88914[0;39m [2m[nio-8080-exec-9 ][0;39m [32mnet.mingsoft.basic.dao.IAppDao.selectList[0;39m:135 [2m:[0;39m ==>  Preparing: SELECT id,app_state,app_name,app_description,app_logo,app_style,app_keyword,app_copyright,app_dir,app_url,app_urls,app_datetime,app_pay_date,app_pay,create_by,create_date,del,update_by,update_date FROM app WHERE (app_url = ?) ORDER BY id ASC
[2m2025-04-14 13:48:58.336[0;39m [[32mDEBUG[0;39m] [35m88914[0;39m [2m[nio-8080-exec-9 ][0;39m [32mnet.mingsoft.basic.dao.IAppDao.selectList[0;39m:135 [2m:[0;39m ==> Parameters: http://localhost:8080/(String)
[2m2025-04-14 13:48:58.338[0;39m [[32mDEBUG[0;39m] [35m88914[0;39m [2m[nio-8080-exec-9 ][0;39m [32mnet.mingsoft.basic.dao.IAppDao.selectList[0;39m:135 [2m:[0;39m <==      Total: 1
[2m2025-04-14 13:48:58.338[0;39m [[32mDEBUG[0;39m] [35m88914[0;39m [2m[nio-8080-exec-9 ][0;39m [32mnet.mingsoft.basic.util.BasicUtil[0;39m:349 [2m:[0;39m server:localhost,basePath:http://localhost:8080/
[2m2025-04-14 13:48:58.338[0;39m [[32mDEBUG[0;39m] [35m88914[0;39m [2m[nio-8080-exec-9 ][0;39m [32mnet.mingsoft.basic.util.BasicUtil[0;39m:893 [2m:[0;39m filePath html/web/default.html
[2m2025-04-14 13:48:58.338[0;39m [[32mDEBUG[0;39m] [35m88914[0;39m [2m[nio-8080-exec-9 ][0;39m [32mnet.mingsoft.basic.util.BasicUtil[0;39m:895 [2m:[0;39m classPath /Users/unk/ssd/IdeaProjects/github/MCMS/target/classes/
[2m2025-04-14 13:48:58.339[0;39m [[32mDEBUG[0;39m] [35m88914[0;39m [2m[nio-8080-exec-9 ][0;39m [32mnet.mingsoft.basic.util.BasicUtil[0;39m:899 [2m:[0;39m servlet org.apache.catalina.core.ApplicationContextFacade@285e936c
[2m2025-04-14 13:48:58.339[0;39m [[32mDEBUG[0;39m] [35m88914[0;39m [2m[nio-8080-exec-9 ][0;39m [32mnet.mingsoft.basic.util.BasicUtil[0;39m:901 [2m:[0;39m path /Users/unk/ssd/IdeaProjects/github/MCMS/src/main/webapp/
[2m2025-04-14 13:48:58.339[0;39m [[32mDEBUG[0;39m] [35m88914[0;39m [2m[nio-8080-exec-9 ][0;39m [32mnet.mingsoft.basic.action.web.IndexAction[0;39m:81 [2m:[0;39m defaultHtmlPath /Users/unk/ssd/IdeaProjects/github/MCMS/src/main/webapp/html/web/default.html
[2m2025-04-14 13:48:58.339[0;39m [[32mDEBUG[0;39m] [35m88914[0;39m [2m[nio-8080-exec-9 ][0;39m [32mnet.mingsoft.basic.action.web.IndexAction[0;39m:88 [2m:[0;39m indexPosition html/web/index.html
[2m2025-04-14 13:48:58.341[0;39m [[32mDEBUG[0;39m] [35m88914[0;39m [2m[nio-8080-exec-9 ][0;39m [32mnet.mingsoft.basic.util.BasicUtil[0;39m:399 [2m:[0;39m headers:{}
[2m2025-04-14 13:48:58.401[0;39m [[32mDEBUG[0;39m] [35m88914[0;39m [2m[nio-8080-exec-3 ][0;39m [32mnet.mingsoft.basic.util.BasicUtil[0;39m:399 [2m:[0;39m headers:{}
[2m2025-04-14 13:48:58.404[0;39m [[32mDEBUG[0;39m] [35m88914[0;39m [2m[nio-8080-exec-3 ][0;39m [32mnet.mingsoft.basic.exception.ErrorController[0;39m:73 [2m:[0;39m error status 404 NOT_FOUND, error {timestamp=2025-04-14T13:48:58.404+0800, status=404, error=Not Found, path=/upload/1/appLogo/1910642617297846272.png},url /error
[2m2025-04-14 13:48:58.426[0;39m [[32mDEBUG[0;39m] [35m88914[0;39m [2m[nio-8080-exec-4 ][0;39m [32mnet.mingsoft.basic.util.BasicUtil[0;39m:399 [2m:[0;39m headers:{}
[2m2025-04-14 13:48:58.426[0;39m [[32mDEBUG[0;39m] [35m88914[0;39m [2m[io-8080-exec-10 ][0;39m [32mnet.mingsoft.basic.util.BasicUtil[0;39m:399 [2m:[0;39m headers:{}
[2m2025-04-14 13:48:58.426[0;39m [[32mDEBUG[0;39m] [35m88914[0;39m [2m[nio-8080-exec-9 ][0;39m [32mnet.mingsoft.basic.util.BasicUtil[0;39m:399 [2m:[0;39m headers:{}
[2m2025-04-14 13:48:58.426[0;39m [[32mDEBUG[0;39m] [35m88914[0;39m [2m[nio-8080-exec-2 ][0;39m [32mnet.mingsoft.basic.util.BasicUtil[0;39m:399 [2m:[0;39m headers:{}
[2m2025-04-14 13:48:58.432[0;39m [[32mDEBUG[0;39m] [35m88914[0;39m [2m[nio-8080-exec-7 ][0;39m [32mnet.mingsoft.basic.util.BasicUtil[0;39m:399 [2m:[0;39m headers:{}
[2m2025-04-14 13:48:58.433[0;39m [[32mDEBUG[0;39m] [35m88914[0;39m [2m[nio-8080-exec-3 ][0;39m [32mnet.mingsoft.basic.util.BasicUtil[0;39m:399 [2m:[0;39m headers:{}
[2m2025-04-14 13:48:58.432[0;39m [[32mDEBUG[0;39m] [35m88914[0;39m [2m[nio-8080-exec-1 ][0;39m [32mnet.mingsoft.basic.util.BasicUtil[0;39m:399 [2m:[0;39m headers:{}
[2m2025-04-14 13:48:58.434[0;39m [[32mDEBUG[0;39m] [35m88914[0;39m [2m[nio-8080-exec-5 ][0;39m [32mnet.mingsoft.basic.util.BasicUtil[0;39m:399 [2m:[0;39m headers:{}
[2m2025-04-14 13:48:58.437[0;39m [[32mDEBUG[0;39m] [35m88914[0;39m [2m[nio-8080-exec-1 ][0;39m [32mnet.mingsoft.basic.util.BasicUtil[0;39m:399 [2m:[0;39m headers:{}
[2m2025-04-14 13:48:58.438[0;39m [[32mDEBUG[0;39m] [35m88914[0;39m [2m[nio-8080-exec-7 ][0;39m [32mnet.mingsoft.basic.util.BasicUtil[0;39m:399 [2m:[0;39m headers:{}
[2m2025-04-14 13:48:58.441[0;39m [[32mDEBUG[0;39m] [35m88914[0;39m [2m[nio-8080-exec-1 ][0;39m [32mnet.mingsoft.basic.util.BasicUtil[0;39m:399 [2m:[0;39m headers:{}
[2m2025-04-14 13:48:58.443[0;39m [[32mDEBUG[0;39m] [35m88914[0;39m [2m[nio-8080-exec-9 ][0;39m [32mnet.mingsoft.basic.util.BasicUtil[0;39m:399 [2m:[0;39m headers:{}
[2m2025-04-14 13:48:58.445[0;39m [[32mDEBUG[0;39m] [35m88914[0;39m [2m[nio-8080-exec-2 ][0;39m [32mnet.mingsoft.basic.util.BasicUtil[0;39m:399 [2m:[0;39m headers:{}
[2m2025-04-14 13:48:58.446[0;39m [[32mDEBUG[0;39m] [35m88914[0;39m [2m[nio-8080-exec-6 ][0;39m [32mnet.mingsoft.basic.util.BasicUtil[0;39m:399 [2m:[0;39m headers:{}
[2m2025-04-14 13:48:58.447[0;39m [[32mDEBUG[0;39m] [35m88914[0;39m [2m[nio-8080-exec-5 ][0;39m [32mnet.mingsoft.basic.util.BasicUtil[0;39m:399 [2m:[0;39m headers:{}
[2m2025-04-14 13:48:58.452[0;39m [[32mDEBUG[0;39m] [35m88914[0;39m [2m[nio-8080-exec-2 ][0;39m [32mnet.mingsoft.basic.util.BasicUtil[0;39m:399 [2m:[0;39m headers:{}
[2m2025-04-14 13:48:58.453[0;39m [[32mDEBUG[0;39m] [35m88914[0;39m [2m[io-8080-exec-10 ][0;39m [32mnet.mingsoft.basic.util.BasicUtil[0;39m:399 [2m:[0;39m headers:{}
[2m2025-04-14 13:48:58.453[0;39m [[32mDEBUG[0;39m] [35m88914[0;39m [2m[nio-8080-exec-7 ][0;39m [32mnet.mingsoft.basic.util.BasicUtil[0;39m:399 [2m:[0;39m headers:{}
[2m2025-04-14 13:48:58.453[0;39m [[32mDEBUG[0;39m] [35m88914[0;39m [2m[nio-8080-exec-4 ][0;39m [32mnet.mingsoft.basic.util.BasicUtil[0;39m:399 [2m:[0;39m headers:{}
[2m2025-04-14 13:48:58.453[0;39m [[32mDEBUG[0;39m] [35m88914[0;39m [2m[nio-8080-exec-1 ][0;39m [32mnet.mingsoft.basic.util.BasicUtil[0;39m:399 [2m:[0;39m headers:{}
[2m2025-04-14 13:48:58.458[0;39m [[32mDEBUG[0;39m] [35m88914[0;39m [2m[nio-8080-exec-8 ][0;39m [32mnet.mingsoft.basic.util.BasicUtil[0;39m:399 [2m:[0;39m headers:{}
[2m2025-04-14 13:48:58.458[0;39m [[32mDEBUG[0;39m] [35m88914[0;39m [2m[nio-8080-exec-5 ][0;39m [32mnet.mingsoft.basic.util.BasicUtil[0;39m:399 [2m:[0;39m headers:{}
[2m2025-04-14 13:48:58.458[0;39m [[32mDEBUG[0;39m] [35m88914[0;39m [2m[nio-8080-exec-6 ][0;39m [32mnet.mingsoft.basic.util.BasicUtil[0;39m:399 [2m:[0;39m headers:{}
[2m2025-04-14 13:48:58.458[0;39m [[32mDEBUG[0;39m] [35m88914[0;39m [2m[nio-8080-exec-3 ][0;39m [32mnet.mingsoft.basic.util.BasicUtil[0;39m:399 [2m:[0;39m headers:{}
[2m2025-04-14 13:48:58.460[0;39m [[32mDEBUG[0;39m] [35m88914[0;39m [2m[io-8080-exec-10 ][0;39m [32mnet.mingsoft.basic.util.BasicUtil[0;39m:399 [2m:[0;39m headers:{}
[2m2025-04-14 13:48:58.460[0;39m [[32mDEBUG[0;39m] [35m88914[0;39m [2m[nio-8080-exec-8 ][0;39m [32mnet.mingsoft.basic.util.BasicUtil[0;39m:399 [2m:[0;39m headers:{}
[2m2025-04-14 13:48:58.465[0;39m [[32mDEBUG[0;39m] [35m88914[0;39m [2m[nio-8080-exec-9 ][0;39m [32mnet.mingsoft.basic.util.BasicUtil[0;39m:399 [2m:[0;39m headers:{}
[2m2025-04-14 13:48:58.467[0;39m [[32mDEBUG[0;39m] [35m88914[0;39m [2m[nio-8080-exec-9 ][0;39m [32mnet.mingsoft.basic.util.BasicUtil[0;39m:399 [2m:[0;39m headers:{}
[2m2025-04-14 13:48:58.467[0;39m [[32mDEBUG[0;39m] [35m88914[0;39m [2m[nio-8080-exec-1 ][0;39m [32mnet.mingsoft.basic.util.BasicUtil[0;39m:399 [2m:[0;39m headers:{}
[2m2025-04-14 13:48:58.467[0;39m [[32mDEBUG[0;39m] [35m88914[0;39m [2m[nio-8080-exec-2 ][0;39m [32mnet.mingsoft.basic.util.BasicUtil[0;39m:399 [2m:[0;39m headers:{}
[2m2025-04-14 13:48:58.468[0;39m [[32mDEBUG[0;39m] [35m88914[0;39m [2m[nio-8080-exec-4 ][0;39m [32mnet.mingsoft.basic.util.BasicUtil[0;39m:399 [2m:[0;39m headers:{}
[2m2025-04-14 13:48:58.468[0;39m [[32mDEBUG[0;39m] [35m88914[0;39m [2m[nio-8080-exec-9 ][0;39m [32mnet.mingsoft.basic.util.BasicUtil[0;39m:399 [2m:[0;39m headers:{}
[2m2025-04-14 13:48:58.472[0;39m [[32mDEBUG[0;39m] [35m88914[0;39m [2m[nio-8080-exec-8 ][0;39m [32mnet.mingsoft.basic.util.BasicUtil[0;39m:399 [2m:[0;39m headers:{}
[2m2025-04-14 13:48:58.472[0;39m [[32mDEBUG[0;39m] [35m88914[0;39m [2m[nio-8080-exec-6 ][0;39m [32mnet.mingsoft.basic.util.BasicUtil[0;39m:399 [2m:[0;39m headers:{}
[2m2025-04-14 13:48:58.473[0;39m [[32mDEBUG[0;39m] [35m88914[0;39m [2m[nio-8080-exec-6 ][0;39m [32mnet.mingsoft.basic.exception.ErrorController[0;39m:73 [2m:[0;39m error status 404 NOT_FOUND, error {timestamp=2025-04-14T13:48:58.473+0800, status=404, error=Not Found, path=/upload/1/appLogo/1910642617297846272.png},url /error
[2m2025-04-14 13:49:34.320[0;39m [[32mDEBUG[0;39m] [35m88914[0;39m [2m[nio-8080-exec-5 ][0;39m [32mnet.mingsoft.basic.resolver.CustomMultipartResolver[0;39m:120 [2m:[0;39m Part 'file', size 3007 bytes, filename='1609397756549.png'
[2m2025-04-14 13:49:34.404[0;39m [[32mDEBUG[0;39m] [35m88914[0;39m [2m[nio-8080-exec-5 ][0;39m [32mnet.mingsoft.basic.util.BasicUtil[0;39m:349 [2m:[0;39m server:localhost,basePath:http://localhost:8080/
[2m2025-04-14 13:49:34.405[0;39m [[32mDEBUG[0;39m] [35m88914[0;39m [2m[nio-8080-exec-5 ][0;39m [32mnet.mingsoft.basic.util.BasicUtil[0;39m:893 [2m:[0;39m filePath upload
[2m2025-04-14 13:49:34.405[0;39m [[32mDEBUG[0;39m] [35m88914[0;39m [2m[nio-8080-exec-5 ][0;39m [32mnet.mingsoft.basic.util.BasicUtil[0;39m:895 [2m:[0;39m classPath /Users/unk/ssd/IdeaProjects/github/MCMS/target/classes/
[2m2025-04-14 13:49:34.405[0;39m [[32mDEBUG[0;39m] [35m88914[0;39m [2m[nio-8080-exec-5 ][0;39m [32mnet.mingsoft.basic.util.BasicUtil[0;39m:899 [2m:[0;39m servlet org.apache.catalina.core.ApplicationContextFacade@285e936c
[2m2025-04-14 13:49:34.405[0;39m [[32mDEBUG[0;39m] [35m88914[0;39m [2m[nio-8080-exec-5 ][0;39m [32mnet.mingsoft.basic.util.BasicUtil[0;39m:901 [2m:[0;39m path /Users/unk/ssd/IdeaProjects/github/MCMS/src/main/webapp/
[2m2025-04-14 13:49:34.418[0;39m [[32mDEBUG[0;39m] [35m88914[0;39m [2m[nio-8080-exec-5 ][0;39m [32mnet.mingsoft.basic.util.BasicUtil[0;39m:399 [2m:[0;39m headers:{}
[2m2025-04-14 13:49:34.426[0;39m [[32mDEBUG[0;39m] [35m88914[0;39m [2m[nio-8080-exec-5 ][0;39m [32mnet.mingsoft.basic.resolver.CustomMultipartResolver[0;39m:120 [2m:[0;39m Cleaning up part 'file', filename '1609397756549.png'
[2m2025-04-14 13:49:34.427[0;39m [[32mDEBUG[0;39m] [35m88914[0;39m [2m[ lh-something-5 ][0;39m [32mnet.mingsoft.basic.dao.ILogDao.insert[0;39m:135 [2m:[0;39m ==>  Preparing: INSERT INTO logger ( id, log_title, log_ip, log_method, log_request_method, log_url, log_status, log_business_type, log_user_type, log_user, log_location, log_param, log_result, create_date, del ) VALUES ( ?, ?, ?, ?, ?, ?, ?, ?, ?, ?, ?, ?, ?, ?, ? )
[2m2025-04-14 13:49:34.428[0;39m [[32mDEBUG[0;39m] [35m88914[0;39m [2m[ lh-something-5 ][0;39m [32mnet.mingsoft.basic.dao.ILogDao.insert[0;39m:135 [2m:[0;39m ==> Parameters: 1911658065761976321(String), 处理post请求上传文件(String), 127.0.0.1(String), net.mingsoft.basic.action.ManageFileAction.upload()(String), POST(String), /ms/file/upload.do(String), success(String), other(String), manage(String), admin1234(String), 内网IP(String), {
}(String), {"result":true,"code":200,"data":"/upload/1/appLogo/1911658065732743168.png"}(String), 2025-04-14 13:49:34.419(Timestamp), 0(Integer)
[2m2025-04-14 13:49:34.433[0;39m [[32mDEBUG[0;39m] [35m88914[0;39m [2m[ lh-something-5 ][0;39m [32mnet.mingsoft.basic.dao.ILogDao.insert[0;39m:135 [2m:[0;39m <==    Updates: 1
[2m2025-04-14 13:49:35.984[0;39m [[32mDEBUG[0;39m] [35m88914[0;39m [2m[nio-8080-exec-2 ][0;39m [32mnet.mingsoft.basic.dao.IManagerDao[0;39m:60 [2m:[0;39m Cache Hit Ratio [net.mingsoft.basic.dao.IManagerDao]: 0.888235294117647
[2m2025-04-14 13:49:35.986[0;39m [[32mDEBUG[0;39m] [35m88914[0;39m [2m[nio-8080-exec-2 ][0;39m [32mnet.mingsoft.basic.dao.IModelDao[0;39m:60 [2m:[0;39m Cache Hit Ratio [net.mingsoft.basic.dao.IModelDao]: 0.9047619047619048
[2m2025-04-14 13:49:35.988[0;39m [[32mDEBUG[0;39m] [35m88914[0;39m [2m[nio-8080-exec-2 ][0;39m [32mnet.mingsoft.basic.dao.IManagerDao[0;39m:60 [2m:[0;39m Cache Hit Ratio [net.mingsoft.basic.dao.IManagerDao]: 0.8888888888888888
[2m2025-04-14 13:49:35.990[0;39m [[32mDEBUG[0;39m] [35m88914[0;39m [2m[nio-8080-exec-2 ][0;39m [32mnet.mingsoft.basic.dao.IModelDao[0;39m:60 [2m:[0;39m Cache Hit Ratio [net.mingsoft.basic.dao.IModelDao]: 0.9090909090909091
[2m2025-04-14 13:49:35.992[0;39m [[32mDEBUG[0;39m] [35m88914[0;39m [2m[nio-8080-exec-2 ][0;39m [32mnet.mingsoft.basic.dao.IManagerDao[0;39m:60 [2m:[0;39m Cache Hit Ratio [net.mingsoft.basic.dao.IManagerDao]: 0.8895348837209303
[2m2025-04-14 13:49:35.993[0;39m [[32mDEBUG[0;39m] [35m88914[0;39m [2m[nio-8080-exec-2 ][0;39m [32mnet.mingsoft.basic.dao.IModelDao[0;39m:60 [2m:[0;39m Cache Hit Ratio [net.mingsoft.basic.dao.IModelDao]: 0.9130434782608695
[2m2025-04-14 13:49:35.994[0;39m [[32mDEBUG[0;39m] [35m88914[0;39m [2m[nio-8080-exec-2 ][0;39m [32mnet.mingsoft.basic.dao.IManagerDao[0;39m:60 [2m:[0;39m Cache Hit Ratio [net.mingsoft.basic.dao.IManagerDao]: 0.8901734104046243
[2m2025-04-14 13:49:35.996[0;39m [[32mDEBUG[0;39m] [35m88914[0;39m [2m[nio-8080-exec-2 ][0;39m [32mnet.mingsoft.basic.dao.IModelDao[0;39m:60 [2m:[0;39m Cache Hit Ratio [net.mingsoft.basic.dao.IModelDao]: 0.9166666666666666
[2m2025-04-14 13:49:35.997[0;39m [[32mDEBUG[0;39m] [35m88914[0;39m [2m[nio-8080-exec-2 ][0;39m [32mnet.mingsoft.basic.dao.IManagerDao[0;39m:60 [2m:[0;39m Cache Hit Ratio [net.mingsoft.basic.dao.IManagerDao]: 0.8908045977011494
[2m2025-04-14 13:49:35.998[0;39m [[32mDEBUG[0;39m] [35m88914[0;39m [2m[nio-8080-exec-2 ][0;39m [32mnet.mingsoft.basic.dao.IModelDao[0;39m:60 [2m:[0;39m Cache Hit Ratio [net.mingsoft.basic.dao.IModelDao]: 0.92
[2m2025-04-14 13:49:35.998[0;39m [[32mDEBUG[0;39m] [35m88914[0;39m [2m[nio-8080-exec-2 ][0;39m [32mnet.mingsoft.basic.dao.IManagerDao[0;39m:60 [2m:[0;39m Cache Hit Ratio [net.mingsoft.basic.dao.IManagerDao]: 0.8914285714285715
[2m2025-04-14 13:49:36.000[0;39m [[32mDEBUG[0;39m] [35m88914[0;39m [2m[nio-8080-exec-2 ][0;39m [32mnet.mingsoft.basic.dao.IModelDao[0;39m:60 [2m:[0;39m Cache Hit Ratio [net.mingsoft.basic.dao.IModelDao]: 0.9230769230769231
[2m2025-04-14 13:49:36.000[0;39m [[32mDEBUG[0;39m] [35m88914[0;39m [2m[nio-8080-exec-2 ][0;39m [32mnet.mingsoft.basic.biz.impl.AppBizImpl[0;39m:86 [2m:[0;39m queryForList sql:SELECT * FROM app WHERE app_dir='web'
[2m2025-04-14 13:49:36.016[0;39m [[32mDEBUG[0;39m] [35m88914[0;39m [2m[nio-8080-exec-2 ][0;39m [32mnet.mingsoft.basic.util.BasicUtil[0;39m:349 [2m:[0;39m server:localhost,basePath:http://localhost:8080/
[2m2025-04-14 13:49:36.020[0;39m [[32mDEBUG[0;39m] [35m88914[0;39m [2m[nio-8080-exec-2 ][0;39m [32mnet.mingsoft.basic.dao.IAppDao.updateById[0;39m:135 [2m:[0;39m ==>  Preparing: UPDATE app SET app_state=?, app_name=?, app_description=?, app_logo=?, app_style=?, app_keyword=?, app_copyright=?, app_dir=?, app_url=?, app_pay_date=?, app_pay=?, create_by=?, del=?, update_by=?, update_date=? WHERE id=?
[2m2025-04-14 13:49:36.021[0;39m [[32mDEBUG[0;39m] [35m88914[0;39m [2m[nio-8080-exec-2 ][0;39m [32mnet.mingsoft.basic.dao.IAppDao.updateById[0;39m:135 [2m:[0;39m ==> Parameters: 0(String), 我是标题(String), 基于java开发的一套java cms，也是轻量级开源内容管理系统，CMS简洁、安全、开源、免费，可运行在Linux、Windows、MacOSX、Solaris等各种平台上，专注为公司企业、个人站长快速建站提供解决方案，铭飞MS平台为您提供各类cms网站模板下载,公司网站、企业网站模板、网站后台系统模板、免费网站模板,10年建站公司老品牌值得信赖的cms!(String), [{"url":"/upload/1/appLogo/1911658065732743168.png","name":"1609397756549.png","uid":1744609774243}](String), default(String), CMS,免费CMS,免费开源Java CMS,CMS系统,Java CMS,CMS内容管理系统,企业CMS,HTML网页模板,CMS模板,CMS源码,网站源码,信创系统软件,安可系统,网站建设,模板网站,建站模板,建站工具,建站平台,建站工具(String), 站点版权信息，可配置(String), web(String), http://localhost:8080/(String), 2019-11-17 00:00:00.0(Timestamp), (String), (String), 0(Integer), 58(String), 2025-04-14 13:49:36.0(Timestamp), 1(String)
[2m2025-04-14 13:49:36.023[0;39m [[32mDEBUG[0;39m] [35m88914[0;39m [2m[nio-8080-exec-2 ][0;39m [32mnet.mingsoft.basic.dao.IAppDao.updateById[0;39m:135 [2m:[0;39m <==    Updates: 1
[2m2025-04-14 13:49:36.024[0;39m [[32mDEBUG[0;39m] [35m88914[0;39m [2m[nio-8080-exec-2 ][0;39m [32mnet.mingsoft.basic.dao.IAppDao.updateCache[0;39m:135 [2m:[0;39m ==>  Preparing: UPDATE app set del=del WHERE del < 0
[2m2025-04-14 13:49:36.024[0;39m [[32mDEBUG[0;39m] [35m88914[0;39m [2m[nio-8080-exec-2 ][0;39m [32mnet.mingsoft.basic.dao.IAppDao.updateCache[0;39m:135 [2m:[0;39m ==> Parameters: 
[2m2025-04-14 13:49:36.024[0;39m [[32mDEBUG[0;39m] [35m88914[0;39m [2m[nio-8080-exec-2 ][0;39m [32mnet.mingsoft.basic.dao.IAppDao.updateCache[0;39m:135 [2m:[0;39m <==    Updates: 0
[2m2025-04-14 13:49:36.024[0;39m [[32mDEBUG[0;39m] [35m88914[0;39m [2m[nio-8080-exec-2 ][0;39m [32mnet.mingsoft.basic.util.BasicUtil[0;39m:399 [2m:[0;39m headers:{}
[2m2025-04-14 13:49:36.028[0;39m [[32mDEBUG[0;39m] [35m88914[0;39m [2m[ lh-something-6 ][0;39m [32mnet.mingsoft.basic.dao.ILogDao.insert[0;39m:135 [2m:[0;39m ==>  Preparing: INSERT INTO logger ( id, log_title, log_ip, log_method, log_request_method, log_url, log_status, log_business_type, log_user_type, log_user, log_location, log_param, log_result, create_date, del ) VALUES ( ?, ?, ?, ?, ?, ?, ?, ?, ?, ?, ?, ?, ?, ?, ? )
[2m2025-04-14 13:49:36.028[0;39m [[32mDEBUG[0;39m] [35m88914[0;39m [2m[ lh-something-6 ][0;39m [32mnet.mingsoft.basic.dao.ILogDao.insert[0;39m:135 [2m:[0;39m ==> Parameters: 1911658072481251329(String), 更新站点信息(String), 127.0.0.1(String), net.mingsoft.basic.action.AppAction.update()(String), POST(String), /ms/basic/app/update.do(String), success(String), update(String), manage(String), admin1234(String), 内网IP(String), {
    "createBy": [
        ""
    ],
    "del": [
        "0"
    ],
    "id": [
        "1"
    ],
    "updateBy": [
        "57"
    ],
    "updateDate": [
        "2025-04-11 18:35:47"
    ],
    "appState": [
        "0"
    ],
    "appName": [
        "我是标题"
    ],
    "appDescription": [
        "基于java开发的一套java cms，也是轻量级开源内容管理系统，CMS简洁、安全、开源、免费，可运行在Linux、Windows、MacOSX、Solaris等各种平台上，专注为公司企业、个人站长快速建站提供解决方案，铭飞MS平台为您提供各类cms网站模板下载,公司网站、企业网站模板、网站后台系统模板、免费网站模板,10年建站公司老品牌值得信赖的cms!"
    ],
    "appLogo": [
        "[{\"url\":\"/upload/1/appLogo/1911658065732743168.png\",\"name\":\"1609397756549.png\",\"uid\":1744609774243}]"
    ],
    "appStyle": [
        "default"
    ],
    "appKeyword": [
        "CMS,免费CMS,免费开源Java CMS,CMS系统,Java CMS,CMS内容管理系统,企业CMS,HTML网页模板,CMS模板,CMS源码,网站源码,信创系统软件,安可系统,网站建设,模板网站,建站模板,建站工具,建站平台,建站工具"
    ],
    "appCopyright": [
        "站点版权信息，可配置"
    ],
    "appDir": [
        "web"
    ],
    "appUrl": [
        "http://localhost:8080/"
    ],
    "appPayDate": [
        "2019-11-17"
    ],
    "appPay": [
        ""
    ],
    "appId": [
        "1"
    ],
    "appHostUrl": [
        "http://localhost:8080/"
    ]
}(String), {"result":true,"code":200}(String), 2025-04-14 13:49:36.025(Timestamp), 0(Integer)
[2m2025-04-14 13:49:36.030[0;39m [[32mDEBUG[0;39m] [35m88914[0;39m [2m[ lh-something-6 ][0;39m [32mnet.mingsoft.basic.dao.ILogDao.insert[0;39m:135 [2m:[0;39m <==    Updates: 1
[2m2025-04-14 13:49:41.344[0;39m [[32mDEBUG[0;39m] [35m88914[0;39m [2m[io-8080-exec-10 ][0;39m [32mnet.mingsoft.basic.util.BasicUtil[0;39m:399 [2m:[0;39m headers:{}
[2m2025-04-14 13:49:41.350[0;39m [[32mDEBUG[0;39m] [35m88914[0;39m [2m[io-8080-exec-10 ][0;39m [32mnet.mingsoft.basic.util.BasicUtil[0;39m:399 [2m:[0;39m headers:{}
[2m2025-04-14 13:49:41.351[0;39m [[32mDEBUG[0;39m] [35m88914[0;39m [2m[io-8080-exec-10 ][0;39m [32mnet.mingsoft.basic.action.web.IndexAction[0;39m:67 [2m:[0;39m basic index
[2m2025-04-14 13:49:41.354[0;39m [[32mDEBUG[0;39m] [35m88914[0;39m [2m[io-8080-exec-10 ][0;39m [32mnet.mingsoft.basic.util.BasicUtil[0;39m:349 [2m:[0;39m server:localhost,basePath:http://localhost:8080/
[2m2025-04-14 13:49:41.359[0;39m [[32mDEBUG[0;39m] [35m88914[0;39m [2m[io-8080-exec-10 ][0;39m [32mnet.mingsoft.basic.dao.IAppDao.selectList[0;39m:135 [2m:[0;39m ==>  Preparing: SELECT id,app_state,app_name,app_description,app_logo,app_style,app_keyword,app_copyright,app_dir,app_url,app_urls,app_datetime,app_pay_date,app_pay,create_by,create_date,del,update_by,update_date FROM app WHERE (app_url = ?) ORDER BY id ASC
[2m2025-04-14 13:49:41.360[0;39m [[32mDEBUG[0;39m] [35m88914[0;39m [2m[io-8080-exec-10 ][0;39m [32mnet.mingsoft.basic.dao.IAppDao.selectList[0;39m:135 [2m:[0;39m ==> Parameters: http://localhost:8080/(String)
[2m2025-04-14 13:49:41.363[0;39m [[32mDEBUG[0;39m] [35m88914[0;39m [2m[io-8080-exec-10 ][0;39m [32mnet.mingsoft.basic.dao.IAppDao.selectList[0;39m:135 [2m:[0;39m <==      Total: 1
[2m2025-04-14 13:49:41.363[0;39m [[32mDEBUG[0;39m] [35m88914[0;39m [2m[io-8080-exec-10 ][0;39m [32mnet.mingsoft.basic.util.BasicUtil[0;39m:349 [2m:[0;39m server:localhost,basePath:http://localhost:8080/
[2m2025-04-14 13:49:41.363[0;39m [[32mDEBUG[0;39m] [35m88914[0;39m [2m[io-8080-exec-10 ][0;39m [32mnet.mingsoft.basic.util.BasicUtil[0;39m:893 [2m:[0;39m filePath html/web/default.html
[2m2025-04-14 13:49:41.364[0;39m [[32mDEBUG[0;39m] [35m88914[0;39m [2m[io-8080-exec-10 ][0;39m [32mnet.mingsoft.basic.util.BasicUtil[0;39m:895 [2m:[0;39m classPath /Users/unk/ssd/IdeaProjects/github/MCMS/target/classes/
[2m2025-04-14 13:49:41.364[0;39m [[32mDEBUG[0;39m] [35m88914[0;39m [2m[io-8080-exec-10 ][0;39m [32mnet.mingsoft.basic.util.BasicUtil[0;39m:899 [2m:[0;39m servlet org.apache.catalina.core.ApplicationContextFacade@285e936c
[2m2025-04-14 13:49:41.364[0;39m [[32mDEBUG[0;39m] [35m88914[0;39m [2m[io-8080-exec-10 ][0;39m [32mnet.mingsoft.basic.util.BasicUtil[0;39m:901 [2m:[0;39m path /Users/unk/ssd/IdeaProjects/github/MCMS/src/main/webapp/
[2m2025-04-14 13:49:41.364[0;39m [[32mDEBUG[0;39m] [35m88914[0;39m [2m[io-8080-exec-10 ][0;39m [32mnet.mingsoft.basic.action.web.IndexAction[0;39m:81 [2m:[0;39m defaultHtmlPath /Users/unk/ssd/IdeaProjects/github/MCMS/src/main/webapp/html/web/default.html
[2m2025-04-14 13:49:41.364[0;39m [[32mDEBUG[0;39m] [35m88914[0;39m [2m[io-8080-exec-10 ][0;39m [32mnet.mingsoft.basic.action.web.IndexAction[0;39m:88 [2m:[0;39m indexPosition html/web/index.html
[2m2025-04-14 13:49:41.365[0;39m [[32mDEBUG[0;39m] [35m88914[0;39m [2m[io-8080-exec-10 ][0;39m [32mnet.mingsoft.basic.util.BasicUtil[0;39m:399 [2m:[0;39m headers:{}
[2m2025-04-14 13:49:41.421[0;39m [[32mDEBUG[0;39m] [35m88914[0;39m [2m[nio-8080-exec-9 ][0;39m [32mnet.mingsoft.basic.util.BasicUtil[0;39m:399 [2m:[0;39m headers:{}
[2m2025-04-14 13:49:41.425[0;39m [[32mDEBUG[0;39m] [35m88914[0;39m [2m[nio-8080-exec-9 ][0;39m [32mnet.mingsoft.basic.exception.ErrorController[0;39m:73 [2m:[0;39m error status 404 NOT_FOUND, error {timestamp=2025-04-14T13:49:41.425+0800, status=404, error=Not Found, path=/upload/1/appLogo/1910642617297846272.png},url /error
[2m2025-04-14 13:49:41.475[0;39m [[32mDEBUG[0;39m] [35m88914[0;39m [2m[nio-8080-exec-7 ][0;39m [32mnet.mingsoft.basic.util.BasicUtil[0;39m:399 [2m:[0;39m headers:{}
[2m2025-04-14 13:49:41.478[0;39m [[32mDEBUG[0;39m] [35m88914[0;39m [2m[nio-8080-exec-7 ][0;39m [32mnet.mingsoft.basic.exception.ErrorController[0;39m:73 [2m:[0;39m error status 404 NOT_FOUND, error {timestamp=2025-04-14T13:49:41.478+0800, status=404, error=Not Found, path=/upload/1/appLogo/1910642617297846272.png},url /error
[2m2025-04-14 13:49:41.529[0;39m [[32mDEBUG[0;39m] [35m88914[0;39m [2m[nio-8080-exec-8 ][0;39m [32mnet.mingsoft.basic.util.BasicUtil[0;39m:399 [2m:[0;39m headers:{}
[2m2025-04-14 13:49:51.815[0;39m [[32mDEBUG[0;39m] [35m88914[0;39m [2m[nio-8080-exec-5 ][0;39m [32mnet.mingsoft.basic.util.BasicUtil[0;39m:399 [2m:[0;39m headers:{}
[2m2025-04-14 13:49:51.819[0;39m [[32mDEBUG[0;39m] [35m88914[0;39m [2m[nio-8080-exec-5 ][0;39m [32mnet.mingsoft.basic.util.BasicUtil[0;39m:399 [2m:[0;39m headers:{}
[2m2025-04-14 13:49:51.821[0;39m [[32mDEBUG[0;39m] [35m88914[0;39m [2m[nio-8080-exec-5 ][0;39m [32mnet.mingsoft.basic.action.web.IndexAction[0;39m:67 [2m:[0;39m basic index
[2m2025-04-14 13:49:51.822[0;39m [[32mDEBUG[0;39m] [35m88914[0;39m [2m[nio-8080-exec-5 ][0;39m [32mnet.mingsoft.basic.util.BasicUtil[0;39m:349 [2m:[0;39m server:localhost,basePath:http://localhost:8080/
[2m2025-04-14 13:49:51.822[0;39m [[32mDEBUG[0;39m] [35m88914[0;39m [2m[nio-8080-exec-5 ][0;39m [32mnet.mingsoft.basic.util.BasicUtil[0;39m:893 [2m:[0;39m filePath html/web/default.html
[2m2025-04-14 13:49:51.822[0;39m [[32mDEBUG[0;39m] [35m88914[0;39m [2m[nio-8080-exec-5 ][0;39m [32mnet.mingsoft.basic.util.BasicUtil[0;39m:895 [2m:[0;39m classPath /Users/unk/ssd/IdeaProjects/github/MCMS/target/classes/
[2m2025-04-14 13:49:51.822[0;39m [[32mDEBUG[0;39m] [35m88914[0;39m [2m[nio-8080-exec-5 ][0;39m [32mnet.mingsoft.basic.util.BasicUtil[0;39m:899 [2m:[0;39m servlet org.apache.catalina.core.ApplicationContextFacade@285e936c
[2m2025-04-14 13:49:51.822[0;39m [[32mDEBUG[0;39m] [35m88914[0;39m [2m[nio-8080-exec-5 ][0;39m [32mnet.mingsoft.basic.util.BasicUtil[0;39m:901 [2m:[0;39m path /Users/unk/ssd/IdeaProjects/github/MCMS/src/main/webapp/
[2m2025-04-14 13:49:51.823[0;39m [[32mDEBUG[0;39m] [35m88914[0;39m [2m[nio-8080-exec-5 ][0;39m [32mnet.mingsoft.basic.action.web.IndexAction[0;39m:81 [2m:[0;39m defaultHtmlPath /Users/unk/ssd/IdeaProjects/github/MCMS/src/main/webapp/html/web/default.html
[2m2025-04-14 13:49:51.823[0;39m [[32mDEBUG[0;39m] [35m88914[0;39m [2m[nio-8080-exec-5 ][0;39m [32mnet.mingsoft.basic.action.web.IndexAction[0;39m:88 [2m:[0;39m indexPosition html/web/index.html
[2m2025-04-14 13:49:51.824[0;39m [[32mDEBUG[0;39m] [35m88914[0;39m [2m[nio-8080-exec-5 ][0;39m [32mnet.mingsoft.basic.util.BasicUtil[0;39m:399 [2m:[0;39m headers:{}
[2m2025-04-14 13:49:51.866[0;39m [[32mDEBUG[0;39m] [35m88914[0;39m [2m[nio-8080-exec-6 ][0;39m [32mnet.mingsoft.basic.util.BasicUtil[0;39m:399 [2m:[0;39m headers:{}
[2m2025-04-14 13:49:51.872[0;39m [[32mDEBUG[0;39m] [35m88914[0;39m [2m[nio-8080-exec-6 ][0;39m [32mnet.mingsoft.basic.exception.ErrorController[0;39m:73 [2m:[0;39m error status 404 NOT_FOUND, error {timestamp=2025-04-14T13:49:51.872+0800, status=404, error=Not Found, path=/upload/1/appLogo/1910642617297846272.png},url /error
[2m2025-04-14 13:49:51.975[0;39m [[32mDEBUG[0;39m] [35m88914[0;39m [2m[nio-8080-exec-2 ][0;39m [32mnet.mingsoft.basic.util.BasicUtil[0;39m:399 [2m:[0;39m headers:{}
[2m2025-04-14 13:49:51.978[0;39m [[32mDEBUG[0;39m] [35m88914[0;39m [2m[nio-8080-exec-2 ][0;39m [32mnet.mingsoft.basic.exception.ErrorController[0;39m:73 [2m:[0;39m error status 404 NOT_FOUND, error {timestamp=2025-04-14T13:49:51.978+0800, status=404, error=Not Found, path=/upload/1/appLogo/1910642617297846272.png},url /error
[2m2025-04-14 13:49:56.556[0;39m [[32mDEBUG[0;39m] [35m88914[0;39m [2m[nio-8080-exec-9 ][0;39m [32mnet.mingsoft.basic.dao.IManagerDao[0;39m:60 [2m:[0;39m Cache Hit Ratio [net.mingsoft.basic.dao.IManagerDao]: 0.8920454545454546
[2m2025-04-14 13:49:56.563[0;39m [[32mDEBUG[0;39m] [35m88914[0;39m [2m[nio-8080-exec-9 ][0;39m [32mnet.mingsoft.basic.dao.IModelDao[0;39m:60 [2m:[0;39m Cache Hit Ratio [net.mingsoft.basic.dao.IModelDao]: 0.9259259259259259
[2m2025-04-14 13:49:56.601[0;39m [[32mDEBUG[0;39m] [35m88914[0;39m [2m[nio-8080-exec-9 ][0;39m [32mnet.mingsoft.basic.dao.IManagerDao[0;39m:60 [2m:[0;39m Cache Hit Ratio [net.mingsoft.basic.dao.IManagerDao]: 0.8926553672316384
[2m2025-04-14 13:49:56.603[0;39m [[32mDEBUG[0;39m] [35m88914[0;39m [2m[nio-8080-exec-9 ][0;39m [32mnet.mingsoft.basic.dao.IModelDao[0;39m:60 [2m:[0;39m Cache Hit Ratio [net.mingsoft.basic.dao.IModelDao]: 0.9285714285714286
[2m2025-04-14 13:49:56.604[0;39m [[32mDEBUG[0;39m] [35m88914[0;39m [2m[nio-8080-exec-9 ][0;39m [32mnet.mingsoft.basic.dao.IManagerDao[0;39m:60 [2m:[0;39m Cache Hit Ratio [net.mingsoft.basic.dao.IManagerDao]: 0.8932584269662921
[2m2025-04-14 13:49:56.605[0;39m [[32mDEBUG[0;39m] [35m88914[0;39m [2m[nio-8080-exec-9 ][0;39m [32mnet.mingsoft.basic.dao.IModelDao[0;39m:60 [2m:[0;39m Cache Hit Ratio [net.mingsoft.basic.dao.IModelDao]: 0.9310344827586207
[2m2025-04-14 13:49:56.613[0;39m [[32mDEBUG[0;39m] [35m88914[0;39m [2m[nio-8080-exec-9 ][0;39m [32mnet.mingsoft.basic.dao.IManagerDao[0;39m:60 [2m:[0;39m Cache Hit Ratio [net.mingsoft.basic.dao.IManagerDao]: 0.8938547486033519
[2m2025-04-14 13:49:56.614[0;39m [[32mDEBUG[0;39m] [35m88914[0;39m [2m[nio-8080-exec-9 ][0;39m [32mnet.mingsoft.basic.dao.IModelDao[0;39m:60 [2m:[0;39m Cache Hit Ratio [net.mingsoft.basic.dao.IModelDao]: 0.9333333333333333
[2m2025-04-14 13:49:56.616[0;39m [[32mDEBUG[0;39m] [35m88914[0;39m [2m[nio-8080-exec-9 ][0;39m [32mnet.mingsoft.basic.dao.IManagerDao[0;39m:60 [2m:[0;39m Cache Hit Ratio [net.mingsoft.basic.dao.IManagerDao]: 0.8944444444444445
[2m2025-04-14 13:49:56.616[0;39m [[32mDEBUG[0;39m] [35m88914[0;39m [2m[nio-8080-exec-9 ][0;39m [32mnet.mingsoft.basic.dao.IModelDao[0;39m:60 [2m:[0;39m Cache Hit Ratio [net.mingsoft.basic.dao.IModelDao]: 0.9354838709677419
[2m2025-04-14 13:49:56.617[0;39m [[32mDEBUG[0;39m] [35m88914[0;39m [2m[nio-8080-exec-9 ][0;39m [32mnet.mingsoft.basic.dao.IManagerDao[0;39m:60 [2m:[0;39m Cache Hit Ratio [net.mingsoft.basic.dao.IManagerDao]: 0.8950276243093923
[2m2025-04-14 13:49:56.618[0;39m [[32mDEBUG[0;39m] [35m88914[0;39m [2m[nio-8080-exec-9 ][0;39m [32mnet.mingsoft.basic.dao.IModelDao[0;39m:60 [2m:[0;39m Cache Hit Ratio [net.mingsoft.basic.dao.IModelDao]: 0.9375
[2m2025-04-14 13:49:56.619[0;39m [[32mDEBUG[0;39m] [35m88914[0;39m [2m[nio-8080-exec-9 ][0;39m [32mnet.mingsoft.basic.dao.IManagerDao[0;39m:60 [2m:[0;39m Cache Hit Ratio [net.mingsoft.basic.dao.IManagerDao]: 0.8956043956043956
[2m2025-04-14 13:49:56.620[0;39m [[32mDEBUG[0;39m] [35m88914[0;39m [2m[nio-8080-exec-9 ][0;39m [32mnet.mingsoft.basic.dao.IModelDao[0;39m:60 [2m:[0;39m Cache Hit Ratio [net.mingsoft.basic.dao.IModelDao]: 0.9393939393939394
[2m2025-04-14 13:49:56.684[0;39m [[32mDEBUG[0;39m] [35m88914[0;39m [2m[nio-8080-exec-1 ][0;39m [32mnet.mingsoft.basic.util.BasicUtil[0;39m:399 [2m:[0;39m headers:{}
[2m2025-04-14 13:49:56.685[0;39m [[32mDEBUG[0;39m] [35m88914[0;39m [2m[nio-8080-exec-1 ][0;39m [32mnet.mingsoft.basic.util.BasicUtil[0;39m:399 [2m:[0;39m headers:{}
[2m2025-04-14 13:49:56.687[0;39m [[32mDEBUG[0;39m] [35m88914[0;39m [2m[nio-8080-exec-1 ][0;39m [32mnet.mingsoft.basic.util.BasicUtil[0;39m:399 [2m:[0;39m headers:{}
[2m2025-04-14 13:49:56.687[0;39m [[32mDEBUG[0;39m] [35m88914[0;39m [2m[nio-8080-exec-8 ][0;39m [32mnet.mingsoft.cms.dao.ICategoryDao.selectList[0;39m:135 [2m:[0;39m ==>  Preparing: SELECT id,category_title,category_short_title,category_pinyin,category_id,category_type,category_sort,category_list_url,category_url,category_keyword,category_descrip,category_img,category_ico,category_display,category_is_search,category_diy_url,mdiy_model_id,mdiy_category_model_id,dict_id,category_flag,category_path,category_parent_ids,leaf,top_id,is_child,create_by,create_date,del,update_by,update_date FROM cms_category WHERE is_child=? AND del=?
[2m2025-04-14 13:49:56.687[0;39m [[32mDEBUG[0;39m] [35m88914[0;39m [2m[nio-8080-exec-7 ][0;39m [32mnet.mingsoft.cms.dao.ICategoryDao.selectList[0;39m:135 [2m:[0;39m ==>  Preparing: SELECT id,category_title,category_short_title,category_pinyin,category_id,category_type,category_sort,category_list_url,category_url,category_keyword,category_descrip,category_img,category_ico,category_display,category_is_search,category_diy_url,mdiy_model_id,mdiy_category_model_id,dict_id,category_flag,category_path,category_parent_ids,leaf,top_id,is_child,create_by,create_date,del,update_by,update_date FROM cms_category WHERE is_child=? AND del=?
[2m2025-04-14 13:49:56.688[0;39m [[32mDEBUG[0;39m] [35m88914[0;39m [2m[nio-8080-exec-7 ][0;39m [32mnet.mingsoft.cms.dao.ICategoryDao.selectList[0;39m:135 [2m:[0;39m ==> Parameters: cms(String), 0(Integer)
[2m2025-04-14 13:49:56.688[0;39m [[32mDEBUG[0;39m] [35m88914[0;39m [2m[nio-8080-exec-8 ][0;39m [32mnet.mingsoft.cms.dao.ICategoryDao.selectList[0;39m:135 [2m:[0;39m ==> Parameters: cms(String), 0(Integer)
[2m2025-04-14 13:49:56.694[0;39m [[32mDEBUG[0;39m] [35m88914[0;39m [2m[nio-8080-exec-1 ][0;39m [32mnet.mingsoft.mdiy.dao.IDictDao[0;39m:60 [2m:[0;39m Cache Hit Ratio [net.mingsoft.mdiy.dao.IDictDao]: 0.1111111111111111
[2m2025-04-14 13:49:56.704[0;39m [[32mDEBUG[0;39m] [35m88914[0;39m [2m[nio-8080-exec-1 ][0;39m [32mnet.mingsoft.mdiy.dao.IDictDao[0;39m:60 [2m:[0;39m Cache Hit Ratio [net.mingsoft.mdiy.dao.IDictDao]: 0.2
[2m2025-04-14 13:49:56.705[0;39m [[32mDEBUG[0;39m] [35m88914[0;39m [2m[nio-8080-exec-1 ][0;39m [32mnet.mingsoft.basic.util.BasicUtil[0;39m:399 [2m:[0;39m headers:{}
[2m2025-04-14 13:49:56.709[0;39m [[32mDEBUG[0;39m] [35m88914[0;39m [2m[nio-8080-exec-7 ][0;39m [32mnet.mingsoft.cms.dao.ICategoryDao.selectList[0;39m:135 [2m:[0;39m <==      Total: 18
[2m2025-04-14 13:49:56.709[0;39m [[32mDEBUG[0;39m] [35m88914[0;39m [2m[nio-8080-exec-8 ][0;39m [32mnet.mingsoft.cms.dao.ICategoryDao.selectList[0;39m:135 [2m:[0;39m <==      Total: 18
[2m2025-04-14 13:49:56.711[0;39m [[32mDEBUG[0;39m] [35m88914[0;39m [2m[nio-8080-exec-8 ][0;39m [32mnet.mingsoft.basic.util.BasicUtil[0;39m:349 [2m:[0;39m server:localhost,basePath:http://localhost:8080/
[2m2025-04-14 13:49:56.711[0;39m [[32mDEBUG[0;39m] [35m88914[0;39m [2m[nio-8080-exec-8 ][0;39m [32mnet.mingsoft.basic.util.BasicUtil[0;39m:349 [2m:[0;39m server:localhost,basePath:http://localhost:8080/
[2m2025-04-14 13:49:56.711[0;39m [[32mDEBUG[0;39m] [35m88914[0;39m [2m[nio-8080-exec-7 ][0;39m [32mnet.mingsoft.basic.util.BasicUtil[0;39m:349 [2m:[0;39m server:localhost,basePath:http://localhost:8080/
[2m2025-04-14 13:49:56.711[0;39m [[32mDEBUG[0;39m] [35m88914[0;39m [2m[nio-8080-exec-8 ][0;39m [32mnet.mingsoft.basic.util.BasicUtil[0;39m:349 [2m:[0;39m server:localhost,basePath:http://localhost:8080/
[2m2025-04-14 13:49:56.711[0;39m [[32mDEBUG[0;39m] [35m88914[0;39m [2m[nio-8080-exec-7 ][0;39m [32mnet.mingsoft.basic.util.BasicUtil[0;39m:349 [2m:[0;39m server:localhost,basePath:http://localhost:8080/
[2m2025-04-14 13:49:56.711[0;39m [[32mDEBUG[0;39m] [35m88914[0;39m [2m[nio-8080-exec-8 ][0;39m [32mnet.mingsoft.basic.util.BasicUtil[0;39m:349 [2m:[0;39m server:localhost,basePath:http://localhost:8080/
[2m2025-04-14 13:49:56.711[0;39m [[32mDEBUG[0;39m] [35m88914[0;39m [2m[nio-8080-exec-8 ][0;39m [32mnet.mingsoft.basic.util.BasicUtil[0;39m:349 [2m:[0;39m server:localhost,basePath:http://localhost:8080/
[2m2025-04-14 13:49:56.711[0;39m [[32mDEBUG[0;39m] [35m88914[0;39m [2m[nio-8080-exec-7 ][0;39m [32mnet.mingsoft.basic.util.BasicUtil[0;39m:349 [2m:[0;39m server:localhost,basePath:http://localhost:8080/
[2m2025-04-14 13:49:56.712[0;39m [[32mDEBUG[0;39m] [35m88914[0;39m [2m[nio-8080-exec-7 ][0;39m [32mnet.mingsoft.basic.util.BasicUtil[0;39m:349 [2m:[0;39m server:localhost,basePath:http://localhost:8080/
[2m2025-04-14 13:49:56.712[0;39m [[32mDEBUG[0;39m] [35m88914[0;39m [2m[nio-8080-exec-7 ][0;39m [32mnet.mingsoft.basic.util.BasicUtil[0;39m:349 [2m:[0;39m server:localhost,basePath:http://localhost:8080/
[2m2025-04-14 13:49:56.712[0;39m [[32mDEBUG[0;39m] [35m88914[0;39m [2m[nio-8080-exec-7 ][0;39m [32mnet.mingsoft.basic.util.BasicUtil[0;39m:349 [2m:[0;39m server:localhost,basePath:http://localhost:8080/
[2m2025-04-14 13:49:56.712[0;39m [[32mDEBUG[0;39m] [35m88914[0;39m [2m[nio-8080-exec-7 ][0;39m [32mnet.mingsoft.basic.util.BasicUtil[0;39m:349 [2m:[0;39m server:localhost,basePath:http://localhost:8080/
[2m2025-04-14 13:49:56.713[0;39m [[32mDEBUG[0;39m] [35m88914[0;39m [2m[nio-8080-exec-7 ][0;39m [32mnet.mingsoft.basic.util.BasicUtil[0;39m:349 [2m:[0;39m server:localhost,basePath:http://localhost:8080/
[2m2025-04-14 13:49:56.711[0;39m [[32mDEBUG[0;39m] [35m88914[0;39m [2m[nio-8080-exec-8 ][0;39m [32mnet.mingsoft.basic.util.BasicUtil[0;39m:349 [2m:[0;39m server:localhost,basePath:http://localhost:8080/
[2m2025-04-14 13:49:56.713[0;39m [[32mDEBUG[0;39m] [35m88914[0;39m [2m[nio-8080-exec-8 ][0;39m [32mnet.mingsoft.basic.util.BasicUtil[0;39m:349 [2m:[0;39m server:localhost,basePath:http://localhost:8080/
[2m2025-04-14 13:49:56.713[0;39m [[32mDEBUG[0;39m] [35m88914[0;39m [2m[nio-8080-exec-8 ][0;39m [32mnet.mingsoft.basic.util.BasicUtil[0;39m:349 [2m:[0;39m server:localhost,basePath:http://localhost:8080/
[2m2025-04-14 13:49:56.713[0;39m [[32mDEBUG[0;39m] [35m88914[0;39m [2m[nio-8080-exec-7 ][0;39m [32mnet.mingsoft.basic.util.BasicUtil[0;39m:349 [2m:[0;39m server:localhost,basePath:http://localhost:8080/
[2m2025-04-14 13:49:56.714[0;39m [[32mDEBUG[0;39m] [35m88914[0;39m [2m[nio-8080-exec-7 ][0;39m [32mnet.mingsoft.basic.util.BasicUtil[0;39m:349 [2m:[0;39m server:localhost,basePath:http://localhost:8080/
[2m2025-04-14 13:49:56.715[0;39m [[32mDEBUG[0;39m] [35m88914[0;39m [2m[nio-8080-exec-7 ][0;39m [32mnet.mingsoft.basic.util.BasicUtil[0;39m:349 [2m:[0;39m server:localhost,basePath:http://localhost:8080/
[2m2025-04-14 13:49:56.715[0;39m [[32mDEBUG[0;39m] [35m88914[0;39m [2m[nio-8080-exec-7 ][0;39m [32mnet.mingsoft.basic.util.BasicUtil[0;39m:349 [2m:[0;39m server:localhost,basePath:http://localhost:8080/
[2m2025-04-14 13:49:56.716[0;39m [[32mDEBUG[0;39m] [35m88914[0;39m [2m[nio-8080-exec-7 ][0;39m [32mnet.mingsoft.basic.util.BasicUtil[0;39m:349 [2m:[0;39m server:localhost,basePath:http://localhost:8080/
[2m2025-04-14 13:49:56.716[0;39m [[32mDEBUG[0;39m] [35m88914[0;39m [2m[nio-8080-exec-7 ][0;39m [32mnet.mingsoft.basic.util.BasicUtil[0;39m:349 [2m:[0;39m server:localhost,basePath:http://localhost:8080/
[2m2025-04-14 13:49:56.716[0;39m [[32mDEBUG[0;39m] [35m88914[0;39m [2m[nio-8080-exec-7 ][0;39m [32mnet.mingsoft.basic.util.BasicUtil[0;39m:349 [2m:[0;39m server:localhost,basePath:http://localhost:8080/
[2m2025-04-14 13:49:56.716[0;39m [[32mDEBUG[0;39m] [35m88914[0;39m [2m[nio-8080-exec-7 ][0;39m [32mnet.mingsoft.basic.util.BasicUtil[0;39m:349 [2m:[0;39m server:localhost,basePath:http://localhost:8080/
[2m2025-04-14 13:49:56.716[0;39m [[32mDEBUG[0;39m] [35m88914[0;39m [2m[nio-8080-exec-7 ][0;39m [32mnet.mingsoft.basic.util.BasicUtil[0;39m:349 [2m:[0;39m server:localhost,basePath:http://localhost:8080/
[2m2025-04-14 13:49:56.715[0;39m [[32mDEBUG[0;39m] [35m88914[0;39m [2m[nio-8080-exec-8 ][0;39m [32mnet.mingsoft.basic.util.BasicUtil[0;39m:349 [2m:[0;39m server:localhost,basePath:http://localhost:8080/
[2m2025-04-14 13:49:56.718[0;39m [[32mDEBUG[0;39m] [35m88914[0;39m [2m[nio-8080-exec-8 ][0;39m [32mnet.mingsoft.basic.util.BasicUtil[0;39m:349 [2m:[0;39m server:localhost,basePath:http://localhost:8080/
[2m2025-04-14 13:49:56.718[0;39m [[32mDEBUG[0;39m] [35m88914[0;39m [2m[nio-8080-exec-7 ][0;39m [32mnet.mingsoft.basic.util.BasicUtil[0;39m:349 [2m:[0;39m server:localhost,basePath:http://localhost:8080/
[2m2025-04-14 13:49:56.718[0;39m [[32mDEBUG[0;39m] [35m88914[0;39m [2m[nio-8080-exec-8 ][0;39m [32mnet.mingsoft.basic.util.BasicUtil[0;39m:349 [2m:[0;39m server:localhost,basePath:http://localhost:8080/
[2m2025-04-14 13:49:56.718[0;39m [[32mDEBUG[0;39m] [35m88914[0;39m [2m[nio-8080-exec-8 ][0;39m [32mnet.mingsoft.basic.util.BasicUtil[0;39m:349 [2m:[0;39m server:localhost,basePath:http://localhost:8080/
[2m2025-04-14 13:49:56.719[0;39m [[32mDEBUG[0;39m] [35m88914[0;39m [2m[nio-8080-exec-8 ][0;39m [32mnet.mingsoft.basic.util.BasicUtil[0;39m:349 [2m:[0;39m server:localhost,basePath:http://localhost:8080/
[2m2025-04-14 13:49:56.720[0;39m [[32mDEBUG[0;39m] [35m88914[0;39m [2m[nio-8080-exec-8 ][0;39m [32mnet.mingsoft.basic.util.BasicUtil[0;39m:349 [2m:[0;39m server:localhost,basePath:http://localhost:8080/
[2m2025-04-14 13:49:56.720[0;39m [[32mDEBUG[0;39m] [35m88914[0;39m [2m[nio-8080-exec-8 ][0;39m [32mnet.mingsoft.basic.util.BasicUtil[0;39m:349 [2m:[0;39m server:localhost,basePath:http://localhost:8080/
[2m2025-04-14 13:49:56.720[0;39m [[32mDEBUG[0;39m] [35m88914[0;39m [2m[nio-8080-exec-8 ][0;39m [32mnet.mingsoft.basic.util.BasicUtil[0;39m:349 [2m:[0;39m server:localhost,basePath:http://localhost:8080/
[2m2025-04-14 13:49:56.721[0;39m [[32mDEBUG[0;39m] [35m88914[0;39m [2m[nio-8080-exec-8 ][0;39m [32mnet.mingsoft.basic.util.BasicUtil[0;39m:349 [2m:[0;39m server:localhost,basePath:http://localhost:8080/
[2m2025-04-14 13:49:56.721[0;39m [[32mDEBUG[0;39m] [35m88914[0;39m [2m[nio-8080-exec-8 ][0;39m [32mnet.mingsoft.basic.util.BasicUtil[0;39m:349 [2m:[0;39m server:localhost,basePath:http://localhost:8080/
[2m2025-04-14 13:49:56.733[0;39m [[32mDEBUG[0;39m] [35m88914[0;39m [2m[nio-8080-exec-5 ][0;39m [32mnet.mingsoft.basic.dao.IManagerDao[0;39m:60 [2m:[0;39m Cache Hit Ratio [net.mingsoft.basic.dao.IManagerDao]: 0.8961748633879781
[2m2025-04-14 13:49:56.735[0;39m [[32mDEBUG[0;39m] [35m88914[0;39m [2m[nio-8080-exec-5 ][0;39m [32mnet.mingsoft.basic.dao.IModelDao[0;39m:60 [2m:[0;39m Cache Hit Ratio [net.mingsoft.basic.dao.IModelDao]: 0.9411764705882353
[2m2025-04-14 13:49:56.736[0;39m [[32mDEBUG[0;39m] [35m88914[0;39m [2m[nio-8080-exec-5 ][0;39m [32mnet.mingsoft.basic.dao.IManagerDao[0;39m:60 [2m:[0;39m Cache Hit Ratio [net.mingsoft.basic.dao.IManagerDao]: 0.8967391304347826
[2m2025-04-14 13:49:56.737[0;39m [[32mDEBUG[0;39m] [35m88914[0;39m [2m[nio-8080-exec-5 ][0;39m [32mnet.mingsoft.basic.dao.IModelDao[0;39m:60 [2m:[0;39m Cache Hit Ratio [net.mingsoft.basic.dao.IModelDao]: 0.9428571428571428
[2m2025-04-14 13:49:56.739[0;39m [[32mDEBUG[0;39m] [35m88914[0;39m [2m[nio-8080-exec-5 ][0;39m [32mnet.mingsoft.basic.dao.IManagerDao[0;39m:60 [2m:[0;39m Cache Hit Ratio [net.mingsoft.basic.dao.IManagerDao]: 0.8972972972972973
[2m2025-04-14 13:49:56.740[0;39m [[32mDEBUG[0;39m] [35m88914[0;39m [2m[nio-8080-exec-5 ][0;39m [32mnet.mingsoft.basic.dao.IModelDao[0;39m:60 [2m:[0;39m Cache Hit Ratio [net.mingsoft.basic.dao.IModelDao]: 0.9444444444444444
[2m2025-04-14 13:49:56.742[0;39m [[32mDEBUG[0;39m] [35m88914[0;39m [2m[nio-8080-exec-5 ][0;39m [32mnet.mingsoft.basic.dao.IManagerDao[0;39m:60 [2m:[0;39m Cache Hit Ratio [net.mingsoft.basic.dao.IManagerDao]: 0.8978494623655914
[2m2025-04-14 13:49:56.743[0;39m [[32mDEBUG[0;39m] [35m88914[0;39m [2m[nio-8080-exec-5 ][0;39m [32mnet.mingsoft.basic.dao.IModelDao[0;39m:60 [2m:[0;39m Cache Hit Ratio [net.mingsoft.basic.dao.IModelDao]: 0.9459459459459459
[2m2025-04-14 13:49:56.744[0;39m [[32mDEBUG[0;39m] [35m88914[0;39m [2m[nio-8080-exec-5 ][0;39m [32mnet.mingsoft.basic.dao.IManagerDao[0;39m:60 [2m:[0;39m Cache Hit Ratio [net.mingsoft.basic.dao.IManagerDao]: 0.8983957219251337
[2m2025-04-14 13:49:56.745[0;39m [[32mDEBUG[0;39m] [35m88914[0;39m [2m[nio-8080-exec-5 ][0;39m [32mnet.mingsoft.basic.dao.IModelDao[0;39m:60 [2m:[0;39m Cache Hit Ratio [net.mingsoft.basic.dao.IModelDao]: 0.9473684210526315
[2m2025-04-14 13:49:56.746[0;39m [[32mDEBUG[0;39m] [35m88914[0;39m [2m[nio-8080-exec-5 ][0;39m [32mnet.mingsoft.basic.dao.IManagerDao[0;39m:60 [2m:[0;39m Cache Hit Ratio [net.mingsoft.basic.dao.IManagerDao]: 0.898936170212766
[2m2025-04-14 13:49:56.747[0;39m [[32mDEBUG[0;39m] [35m88914[0;39m [2m[nio-8080-exec-5 ][0;39m [32mnet.mingsoft.basic.dao.IModelDao[0;39m:60 [2m:[0;39m Cache Hit Ratio [net.mingsoft.basic.dao.IModelDao]: 0.9487179487179487
[2m2025-04-14 13:49:56.751[0;39m [[32mDEBUG[0;39m] [35m88914[0;39m [2m[nio-8080-exec-5 ][0;39m [32mnet.mingsoft.cms.dao.IContentDao.queryContent_COUNT[0;39m:135 [2m:[0;39m ==>  Preparing: SELECT count(0) FROM (SELECT ct.*, cc.category_path FROM cms_content ct JOIN cms_category cc ON ct.category_id = cc.id WHERE ct.del = 0) ct
[2m2025-04-14 13:49:56.751[0;39m [[32mDEBUG[0;39m] [35m88914[0;39m [2m[nio-8080-exec-5 ][0;39m [32mnet.mingsoft.cms.dao.IContentDao.queryContent_COUNT[0;39m:135 [2m:[0;39m ==> Parameters: 
[2m2025-04-14 13:49:56.753[0;39m [[32mDEBUG[0;39m] [35m88914[0;39m [2m[nio-8080-exec-5 ][0;39m [32mnet.mingsoft.cms.dao.IContentDao.queryContent_COUNT[0;39m:135 [2m:[0;39m <==      Total: 1
[2m2025-04-14 13:49:56.760[0;39m [[32mDEBUG[0;39m] [35m88914[0;39m [2m[nio-8080-exec-5 ][0;39m [32mnet.mingsoft.basic.util.BasicUtil[0;39m:349 [2m:[0;39m server:localhost,basePath:http://localhost:8080/
[2m2025-04-14 13:49:56.760[0;39m [[32mDEBUG[0;39m] [35m88914[0;39m [2m[nio-8080-exec-5 ][0;39m [32mnet.mingsoft.cms.dao.IContentDao.queryContent[0;39m:135 [2m:[0;39m ==>  Preparing: select ct.* from ( select ct.*,cc.category_path from cms_content ct join cms_category cc on ct.category_id=cc.id WHERE ct.del=0 )ct ORDER BY ct.content_datetime desc,content_sort desc LIMIT ?
[2m2025-04-14 13:49:56.762[0;39m [[32mDEBUG[0;39m] [35m88914[0;39m [2m[nio-8080-exec-5 ][0;39m [32mnet.mingsoft.cms.dao.IContentDao.queryContent[0;39m:135 [2m:[0;39m ==> Parameters: 10(Integer)
[2m2025-04-14 13:49:56.768[0;39m [[32mDEBUG[0;39m] [35m88914[0;39m [2m[nio-8080-exec-5 ][0;39m [32mnet.mingsoft.cms.dao.IContentDao.queryContent[0;39m:135 [2m:[0;39m <==      Total: 10
[2m2025-04-14 13:49:56.774[0;39m [[32mDEBUG[0;39m] [35m88914[0;39m [2m[nio-8080-exec-5 ][0;39m [32mnet.mingsoft.basic.util.BasicUtil[0;39m:349 [2m:[0;39m server:localhost,basePath:http://localhost:8080/
[2m2025-04-14 13:49:56.783[0;39m [[32mDEBUG[0;39m] [35m88914[0;39m [2m[nio-8080-exec-5 ][0;39m [32mnet.mingsoft.basic.util.BasicUtil[0;39m:349 [2m:[0;39m server:localhost,basePath:http://localhost:8080/
[2m2025-04-14 13:49:56.783[0;39m [[32mDEBUG[0;39m] [35m88914[0;39m [2m[nio-8080-exec-5 ][0;39m [32mnet.mingsoft.basic.util.BasicUtil[0;39m:349 [2m:[0;39m server:localhost,basePath:http://localhost:8080/
[2m2025-04-14 13:49:56.790[0;39m [[32mDEBUG[0;39m] [35m88914[0;39m [2m[nio-8080-exec-5 ][0;39m [32mnet.mingsoft.basic.util.BasicUtil[0;39m:349 [2m:[0;39m server:localhost,basePath:http://localhost:8080/
[2m2025-04-14 13:49:56.790[0;39m [[32mDEBUG[0;39m] [35m88914[0;39m [2m[nio-8080-exec-5 ][0;39m [32mnet.mingsoft.basic.util.BasicUtil[0;39m:349 [2m:[0;39m server:localhost,basePath:http://localhost:8080/
[2m2025-04-14 13:49:56.791[0;39m [[32mDEBUG[0;39m] [35m88914[0;39m [2m[nio-8080-exec-5 ][0;39m [32mnet.mingsoft.basic.util.BasicUtil[0;39m:349 [2m:[0;39m server:localhost,basePath:http://localhost:8080/
[2m2025-04-14 13:49:56.791[0;39m [[32mDEBUG[0;39m] [35m88914[0;39m [2m[nio-8080-exec-5 ][0;39m [32mnet.mingsoft.basic.util.BasicUtil[0;39m:349 [2m:[0;39m server:localhost,basePath:http://localhost:8080/
[2m2025-04-14 13:49:56.792[0;39m [[32mDEBUG[0;39m] [35m88914[0;39m [2m[nio-8080-exec-5 ][0;39m [32mnet.mingsoft.basic.util.BasicUtil[0;39m:349 [2m:[0;39m server:localhost,basePath:http://localhost:8080/
[2m2025-04-14 13:49:56.792[0;39m [[32mDEBUG[0;39m] [35m88914[0;39m [2m[nio-8080-exec-5 ][0;39m [32mnet.mingsoft.basic.util.BasicUtil[0;39m:349 [2m:[0;39m server:localhost,basePath:http://localhost:8080/
[2m2025-04-14 13:49:56.792[0;39m [[32mDEBUG[0;39m] [35m88914[0;39m [2m[nio-8080-exec-5 ][0;39m [32mnet.mingsoft.basic.util.BasicUtil[0;39m:349 [2m:[0;39m server:localhost,basePath:http://localhost:8080/
[2m2025-04-14 13:49:57.639[0;39m [[32mDEBUG[0;39m] [35m88914[0;39m [2m[nio-8080-exec-6 ][0;39m [32mnet.mingsoft.basic.dao.IManagerDao[0;39m:60 [2m:[0;39m Cache Hit Ratio [net.mingsoft.basic.dao.IManagerDao]: 0.8994708994708994
[2m2025-04-14 13:49:57.640[0;39m [[32mDEBUG[0;39m] [35m88914[0;39m [2m[nio-8080-exec-6 ][0;39m [32mnet.mingsoft.basic.dao.IModelDao[0;39m:60 [2m:[0;39m Cache Hit Ratio [net.mingsoft.basic.dao.IModelDao]: 0.95
[2m2025-04-14 13:49:57.707[0;39m [[32mDEBUG[0;39m] [35m88914[0;39m [2m[nio-8080-exec-2 ][0;39m [32mnet.mingsoft.basic.dao.IModelDao[0;39m:60 [2m:[0;39m Cache Hit Ratio [net.mingsoft.basic.dao.IModelDao]: 0.9512195121951219
[2m2025-04-14 13:49:57.709[0;39m [[32mDEBUG[0;39m] [35m88914[0;39m [2m[nio-8080-exec-2 ][0;39m [32mnet.mingsoft.mdiy.dao.IDictDao[0;39m:60 [2m:[0;39m Cache Hit Ratio [net.mingsoft.mdiy.dao.IDictDao]: 0.2727272727272727
[2m2025-04-14 13:49:57.709[0;39m [[32mDEBUG[0;39m] [35m88914[0;39m [2m[nio-8080-exec-2 ][0;39m [32mnet.mingsoft.mdiy.dao.IDictDao[0;39m:60 [2m:[0;39m Cache Hit Ratio [net.mingsoft.mdiy.dao.IDictDao]: 0.3333333333333333
[2m2025-04-14 13:49:59.022[0;39m [[32mDEBUG[0;39m] [35m88914[0;39m [2m[io-8080-exec-10 ][0;39m [32mnet.mingsoft.basic.dao.IManagerDao[0;39m:60 [2m:[0;39m Cache Hit Ratio [net.mingsoft.basic.dao.IManagerDao]: 0.9
[2m2025-04-14 13:49:59.023[0;39m [[32mDEBUG[0;39m] [35m88914[0;39m [2m[io-8080-exec-10 ][0;39m [32mnet.mingsoft.basic.dao.IModelDao[0;39m:60 [2m:[0;39m Cache Hit Ratio [net.mingsoft.basic.dao.IModelDao]: 0.9523809523809523
[2m2025-04-14 13:49:59.024[0;39m [[32mDEBUG[0;39m] [35m88914[0;39m [2m[io-8080-exec-10 ][0;39m [32mnet.mingsoft.basic.dao.IManagerDao[0;39m:60 [2m:[0;39m Cache Hit Ratio [net.mingsoft.basic.dao.IManagerDao]: 0.900523560209424
[2m2025-04-14 13:49:59.025[0;39m [[32mDEBUG[0;39m] [35m88914[0;39m [2m[io-8080-exec-10 ][0;39m [32mnet.mingsoft.basic.dao.IModelDao[0;39m:60 [2m:[0;39m Cache Hit Ratio [net.mingsoft.basic.dao.IModelDao]: 0.9534883720930233
[2m2025-04-14 13:49:59.026[0;39m [[32mDEBUG[0;39m] [35m88914[0;39m [2m[io-8080-exec-10 ][0;39m [32mnet.mingsoft.basic.dao.IManagerDao[0;39m:60 [2m:[0;39m Cache Hit Ratio [net.mingsoft.basic.dao.IManagerDao]: 0.9010416666666666
[2m2025-04-14 13:49:59.027[0;39m [[32mDEBUG[0;39m] [35m88914[0;39m [2m[io-8080-exec-10 ][0;39m [32mnet.mingsoft.basic.dao.IModelDao[0;39m:60 [2m:[0;39m Cache Hit Ratio [net.mingsoft.basic.dao.IModelDao]: 0.9545454545454546
[2m2025-04-14 13:49:59.028[0;39m [[32mDEBUG[0;39m] [35m88914[0;39m [2m[io-8080-exec-10 ][0;39m [32mnet.mingsoft.basic.dao.IManagerDao[0;39m:60 [2m:[0;39m Cache Hit Ratio [net.mingsoft.basic.dao.IManagerDao]: 0.9015544041450777
[2m2025-04-14 13:49:59.029[0;39m [[32mDEBUG[0;39m] [35m88914[0;39m [2m[io-8080-exec-10 ][0;39m [32mnet.mingsoft.basic.dao.IModelDao[0;39m:60 [2m:[0;39m Cache Hit Ratio [net.mingsoft.basic.dao.IModelDao]: 0.9555555555555556
[2m2025-04-14 13:49:59.030[0;39m [[32mDEBUG[0;39m] [35m88914[0;39m [2m[io-8080-exec-10 ][0;39m [32mnet.mingsoft.basic.dao.IManagerDao[0;39m:60 [2m:[0;39m Cache Hit Ratio [net.mingsoft.basic.dao.IManagerDao]: 0.9020618556701031
[2m2025-04-14 13:49:59.031[0;39m [[32mDEBUG[0;39m] [35m88914[0;39m [2m[io-8080-exec-10 ][0;39m [32mnet.mingsoft.basic.dao.IModelDao[0;39m:60 [2m:[0;39m Cache Hit Ratio [net.mingsoft.basic.dao.IModelDao]: 0.9565217391304348
[2m2025-04-14 13:49:59.032[0;39m [[32mDEBUG[0;39m] [35m88914[0;39m [2m[io-8080-exec-10 ][0;39m [32mnet.mingsoft.basic.dao.IManagerDao[0;39m:60 [2m:[0;39m Cache Hit Ratio [net.mingsoft.basic.dao.IManagerDao]: 0.9025641025641026
[2m2025-04-14 13:49:59.033[0;39m [[32mDEBUG[0;39m] [35m88914[0;39m [2m[io-8080-exec-10 ][0;39m [32mnet.mingsoft.basic.dao.IModelDao[0;39m:60 [2m:[0;39m Cache Hit Ratio [net.mingsoft.basic.dao.IModelDao]: 0.9574468085106383
[2m2025-04-14 13:49:59.044[0;39m [[32mDEBUG[0;39m] [35m88914[0;39m [2m[io-8080-exec-10 ][0;39m [32mnet.mingsoft.basic.dao.IManagerDao[0;39m:60 [2m:[0;39m Cache Hit Ratio [net.mingsoft.basic.dao.IManagerDao]: 0.9030612244897959
[2m2025-04-14 13:49:59.046[0;39m [[32mDEBUG[0;39m] [35m88914[0;39m [2m[io-8080-exec-10 ][0;39m [32mnet.mingsoft.basic.dao.IModelDao[0;39m:60 [2m:[0;39m Cache Hit Ratio [net.mingsoft.basic.dao.IModelDao]: 0.9583333333333334
[2m2025-04-14 13:49:59.048[0;39m [[32mDEBUG[0;39m] [35m88914[0;39m [2m[io-8080-exec-10 ][0;39m [32mnet.mingsoft.basic.dao.IManagerDao[0;39m:60 [2m:[0;39m Cache Hit Ratio [net.mingsoft.basic.dao.IManagerDao]: 0.9035532994923858
[2m2025-04-14 13:49:59.049[0;39m [[32mDEBUG[0;39m] [35m88914[0;39m [2m[io-8080-exec-10 ][0;39m [32mnet.mingsoft.basic.dao.IModelDao[0;39m:60 [2m:[0;39m Cache Hit Ratio [net.mingsoft.basic.dao.IModelDao]: 0.9591836734693877
[2m2025-04-14 13:49:59.050[0;39m [[32mDEBUG[0;39m] [35m88914[0;39m [2m[io-8080-exec-10 ][0;39m [32mnet.mingsoft.basic.dao.IManagerDao[0;39m:60 [2m:[0;39m Cache Hit Ratio [net.mingsoft.basic.dao.IManagerDao]: 0.9040404040404041
[2m2025-04-14 13:49:59.051[0;39m [[32mDEBUG[0;39m] [35m88914[0;39m [2m[io-8080-exec-10 ][0;39m [32mnet.mingsoft.basic.dao.IModelDao[0;39m:60 [2m:[0;39m Cache Hit Ratio [net.mingsoft.basic.dao.IModelDao]: 0.96
[2m2025-04-14 13:49:59.052[0;39m [[32mDEBUG[0;39m] [35m88914[0;39m [2m[io-8080-exec-10 ][0;39m [32mnet.mingsoft.basic.dao.IManagerDao[0;39m:60 [2m:[0;39m Cache Hit Ratio [net.mingsoft.basic.dao.IManagerDao]: 0.9045226130653267
[2m2025-04-14 13:49:59.053[0;39m [[32mDEBUG[0;39m] [35m88914[0;39m [2m[io-8080-exec-10 ][0;39m [32mnet.mingsoft.basic.dao.IModelDao[0;39m:60 [2m:[0;39m Cache Hit Ratio [net.mingsoft.basic.dao.IModelDao]: 0.9607843137254902
[2m2025-04-14 13:49:59.053[0;39m [[32mDEBUG[0;39m] [35m88914[0;39m [2m[io-8080-exec-10 ][0;39m [32mnet.mingsoft.basic.dao.IManagerDao[0;39m:60 [2m:[0;39m Cache Hit Ratio [net.mingsoft.basic.dao.IManagerDao]: 0.905
[2m2025-04-14 13:49:59.054[0;39m [[32mDEBUG[0;39m] [35m88914[0;39m [2m[io-8080-exec-10 ][0;39m [32mnet.mingsoft.basic.dao.IModelDao[0;39m:60 [2m:[0;39m Cache Hit Ratio [net.mingsoft.basic.dao.IModelDao]: 0.9615384615384616
[2m2025-04-14 13:49:59.055[0;39m [[32mDEBUG[0;39m] [35m88914[0;39m [2m[io-8080-exec-10 ][0;39m [32mnet.mingsoft.basic.dao.IManagerDao[0;39m:60 [2m:[0;39m Cache Hit Ratio [net.mingsoft.basic.dao.IManagerDao]: 0.9054726368159204
[2m2025-04-14 13:49:59.056[0;39m [[32mDEBUG[0;39m] [35m88914[0;39m [2m[io-8080-exec-10 ][0;39m [32mnet.mingsoft.basic.dao.IModelDao[0;39m:60 [2m:[0;39m Cache Hit Ratio [net.mingsoft.basic.dao.IModelDao]: 0.9622641509433962
[2m2025-04-14 13:49:59.057[0;39m [[32mDEBUG[0;39m] [35m88914[0;39m [2m[io-8080-exec-10 ][0;39m [32mnet.mingsoft.basic.dao.IManagerDao[0;39m:60 [2m:[0;39m Cache Hit Ratio [net.mingsoft.basic.dao.IManagerDao]: 0.905940594059406
[2m2025-04-14 13:49:59.057[0;39m [[32mDEBUG[0;39m] [35m88914[0;39m [2m[io-8080-exec-10 ][0;39m [32mnet.mingsoft.basic.dao.IModelDao[0;39m:60 [2m:[0;39m Cache Hit Ratio [net.mingsoft.basic.dao.IModelDao]: 0.9629629629629629
[2m2025-04-14 13:49:59.096[0;39m [[32mDEBUG[0;39m] [35m88914[0;39m [2m[nio-8080-exec-9 ][0;39m [32mnet.mingsoft.basic.util.BasicUtil[0;39m:399 [2m:[0;39m headers:{}
[2m2025-04-14 13:49:59.097[0;39m [[32mDEBUG[0;39m] [35m88914[0;39m [2m[nio-8080-exec-9 ][0;39m [32mnet.mingsoft.basic.util.BasicUtil[0;39m:399 [2m:[0;39m headers:{}
[2m2025-04-14 13:49:59.097[0;39m [[32mDEBUG[0;39m] [35m88914[0;39m [2m[nio-8080-exec-9 ][0;39m [32mnet.mingsoft.basic.util.BasicUtil[0;39m:399 [2m:[0;39m headers:{}
[2m2025-04-14 13:49:59.098[0;39m [[32mDEBUG[0;39m] [35m88914[0;39m [2m[nio-8080-exec-9 ][0;39m [32mnet.mingsoft.mdiy.dao.IDictDao[0;39m:60 [2m:[0;39m Cache Hit Ratio [net.mingsoft.mdiy.dao.IDictDao]: 0.38461538461538464
[2m2025-04-14 13:49:59.098[0;39m [[32mDEBUG[0;39m] [35m88914[0;39m [2m[nio-8080-exec-9 ][0;39m [32mnet.mingsoft.mdiy.dao.IDictDao[0;39m:60 [2m:[0;39m Cache Hit Ratio [net.mingsoft.mdiy.dao.IDictDao]: 0.42857142857142855
[2m2025-04-14 13:49:59.098[0;39m [[32mDEBUG[0;39m] [35m88914[0;39m [2m[nio-8080-exec-9 ][0;39m [32mnet.mingsoft.basic.util.BasicUtil[0;39m:399 [2m:[0;39m headers:{}
[2m2025-04-14 13:49:59.100[0;39m [[32mDEBUG[0;39m] [35m88914[0;39m [2m[nio-8080-exec-3 ][0;39m [32mnet.mingsoft.cms.dao.ICategoryDao.selectList[0;39m:135 [2m:[0;39m ==>  Preparing: SELECT id,category_title,category_short_title,category_pinyin,category_id,category_type,category_sort,category_list_url,category_url,category_keyword,category_descrip,category_img,category_ico,category_display,category_is_search,category_diy_url,mdiy_model_id,mdiy_category_model_id,dict_id,category_flag,category_path,category_parent_ids,leaf,top_id,is_child,create_by,create_date,del,update_by,update_date FROM cms_category WHERE is_child=? AND del=?
[2m2025-04-14 13:49:59.101[0;39m [[32mDEBUG[0;39m] [35m88914[0;39m [2m[nio-8080-exec-3 ][0;39m [32mnet.mingsoft.cms.dao.ICategoryDao.selectList[0;39m:135 [2m:[0;39m ==> Parameters: cms(String), 0(Integer)
[2m2025-04-14 13:49:59.103[0;39m [[32mDEBUG[0;39m] [35m88914[0;39m [2m[nio-8080-exec-3 ][0;39m [32mnet.mingsoft.cms.dao.ICategoryDao.selectList[0;39m:135 [2m:[0;39m <==      Total: 18
[2m2025-04-14 13:49:59.104[0;39m [[32mDEBUG[0;39m] [35m88914[0;39m [2m[nio-8080-exec-3 ][0;39m [32mnet.mingsoft.basic.util.BasicUtil[0;39m:349 [2m:[0;39m server:localhost,basePath:http://localhost:8080/
[2m2025-04-14 13:49:59.104[0;39m [[32mDEBUG[0;39m] [35m88914[0;39m [2m[nio-8080-exec-3 ][0;39m [32mnet.mingsoft.basic.util.BasicUtil[0;39m:349 [2m:[0;39m server:localhost,basePath:http://localhost:8080/
[2m2025-04-14 13:49:59.104[0;39m [[32mDEBUG[0;39m] [35m88914[0;39m [2m[nio-8080-exec-3 ][0;39m [32mnet.mingsoft.basic.util.BasicUtil[0;39m:349 [2m:[0;39m server:localhost,basePath:http://localhost:8080/
[2m2025-04-14 13:49:59.104[0;39m [[32mDEBUG[0;39m] [35m88914[0;39m [2m[nio-8080-exec-3 ][0;39m [32mnet.mingsoft.basic.util.BasicUtil[0;39m:349 [2m:[0;39m server:localhost,basePath:http://localhost:8080/
[2m2025-04-14 13:49:59.104[0;39m [[32mDEBUG[0;39m] [35m88914[0;39m [2m[nio-8080-exec-3 ][0;39m [32mnet.mingsoft.basic.util.BasicUtil[0;39m:349 [2m:[0;39m server:localhost,basePath:http://localhost:8080/
[2m2025-04-14 13:49:59.104[0;39m [[32mDEBUG[0;39m] [35m88914[0;39m [2m[nio-8080-exec-3 ][0;39m [32mnet.mingsoft.basic.util.BasicUtil[0;39m:349 [2m:[0;39m server:localhost,basePath:http://localhost:8080/
[2m2025-04-14 13:49:59.104[0;39m [[32mDEBUG[0;39m] [35m88914[0;39m [2m[nio-8080-exec-3 ][0;39m [32mnet.mingsoft.basic.util.BasicUtil[0;39m:349 [2m:[0;39m server:localhost,basePath:http://localhost:8080/
[2m2025-04-14 13:49:59.105[0;39m [[32mDEBUG[0;39m] [35m88914[0;39m [2m[nio-8080-exec-3 ][0;39m [32mnet.mingsoft.basic.util.BasicUtil[0;39m:349 [2m:[0;39m server:localhost,basePath:http://localhost:8080/
[2m2025-04-14 13:49:59.105[0;39m [[32mDEBUG[0;39m] [35m88914[0;39m [2m[nio-8080-exec-3 ][0;39m [32mnet.mingsoft.basic.util.BasicUtil[0;39m:349 [2m:[0;39m server:localhost,basePath:http://localhost:8080/
[2m2025-04-14 13:49:59.105[0;39m [[32mDEBUG[0;39m] [35m88914[0;39m [2m[nio-8080-exec-3 ][0;39m [32mnet.mingsoft.basic.util.BasicUtil[0;39m:349 [2m:[0;39m server:localhost,basePath:http://localhost:8080/
[2m2025-04-14 13:49:59.105[0;39m [[32mDEBUG[0;39m] [35m88914[0;39m [2m[nio-8080-exec-3 ][0;39m [32mnet.mingsoft.basic.util.BasicUtil[0;39m:349 [2m:[0;39m server:localhost,basePath:http://localhost:8080/
[2m2025-04-14 13:49:59.105[0;39m [[32mDEBUG[0;39m] [35m88914[0;39m [2m[nio-8080-exec-3 ][0;39m [32mnet.mingsoft.basic.util.BasicUtil[0;39m:349 [2m:[0;39m server:localhost,basePath:http://localhost:8080/
[2m2025-04-14 13:49:59.105[0;39m [[32mDEBUG[0;39m] [35m88914[0;39m [2m[nio-8080-exec-3 ][0;39m [32mnet.mingsoft.basic.util.BasicUtil[0;39m:349 [2m:[0;39m server:localhost,basePath:http://localhost:8080/
[2m2025-04-14 13:49:59.105[0;39m [[32mDEBUG[0;39m] [35m88914[0;39m [2m[nio-8080-exec-3 ][0;39m [32mnet.mingsoft.basic.util.BasicUtil[0;39m:349 [2m:[0;39m server:localhost,basePath:http://localhost:8080/
[2m2025-04-14 13:49:59.106[0;39m [[32mDEBUG[0;39m] [35m88914[0;39m [2m[nio-8080-exec-3 ][0;39m [32mnet.mingsoft.basic.util.BasicUtil[0;39m:349 [2m:[0;39m server:localhost,basePath:http://localhost:8080/
[2m2025-04-14 13:49:59.106[0;39m [[32mDEBUG[0;39m] [35m88914[0;39m [2m[nio-8080-exec-3 ][0;39m [32mnet.mingsoft.basic.util.BasicUtil[0;39m:349 [2m:[0;39m server:localhost,basePath:http://localhost:8080/
[2m2025-04-14 13:49:59.106[0;39m [[32mDEBUG[0;39m] [35m88914[0;39m [2m[nio-8080-exec-3 ][0;39m [32mnet.mingsoft.basic.util.BasicUtil[0;39m:349 [2m:[0;39m server:localhost,basePath:http://localhost:8080/
[2m2025-04-14 13:49:59.106[0;39m [[32mDEBUG[0;39m] [35m88914[0;39m [2m[nio-8080-exec-3 ][0;39m [32mnet.mingsoft.basic.util.BasicUtil[0;39m:349 [2m:[0;39m server:localhost,basePath:http://localhost:8080/
[2m2025-04-14 13:50:02.305[0;39m [[32mDEBUG[0;39m] [35m88914[0;39m [2m[nio-8080-exec-4 ][0;39m [32mnet.mingsoft.basic.dao.IManagerDao[0;39m:60 [2m:[0;39m Cache Hit Ratio [net.mingsoft.basic.dao.IManagerDao]: 0.9064039408866995
[2m2025-04-14 13:50:02.306[0;39m [[32mDEBUG[0;39m] [35m88914[0;39m [2m[nio-8080-exec-4 ][0;39m [32mnet.mingsoft.basic.dao.IModelDao[0;39m:60 [2m:[0;39m Cache Hit Ratio [net.mingsoft.basic.dao.IModelDao]: 0.9636363636363636
[2m2025-04-14 13:50:02.381[0;39m [[32mDEBUG[0;39m] [35m88914[0;39m [2m[nio-8080-exec-5 ][0;39m [32mnet.mingsoft.basic.dao.IModelDao[0;39m:60 [2m:[0;39m Cache Hit Ratio [net.mingsoft.basic.dao.IModelDao]: 0.9642857142857143
[2m2025-04-14 13:50:02.383[0;39m [[32mDEBUG[0;39m] [35m88914[0;39m [2m[nio-8080-exec-5 ][0;39m [32mnet.mingsoft.mdiy.dao.IDictDao[0;39m:60 [2m:[0;39m Cache Hit Ratio [net.mingsoft.mdiy.dao.IDictDao]: 0.4666666666666667
[2m2025-04-14 13:50:02.383[0;39m [[32mDEBUG[0;39m] [35m88914[0;39m [2m[nio-8080-exec-5 ][0;39m [32mnet.mingsoft.mdiy.dao.IDictDao[0;39m:60 [2m:[0;39m Cache Hit Ratio [net.mingsoft.mdiy.dao.IDictDao]: 0.5
[2m2025-04-14 13:50:04.865[0;39m [[32mDEBUG[0;39m] [35m88914[0;39m [2m[nio-8080-exec-6 ][0;39m [32mnet.mingsoft.basic.dao.IManagerDao[0;39m:60 [2m:[0;39m Cache Hit Ratio [net.mingsoft.basic.dao.IManagerDao]: 0.9068627450980392
[2m2025-04-14 13:50:04.867[0;39m [[32mDEBUG[0;39m] [35m88914[0;39m [2m[nio-8080-exec-6 ][0;39m [32mnet.mingsoft.basic.dao.IModelDao[0;39m:60 [2m:[0;39m Cache Hit Ratio [net.mingsoft.basic.dao.IModelDao]: 0.9649122807017544
[2m2025-04-14 13:50:04.869[0;39m [[32mDEBUG[0;39m] [35m88914[0;39m [2m[nio-8080-exec-6 ][0;39m [32mnet.mingsoft.basic.dao.IManagerDao[0;39m:60 [2m:[0;39m Cache Hit Ratio [net.mingsoft.basic.dao.IManagerDao]: 0.9073170731707317
[2m2025-04-14 13:50:04.882[0;39m [[32mDEBUG[0;39m] [35m88914[0;39m [2m[nio-8080-exec-6 ][0;39m [32mnet.mingsoft.basic.dao.IModelDao[0;39m:60 [2m:[0;39m Cache Hit Ratio [net.mingsoft.basic.dao.IModelDao]: 0.9655172413793104
[2m2025-04-14 13:50:04.883[0;39m [[32mDEBUG[0;39m] [35m88914[0;39m [2m[nio-8080-exec-6 ][0;39m [32mnet.mingsoft.basic.dao.IManagerDao[0;39m:60 [2m:[0;39m Cache Hit Ratio [net.mingsoft.basic.dao.IManagerDao]: 0.9077669902912622
[2m2025-04-14 13:50:04.884[0;39m [[32mDEBUG[0;39m] [35m88914[0;39m [2m[nio-8080-exec-6 ][0;39m [32mnet.mingsoft.basic.dao.IModelDao[0;39m:60 [2m:[0;39m Cache Hit Ratio [net.mingsoft.basic.dao.IModelDao]: 0.9661016949152542
[2m2025-04-14 13:50:04.884[0;39m [[32mDEBUG[0;39m] [35m88914[0;39m [2m[nio-8080-exec-6 ][0;39m [32mnet.mingsoft.basic.dao.IManagerDao[0;39m:60 [2m:[0;39m Cache Hit Ratio [net.mingsoft.basic.dao.IManagerDao]: 0.9082125603864735
[2m2025-04-14 13:50:04.885[0;39m [[32mDEBUG[0;39m] [35m88914[0;39m [2m[nio-8080-exec-6 ][0;39m [32mnet.mingsoft.basic.dao.IModelDao[0;39m:60 [2m:[0;39m Cache Hit Ratio [net.mingsoft.basic.dao.IModelDao]: 0.9666666666666667
[2m2025-04-14 13:50:04.886[0;39m [[32mDEBUG[0;39m] [35m88914[0;39m [2m[nio-8080-exec-6 ][0;39m [32mnet.mingsoft.basic.dao.IManagerDao[0;39m:60 [2m:[0;39m Cache Hit Ratio [net.mingsoft.basic.dao.IManagerDao]: 0.9086538461538461
[2m2025-04-14 13:50:04.887[0;39m [[32mDEBUG[0;39m] [35m88914[0;39m [2m[nio-8080-exec-6 ][0;39m [32mnet.mingsoft.basic.dao.IModelDao[0;39m:60 [2m:[0;39m Cache Hit Ratio [net.mingsoft.basic.dao.IModelDao]: 0.9672131147540983
[2m2025-04-14 13:50:04.953[0;39m [[32mDEBUG[0;39m] [35m88914[0;39m [2m[nio-8080-exec-2 ][0;39m [32mnet.mingsoft.basic.util.BasicUtil[0;39m:349 [2m:[0;39m server:localhost,basePath:http://localhost:8080/
[2m2025-04-14 13:50:04.953[0;39m [[32mDEBUG[0;39m] [35m88914[0;39m [2m[nio-8080-exec-2 ][0;39m [32mnet.mingsoft.basic.util.BasicUtil[0;39m:349 [2m:[0;39m server:localhost,basePath:http://localhost:8080/
[2m2025-04-14 13:50:04.953[0;39m [[32mDEBUG[0;39m] [35m88914[0;39m [2m[nio-8080-exec-2 ][0;39m [32mnet.mingsoft.basic.util.BasicUtil[0;39m:893 [2m:[0;39m filePath template/1/
[2m2025-04-14 13:50:04.953[0;39m [[32mDEBUG[0;39m] [35m88914[0;39m [2m[nio-8080-exec-2 ][0;39m [32mnet.mingsoft.basic.util.BasicUtil[0;39m:895 [2m:[0;39m classPath /Users/unk/ssd/IdeaProjects/github/MCMS/target/classes/
[2m2025-04-14 13:50:04.953[0;39m [[32mDEBUG[0;39m] [35m88914[0;39m [2m[nio-8080-exec-2 ][0;39m [32mnet.mingsoft.basic.util.BasicUtil[0;39m:899 [2m:[0;39m servlet org.apache.catalina.core.ApplicationContextFacade@285e936c
[2m2025-04-14 13:50:04.954[0;39m [[32mDEBUG[0;39m] [35m88914[0;39m [2m[nio-8080-exec-2 ][0;39m [32mnet.mingsoft.basic.util.BasicUtil[0;39m:901 [2m:[0;39m path /Users/unk/ssd/IdeaProjects/github/MCMS/src/main/webapp/
[2m2025-04-14 13:50:04.956[0;39m [[32mDEBUG[0;39m] [35m88914[0;39m [2m[io-8080-exec-10 ][0;39m [32mnet.mingsoft.cms.dao.ICategoryDao.selectList[0;39m:135 [2m:[0;39m ==>  Preparing: SELECT id,category_title,category_short_title,category_pinyin,category_id,category_type,category_sort,category_list_url,category_url,category_keyword,category_descrip,category_img,category_ico,category_display,category_is_search,category_diy_url,mdiy_model_id,mdiy_category_model_id,dict_id,category_flag,category_path,category_parent_ids,leaf,top_id,is_child,create_by,create_date,del,update_by,update_date FROM cms_category WHERE del=?
[2m2025-04-14 13:50:04.956[0;39m [[32mDEBUG[0;39m] [35m88914[0;39m [2m[io-8080-exec-10 ][0;39m [32mnet.mingsoft.cms.dao.ICategoryDao.selectList[0;39m:135 [2m:[0;39m ==> Parameters: 0(Integer)
[2m2025-04-14 13:50:04.958[0;39m [[32mDEBUG[0;39m] [35m88914[0;39m [2m[io-8080-exec-10 ][0;39m [32mnet.mingsoft.cms.dao.ICategoryDao.selectList[0;39m:135 [2m:[0;39m <==      Total: 18
[2m2025-04-14 13:50:04.958[0;39m [[32mDEBUG[0;39m] [35m88914[0;39m [2m[io-8080-exec-10 ][0;39m [32mnet.mingsoft.basic.util.BasicUtil[0;39m:349 [2m:[0;39m server:localhost,basePath:http://localhost:8080/
[2m2025-04-14 13:50:04.959[0;39m [[32mDEBUG[0;39m] [35m88914[0;39m [2m[io-8080-exec-10 ][0;39m [32mnet.mingsoft.basic.util.BasicUtil[0;39m:349 [2m:[0;39m server:localhost,basePath:http://localhost:8080/
[2m2025-04-14 13:50:04.959[0;39m [[32mDEBUG[0;39m] [35m88914[0;39m [2m[io-8080-exec-10 ][0;39m [32mnet.mingsoft.basic.util.BasicUtil[0;39m:349 [2m:[0;39m server:localhost,basePath:http://localhost:8080/
[2m2025-04-14 13:50:04.961[0;39m [[32mDEBUG[0;39m] [35m88914[0;39m [2m[io-8080-exec-10 ][0;39m [32mnet.mingsoft.basic.util.BasicUtil[0;39m:349 [2m:[0;39m server:localhost,basePath:http://localhost:8080/
[2m2025-04-14 13:50:04.962[0;39m [[32mDEBUG[0;39m] [35m88914[0;39m [2m[io-8080-exec-10 ][0;39m [32mnet.mingsoft.basic.util.BasicUtil[0;39m:349 [2m:[0;39m server:localhost,basePath:http://localhost:8080/
[2m2025-04-14 13:50:04.962[0;39m [[32mDEBUG[0;39m] [35m88914[0;39m [2m[io-8080-exec-10 ][0;39m [32mnet.mingsoft.basic.util.BasicUtil[0;39m:349 [2m:[0;39m server:localhost,basePath:http://localhost:8080/
[2m2025-04-14 13:50:04.962[0;39m [[32mDEBUG[0;39m] [35m88914[0;39m [2m[io-8080-exec-10 ][0;39m [32mnet.mingsoft.basic.util.BasicUtil[0;39m:349 [2m:[0;39m server:localhost,basePath:http://localhost:8080/
[2m2025-04-14 13:50:04.962[0;39m [[32mDEBUG[0;39m] [35m88914[0;39m [2m[io-8080-exec-10 ][0;39m [32mnet.mingsoft.basic.util.BasicUtil[0;39m:349 [2m:[0;39m server:localhost,basePath:http://localhost:8080/
[2m2025-04-14 13:50:04.962[0;39m [[32mDEBUG[0;39m] [35m88914[0;39m [2m[io-8080-exec-10 ][0;39m [32mnet.mingsoft.basic.util.BasicUtil[0;39m:349 [2m:[0;39m server:localhost,basePath:http://localhost:8080/
[2m2025-04-14 13:50:04.963[0;39m [[32mDEBUG[0;39m] [35m88914[0;39m [2m[io-8080-exec-10 ][0;39m [32mnet.mingsoft.basic.util.BasicUtil[0;39m:349 [2m:[0;39m server:localhost,basePath:http://localhost:8080/
[2m2025-04-14 13:50:04.963[0;39m [[32mDEBUG[0;39m] [35m88914[0;39m [2m[io-8080-exec-10 ][0;39m [32mnet.mingsoft.basic.util.BasicUtil[0;39m:349 [2m:[0;39m server:localhost,basePath:http://localhost:8080/
[2m2025-04-14 13:50:04.964[0;39m [[32mDEBUG[0;39m] [35m88914[0;39m [2m[io-8080-exec-10 ][0;39m [32mnet.mingsoft.basic.util.BasicUtil[0;39m:349 [2m:[0;39m server:localhost,basePath:http://localhost:8080/
[2m2025-04-14 13:50:04.964[0;39m [[32mDEBUG[0;39m] [35m88914[0;39m [2m[io-8080-exec-10 ][0;39m [32mnet.mingsoft.basic.util.BasicUtil[0;39m:349 [2m:[0;39m server:localhost,basePath:http://localhost:8080/
[2m2025-04-14 13:50:04.964[0;39m [[32mDEBUG[0;39m] [35m88914[0;39m [2m[io-8080-exec-10 ][0;39m [32mnet.mingsoft.basic.util.BasicUtil[0;39m:349 [2m:[0;39m server:localhost,basePath:http://localhost:8080/
[2m2025-04-14 13:50:04.964[0;39m [[32mDEBUG[0;39m] [35m88914[0;39m [2m[io-8080-exec-10 ][0;39m [32mnet.mingsoft.basic.util.BasicUtil[0;39m:349 [2m:[0;39m server:localhost,basePath:http://localhost:8080/
[2m2025-04-14 13:50:04.965[0;39m [[32mDEBUG[0;39m] [35m88914[0;39m [2m[io-8080-exec-10 ][0;39m [32mnet.mingsoft.basic.util.BasicUtil[0;39m:349 [2m:[0;39m server:localhost,basePath:http://localhost:8080/
[2m2025-04-14 13:50:04.965[0;39m [[32mDEBUG[0;39m] [35m88914[0;39m [2m[io-8080-exec-10 ][0;39m [32mnet.mingsoft.basic.util.BasicUtil[0;39m:349 [2m:[0;39m server:localhost,basePath:http://localhost:8080/
[2m2025-04-14 13:50:04.965[0;39m [[32mDEBUG[0;39m] [35m88914[0;39m [2m[io-8080-exec-10 ][0;39m [32mnet.mingsoft.basic.util.BasicUtil[0;39m:349 [2m:[0;39m server:localhost,basePath:http://localhost:8080/
[2m2025-04-14 13:50:06.226[0;39m [[32mDEBUG[0;39m] [35m88914[0;39m [2m[nio-8080-exec-8 ][0;39m [32mnet.mingsoft.basic.dao.IManagerDao[0;39m:60 [2m:[0;39m Cache Hit Ratio [net.mingsoft.basic.dao.IManagerDao]: 0.9090909090909091
[2m2025-04-14 13:50:06.228[0;39m [[32mDEBUG[0;39m] [35m88914[0;39m [2m[nio-8080-exec-8 ][0;39m [32mnet.mingsoft.basic.dao.IModelDao[0;39m:60 [2m:[0;39m Cache Hit Ratio [net.mingsoft.basic.dao.IModelDao]: 0.967741935483871
[2m2025-04-14 13:50:06.230[0;39m [[32mDEBUG[0;39m] [35m88914[0;39m [2m[nio-8080-exec-8 ][0;39m [32mnet.mingsoft.basic.dao.IManagerDao[0;39m:60 [2m:[0;39m Cache Hit Ratio [net.mingsoft.basic.dao.IManagerDao]: 0.9095238095238095
[2m2025-04-14 13:50:06.231[0;39m [[32mDEBUG[0;39m] [35m88914[0;39m [2m[nio-8080-exec-8 ][0;39m [32mnet.mingsoft.basic.dao.IModelDao[0;39m:60 [2m:[0;39m Cache Hit Ratio [net.mingsoft.basic.dao.IModelDao]: 0.9682539682539683
[2m2025-04-14 13:50:06.232[0;39m [[32mDEBUG[0;39m] [35m88914[0;39m [2m[nio-8080-exec-8 ][0;39m [32mnet.mingsoft.basic.dao.IManagerDao[0;39m:60 [2m:[0;39m Cache Hit Ratio [net.mingsoft.basic.dao.IManagerDao]: 0.909952606635071
[2m2025-04-14 13:50:06.233[0;39m [[32mDEBUG[0;39m] [35m88914[0;39m [2m[nio-8080-exec-8 ][0;39m [32mnet.mingsoft.basic.dao.IModelDao[0;39m:60 [2m:[0;39m Cache Hit Ratio [net.mingsoft.basic.dao.IModelDao]: 0.96875
[2m2025-04-14 13:50:06.234[0;39m [[32mDEBUG[0;39m] [35m88914[0;39m [2m[nio-8080-exec-8 ][0;39m [32mnet.mingsoft.basic.dao.IManagerDao[0;39m:60 [2m:[0;39m Cache Hit Ratio [net.mingsoft.basic.dao.IManagerDao]: 0.910377358490566
[2m2025-04-14 13:50:06.235[0;39m [[32mDEBUG[0;39m] [35m88914[0;39m [2m[nio-8080-exec-8 ][0;39m [32mnet.mingsoft.basic.dao.IModelDao[0;39m:60 [2m:[0;39m Cache Hit Ratio [net.mingsoft.basic.dao.IModelDao]: 0.9692307692307692
[2m2025-04-14 13:50:06.236[0;39m [[32mDEBUG[0;39m] [35m88914[0;39m [2m[nio-8080-exec-8 ][0;39m [32mnet.mingsoft.basic.dao.IManagerDao[0;39m:60 [2m:[0;39m Cache Hit Ratio [net.mingsoft.basic.dao.IManagerDao]: 0.9107981220657277
[2m2025-04-14 13:50:06.238[0;39m [[32mDEBUG[0;39m] [35m88914[0;39m [2m[nio-8080-exec-8 ][0;39m [32mnet.mingsoft.basic.dao.IModelDao[0;39m:60 [2m:[0;39m Cache Hit Ratio [net.mingsoft.basic.dao.IModelDao]: 0.9696969696969697
[2m2025-04-14 13:50:06.239[0;39m [[32mDEBUG[0;39m] [35m88914[0;39m [2m[nio-8080-exec-8 ][0;39m [32mnet.mingsoft.basic.dao.IManagerDao[0;39m:60 [2m:[0;39m Cache Hit Ratio [net.mingsoft.basic.dao.IManagerDao]: 0.9112149532710281
[2m2025-04-14 13:50:06.240[0;39m [[32mDEBUG[0;39m] [35m88914[0;39m [2m[nio-8080-exec-8 ][0;39m [32mnet.mingsoft.basic.dao.IModelDao[0;39m:60 [2m:[0;39m Cache Hit Ratio [net.mingsoft.basic.dao.IModelDao]: 0.9701492537313433
[2m2025-04-14 13:50:06.242[0;39m [[32mDEBUG[0;39m] [35m88914[0;39m [2m[nio-8080-exec-8 ][0;39m [32mnet.mingsoft.basic.util.BasicUtil[0;39m:349 [2m:[0;39m server:localhost,basePath:http://localhost:8080/
[2m2025-04-14 13:50:06.242[0;39m [[32mDEBUG[0;39m] [35m88914[0;39m [2m[nio-8080-exec-8 ][0;39m [32mnet.mingsoft.basic.util.BasicUtil[0;39m:349 [2m:[0;39m server:localhost,basePath:http://localhost:8080/
[2m2025-04-14 13:50:06.242[0;39m [[32mDEBUG[0;39m] [35m88914[0;39m [2m[nio-8080-exec-8 ][0;39m [32mnet.mingsoft.basic.util.BasicUtil[0;39m:893 [2m:[0;39m filePath template/1/default
[2m2025-04-14 13:50:06.242[0;39m [[32mDEBUG[0;39m] [35m88914[0;39m [2m[nio-8080-exec-8 ][0;39m [32mnet.mingsoft.basic.util.BasicUtil[0;39m:895 [2m:[0;39m classPath /Users/unk/ssd/IdeaProjects/github/MCMS/target/classes/
[2m2025-04-14 13:50:06.242[0;39m [[32mDEBUG[0;39m] [35m88914[0;39m [2m[nio-8080-exec-8 ][0;39m [32mnet.mingsoft.basic.util.BasicUtil[0;39m:899 [2m:[0;39m servlet org.apache.catalina.core.ApplicationContextFacade@285e936c
[2m2025-04-14 13:50:06.242[0;39m [[32mDEBUG[0;39m] [35m88914[0;39m [2m[nio-8080-exec-8 ][0;39m [32mnet.mingsoft.basic.util.BasicUtil[0;39m:901 [2m:[0;39m path /Users/unk/ssd/IdeaProjects/github/MCMS/src/main/webapp/
[2m2025-04-14 13:50:06.242[0;39m [[32mDEBUG[0;39m] [35m88914[0;39m [2m[nio-8080-exec-8 ][0;39m [32mnet.mingsoft.basic.util.BasicUtil[0;39m:349 [2m:[0;39m server:localhost,basePath:http://localhost:8080/
[2m2025-04-14 13:50:06.243[0;39m [[32mDEBUG[0;39m] [35m88914[0;39m [2m[nio-8080-exec-8 ][0;39m [32mnet.mingsoft.basic.util.BasicUtil[0;39m:349 [2m:[0;39m server:localhost,basePath:http://localhost:8080/
[2m2025-04-14 13:50:06.243[0;39m [[32mDEBUG[0;39m] [35m88914[0;39m [2m[nio-8080-exec-8 ][0;39m [32mnet.mingsoft.basic.util.BasicUtil[0;39m:349 [2m:[0;39m server:localhost,basePath:http://localhost:8080/
[2m2025-04-14 13:50:06.243[0;39m [[32mDEBUG[0;39m] [35m88914[0;39m [2m[nio-8080-exec-8 ][0;39m [32mnet.mingsoft.basic.util.BasicUtil[0;39m:349 [2m:[0;39m server:localhost,basePath:http://localhost:8080/
[2m2025-04-14 13:50:06.243[0;39m [[32mDEBUG[0;39m] [35m88914[0;39m [2m[nio-8080-exec-8 ][0;39m [32mnet.mingsoft.basic.util.BasicUtil[0;39m:893 [2m:[0;39m filePath template/1/default
[2m2025-04-14 13:50:06.243[0;39m [[32mDEBUG[0;39m] [35m88914[0;39m [2m[nio-8080-exec-8 ][0;39m [32mnet.mingsoft.basic.util.BasicUtil[0;39m:895 [2m:[0;39m classPath /Users/unk/ssd/IdeaProjects/github/MCMS/target/classes/
[2m2025-04-14 13:50:06.243[0;39m [[32mDEBUG[0;39m] [35m88914[0;39m [2m[nio-8080-exec-8 ][0;39m [32mnet.mingsoft.basic.util.BasicUtil[0;39m:899 [2m:[0;39m servlet org.apache.catalina.core.ApplicationContextFacade@285e936c
[2m2025-04-14 13:50:06.243[0;39m [[32mDEBUG[0;39m] [35m88914[0;39m [2m[nio-8080-exec-8 ][0;39m [32mnet.mingsoft.basic.util.BasicUtil[0;39m:901 [2m:[0;39m path /Users/unk/ssd/IdeaProjects/github/MCMS/src/main/webapp/
[2m2025-04-14 13:50:06.244[0;39m [[32mDEBUG[0;39m] [35m88914[0;39m [2m[nio-8080-exec-8 ][0;39m [32mnet.mingsoft.mdiy.dao.ITagDao.selectList[0;39m:135 [2m:[0;39m ==>  Preparing: SELECT id,tag_name,tag_type,not_del,tag_sql,tag_class,tag_description,model_id,app_id,create_by,create_date,del,update_by,update_date FROM mdiy_tag
[2m2025-04-14 13:50:06.244[0;39m [[32mDEBUG[0;39m] [35m88914[0;39m [2m[nio-8080-exec-8 ][0;39m [32mnet.mingsoft.mdiy.dao.ITagDao.selectList[0;39m:135 [2m:[0;39m ==> Parameters: 
[2m2025-04-14 13:50:06.248[0;39m [[32mDEBUG[0;39m] [35m88914[0;39m [2m[nio-8080-exec-8 ][0;39m [32mnet.mingsoft.mdiy.dao.ITagDao.selectList[0;39m:135 [2m:[0;39m <==      Total: 12
[2m2025-04-14 13:50:06.255[0;39m [[32mDEBUG[0;39m] [35m88914[0;39m [2m[nio-8080-exec-8 ][0;39m [32mnet.mingsoft.mdiy.biz.impl.TagBizImpl[0;39m:86 [2m:[0;39m queryForList sql:select
  APP_NAME as "name",
  app_logo as "logo",
  app_keyword as "keyword",
  app_description as "descrip",
  app_copyright as "copyright",
  '' as "contextpath",
      CONCAT(CONCAT('http://localhost:8080/','html/'),'web/') as "url",
      CONCAT(CONCAT('/html','/web'),'/') as "html",
    'http://localhost:8080/' as "host",
    CONCAT(CONCAT(CONCAT(CONCAT('template/',id),'/'),app_style),'/') as "style"
from app

[2m2025-04-14 13:50:06.266[0;39m [[32mDEBUG[0;39m] [35m88914[0;39m [2m[nio-8080-exec-8 ][0;39m [32mnet.mingsoft.mdiy.biz.impl.TagBizImpl[0;39m:86 [2m:[0;39m queryForList sql:

SELECT
    GROUP_CONCAT(DISTINCT content_tags ) AS tags
FROM
    cms_content
LEFT JOIN cms_category ON cms_content.category_id = cms_category.id
WHERE
  cms_category.category_display = 'enable'
  AND cms_content.del = 0
  AND cms_content.content_display = '0'
  AND LENGTH( cms_content.content_tags )>0
ORDER BY CONTENT_HIT DESC
Limit 99
[2m2025-04-14 13:50:06.272[0;39m [[32mDEBUG[0;39m] [35m88914[0;39m [2m[nio-8080-exec-8 ][0;39m [32mnet.mingsoft.mdiy.dao.ITagDao.selectList[0;39m:135 [2m:[0;39m ==>  Preparing: SELECT id,tag_name,tag_type,not_del,tag_sql,tag_class,tag_description,model_id,app_id,create_by,create_date,del,update_by,update_date FROM mdiy_tag WHERE (tag_type = ? AND tag_class = ?)
[2m2025-04-14 13:50:06.272[0;39m [[32mDEBUG[0;39m] [35m88914[0;39m [2m[nio-8080-exec-8 ][0;39m [32mnet.mingsoft.mdiy.dao.ITagDao.selectList[0;39m:135 [2m:[0;39m ==> Parameters: global(String), globalTagService(String)
[2m2025-04-14 13:50:06.273[0;39m [[32mDEBUG[0;39m] [35m88914[0;39m [2m[nio-8080-exec-8 ][0;39m [32mnet.mingsoft.mdiy.dao.ITagDao.selectList[0;39m:135 [2m:[0;39m <==      Total: 1
[2m2025-04-14 13:50:06.275[0;39m [[32mDEBUG[0;39m] [35m88914[0;39m [2m[nio-8080-exec-8 ][0;39m [32mnet.mingsoft.mdiy.dao.IConfigDao.selectList[0;39m:135 [2m:[0;39m ==>  Preparing: SELECT id,not_del,model_id,config_name,config_data,config_type,app_id,create_by,create_date,del,update_by,update_date FROM mdiy_config WHERE (config_type = ?)
[2m2025-04-14 13:50:06.275[0;39m [[32mDEBUG[0;39m] [35m88914[0;39m [2m[nio-8080-exec-8 ][0;39m [32mnet.mingsoft.mdiy.dao.IConfigDao.selectList[0;39m:135 [2m:[0;39m ==> Parameters: tag(String)
[2m2025-04-14 13:50:06.276[0;39m [[32mDEBUG[0;39m] [35m88914[0;39m [2m[nio-8080-exec-8 ][0;39m [32mnet.mingsoft.mdiy.dao.IConfigDao.selectList[0;39m:135 [2m:[0;39m <==      Total: 1
[2m2025-04-14 13:50:06.291[0;39m [[32mDEBUG[0;39m] [35m88914[0;39m [2m[nio-8080-exec-8 ][0;39m [32mnet.mingsoft.mdiy.biz.impl.TagBizImpl[0;39m:86 [2m:[0;39m queryForList sql:

select
    cms_category.id as "id",
    cms_category.id as "typeid",
    cms_category.category_title as "typetitle",
    cms_category.category_short_title as "typeshorttitle",
            CONCAT(cms_category.category_path,'/index.html') as "typelink",
    cms_category.category_keyword as "typekeyword",
    cms_category.category_diy_url as "typeurl",
    cms_category.category_flag as "flag",
    cms_category.category_id as "parentid",
    cms_category.category_parent_ids as "parentids",
    cms_category.category_descrip as "typedescrip",
    cms_category.category_type as "type",
    cms_category.category_path as "typepath",
    cms_category.leaf as "typeleaf",
    cms_category.category_img as "typelitpic" ,
    cms_category.category_ico as "typeico" ,
    
    ( SELECT count(*) FROM cms_category cc WHERE cc.category_id = cms_category.id AND cc.del = 0 ) AS "childsize"
from
    cms_category

where
    cms_category.del=0
    and  cms_category.category_display = 'enable'
    and  cms_category.is_child = 'cms'

    and
    (
    
    FIND_IN_SET('n',cms_category.category_flag)>0
    )



    and(cms_category.category_id is null)


    
    ORDER BY
             cms_category.category_sort
            
LIMIT
9999
[2m2025-04-14 13:50:06.297[0;39m [[32mDEBUG[0;39m] [35m88914[0;39m [2m[nio-8080-exec-8 ][0;39m [32mnet.mingsoft.mdiy.biz.impl.TagBizImpl[0;39m:86 [2m:[0;39m queryForList sql:

select
    cms_category.id as "id",
    cms_category.id as "typeid",
    cms_category.category_title as "typetitle",
    cms_category.category_short_title as "typeshorttitle",
            CONCAT(cms_category.category_path,'/index.html') as "typelink",
    cms_category.category_keyword as "typekeyword",
    cms_category.category_diy_url as "typeurl",
    cms_category.category_flag as "flag",
    cms_category.category_id as "parentid",
    cms_category.category_parent_ids as "parentids",
    cms_category.category_descrip as "typedescrip",
    cms_category.category_type as "type",
    cms_category.category_path as "typepath",
    cms_category.leaf as "typeleaf",
    cms_category.category_img as "typelitpic" ,
    cms_category.category_ico as "typeico" ,
    
    ( SELECT count(*) FROM cms_category cc WHERE cc.category_id = cms_category.id AND cc.del = 0 ) AS "childsize"
from
    cms_category

where
    cms_category.del=0
    and  cms_category.category_display = 'enable'
    and  cms_category.is_child = 'cms'




    and cms_category.category_id='1666653706550321152'


    

LIMIT
9999
[2m2025-04-14 13:50:06.301[0;39m [[32mDEBUG[0;39m] [35m88914[0;39m [2m[nio-8080-exec-8 ][0;39m [32mnet.mingsoft.mdiy.biz.impl.TagBizImpl[0;39m:86 [2m:[0;39m queryForList sql:

select
    cms_category.id as "id",
    cms_category.id as "typeid",
    cms_category.category_title as "typetitle",
    cms_category.category_short_title as "typeshorttitle",
            CONCAT(cms_category.category_path,'/index.html') as "typelink",
    cms_category.category_keyword as "typekeyword",
    cms_category.category_diy_url as "typeurl",
    cms_category.category_flag as "flag",
    cms_category.category_id as "parentid",
    cms_category.category_parent_ids as "parentids",
    cms_category.category_descrip as "typedescrip",
    cms_category.category_type as "type",
    cms_category.category_path as "typepath",
    cms_category.leaf as "typeleaf",
    cms_category.category_img as "typelitpic" ,
    cms_category.category_ico as "typeico" ,
    
    ( SELECT count(*) FROM cms_category cc WHERE cc.category_id = cms_category.id AND cc.del = 0 ) AS "childsize"
from
    cms_category

where
    cms_category.del=0
    and  cms_category.category_display = 'enable'
    and  cms_category.is_child = 'cms'




    and cms_category.category_id='1666653706550321163'


    

LIMIT
9999
[2m2025-04-14 13:50:06.305[0;39m [[32mDEBUG[0;39m] [35m88914[0;39m [2m[nio-8080-exec-8 ][0;39m [32mnet.mingsoft.mdiy.biz.impl.TagBizImpl[0;39m:86 [2m:[0;39m queryForList sql:

select
    cms_category.id as "id",
    cms_category.id as "typeid",
    cms_category.category_title as "typetitle",
    cms_category.category_short_title as "typeshorttitle",
            CONCAT(cms_category.category_path,'/index.html') as "typelink",
    cms_category.category_keyword as "typekeyword",
    cms_category.category_diy_url as "typeurl",
    cms_category.category_flag as "flag",
    cms_category.category_id as "parentid",
    cms_category.category_parent_ids as "parentids",
    cms_category.category_descrip as "typedescrip",
    cms_category.category_type as "type",
    cms_category.category_path as "typepath",
    cms_category.leaf as "typeleaf",
    cms_category.category_img as "typelitpic" ,
    cms_category.category_ico as "typeico" ,
    
    ( SELECT count(*) FROM cms_category cc WHERE cc.category_id = cms_category.id AND cc.del = 0 ) AS "childsize"
from
    cms_category

where
    cms_category.del=0
    and  cms_category.category_display = 'enable'
    and  cms_category.is_child = 'cms'




    and cms_category.category_id='1666653706550321153'


    

LIMIT
9999
[2m2025-04-14 13:50:06.309[0;39m [[32mDEBUG[0;39m] [35m88914[0;39m [2m[nio-8080-exec-8 ][0;39m [32mnet.mingsoft.mdiy.biz.impl.TagBizImpl[0;39m:86 [2m:[0;39m queryForList sql:

select
    cms_category.id as "id",
    cms_category.id as "typeid",
    cms_category.category_title as "typetitle",
    cms_category.category_short_title as "typeshorttitle",
            CONCAT(cms_category.category_path,'/index.html') as "typelink",
    cms_category.category_keyword as "typekeyword",
    cms_category.category_diy_url as "typeurl",
    cms_category.category_flag as "flag",
    cms_category.category_id as "parentid",
    cms_category.category_parent_ids as "parentids",
    cms_category.category_descrip as "typedescrip",
    cms_category.category_type as "type",
    cms_category.category_path as "typepath",
    cms_category.leaf as "typeleaf",
    cms_category.category_img as "typelitpic" ,
    cms_category.category_ico as "typeico" ,
    
    ( SELECT count(*) FROM cms_category cc WHERE cc.category_id = cms_category.id AND cc.del = 0 ) AS "childsize"
from
    cms_category

where
    cms_category.del=0
    and  cms_category.category_display = 'enable'
    and  cms_category.is_child = 'cms'




    and cms_category.category_id='1666653706550321154'


    

LIMIT
9999
[2m2025-04-14 13:50:06.312[0;39m [[32mDEBUG[0;39m] [35m88914[0;39m [2m[nio-8080-exec-8 ][0;39m [32mnet.mingsoft.mdiy.biz.impl.TagBizImpl[0;39m:86 [2m:[0;39m queryForList sql:

select
    cms_category.id as "id",
    cms_category.id as "typeid",
    cms_category.category_title as "typetitle",
    cms_category.category_short_title as "typeshorttitle",
            CONCAT(cms_category.category_path,'/index.html') as "typelink",
    cms_category.category_keyword as "typekeyword",
    cms_category.category_diy_url as "typeurl",
    cms_category.category_flag as "flag",
    cms_category.category_id as "parentid",
    cms_category.category_parent_ids as "parentids",
    cms_category.category_descrip as "typedescrip",
    cms_category.category_type as "type",
    cms_category.category_path as "typepath",
    cms_category.leaf as "typeleaf",
    cms_category.category_img as "typelitpic" ,
    cms_category.category_ico as "typeico" ,
    
    ( SELECT count(*) FROM cms_category cc WHERE cc.category_id = cms_category.id AND cc.del = 0 ) AS "childsize"
from
    cms_category

where
    cms_category.del=0
    and  cms_category.category_display = 'enable'
    and  cms_category.is_child = 'cms'

    and
    (
    
    FIND_IN_SET('n',cms_category.category_flag)>0
    )



    and(cms_category.category_id is null)


    
    ORDER BY
             cms_category.category_sort
            
LIMIT
9999
[2m2025-04-14 13:50:06.315[0;39m [[32mDEBUG[0;39m] [35m88914[0;39m [2m[nio-8080-exec-8 ][0;39m [32mnet.mingsoft.mdiy.biz.impl.TagBizImpl[0;39m:86 [2m:[0;39m queryForList sql:

select
    cms_category.id as "id",
    cms_category.id as "typeid",
    cms_category.category_title as "typetitle",
    cms_category.category_short_title as "typeshorttitle",
            CONCAT(cms_category.category_path,'/index.html') as "typelink",
    cms_category.category_keyword as "typekeyword",
    cms_category.category_diy_url as "typeurl",
    cms_category.category_flag as "flag",
    cms_category.category_id as "parentid",
    cms_category.category_parent_ids as "parentids",
    cms_category.category_descrip as "typedescrip",
    cms_category.category_type as "type",
    cms_category.category_path as "typepath",
    cms_category.leaf as "typeleaf",
    cms_category.category_img as "typelitpic" ,
    cms_category.category_ico as "typeico" ,
    
    ( SELECT count(*) FROM cms_category cc WHERE cc.category_id = cms_category.id AND cc.del = 0 ) AS "childsize"
from
    cms_category

where
    cms_category.del=0
    and  cms_category.category_display = 'enable'
    and  cms_category.is_child = 'cms'




    and cms_category.category_id='1666653706550321152'


    

LIMIT
9999
[2m2025-04-14 13:50:06.319[0;39m [[32mDEBUG[0;39m] [35m88914[0;39m [2m[nio-8080-exec-8 ][0;39m [32mnet.mingsoft.mdiy.biz.impl.TagBizImpl[0;39m:86 [2m:[0;39m queryForList sql:

select
    cms_category.id as "id",
    cms_category.id as "typeid",
    cms_category.category_title as "typetitle",
    cms_category.category_short_title as "typeshorttitle",
            CONCAT(cms_category.category_path,'/index.html') as "typelink",
    cms_category.category_keyword as "typekeyword",
    cms_category.category_diy_url as "typeurl",
    cms_category.category_flag as "flag",
    cms_category.category_id as "parentid",
    cms_category.category_parent_ids as "parentids",
    cms_category.category_descrip as "typedescrip",
    cms_category.category_type as "type",
    cms_category.category_path as "typepath",
    cms_category.leaf as "typeleaf",
    cms_category.category_img as "typelitpic" ,
    cms_category.category_ico as "typeico" ,
    
    ( SELECT count(*) FROM cms_category cc WHERE cc.category_id = cms_category.id AND cc.del = 0 ) AS "childsize"
from
    cms_category

where
    cms_category.del=0
    and  cms_category.category_display = 'enable'
    and  cms_category.is_child = 'cms'




    and cms_category.category_id='1666653706550321163'


    

LIMIT
9999
[2m2025-04-14 13:50:06.322[0;39m [[32mDEBUG[0;39m] [35m88914[0;39m [2m[nio-8080-exec-8 ][0;39m [32mnet.mingsoft.mdiy.biz.impl.TagBizImpl[0;39m:86 [2m:[0;39m queryForList sql:

select
    cms_category.id as "id",
    cms_category.id as "typeid",
    cms_category.category_title as "typetitle",
    cms_category.category_short_title as "typeshorttitle",
            CONCAT(cms_category.category_path,'/index.html') as "typelink",
    cms_category.category_keyword as "typekeyword",
    cms_category.category_diy_url as "typeurl",
    cms_category.category_flag as "flag",
    cms_category.category_id as "parentid",
    cms_category.category_parent_ids as "parentids",
    cms_category.category_descrip as "typedescrip",
    cms_category.category_type as "type",
    cms_category.category_path as "typepath",
    cms_category.leaf as "typeleaf",
    cms_category.category_img as "typelitpic" ,
    cms_category.category_ico as "typeico" ,
    
    ( SELECT count(*) FROM cms_category cc WHERE cc.category_id = cms_category.id AND cc.del = 0 ) AS "childsize"
from
    cms_category

where
    cms_category.del=0
    and  cms_category.category_display = 'enable'
    and  cms_category.is_child = 'cms'




    and cms_category.category_id='1666653706550321153'


    

LIMIT
9999
[2m2025-04-14 13:50:06.325[0;39m [[32mDEBUG[0;39m] [35m88914[0;39m [2m[nio-8080-exec-8 ][0;39m [32mnet.mingsoft.mdiy.biz.impl.TagBizImpl[0;39m:86 [2m:[0;39m queryForList sql:

select
    cms_category.id as "id",
    cms_category.id as "typeid",
    cms_category.category_title as "typetitle",
    cms_category.category_short_title as "typeshorttitle",
            CONCAT(cms_category.category_path,'/index.html') as "typelink",
    cms_category.category_keyword as "typekeyword",
    cms_category.category_diy_url as "typeurl",
    cms_category.category_flag as "flag",
    cms_category.category_id as "parentid",
    cms_category.category_parent_ids as "parentids",
    cms_category.category_descrip as "typedescrip",
    cms_category.category_type as "type",
    cms_category.category_path as "typepath",
    cms_category.leaf as "typeleaf",
    cms_category.category_img as "typelitpic" ,
    cms_category.category_ico as "typeico" ,
    
    ( SELECT count(*) FROM cms_category cc WHERE cc.category_id = cms_category.id AND cc.del = 0 ) AS "childsize"
from
    cms_category

where
    cms_category.del=0
    and  cms_category.category_display = 'enable'
    and  cms_category.is_child = 'cms'




    and cms_category.category_id='1666653706550321154'


    

LIMIT
9999
[2m2025-04-14 13:50:06.329[0;39m [[32mDEBUG[0;39m] [35m88914[0;39m [2m[nio-8080-exec-8 ][0;39m [32mnet.mingsoft.mdiy.biz.impl.TagBizImpl[0;39m:86 [2m:[0;39m queryForList sql:



SELECT
  cms_content.id AS "id",
  content_title AS "title",
  content_short_title AS "shorttitle",
  content_author AS "author",
  content_source AS "source",
  content_out_link AS "outlink",
  content_tags AS "tags",

  category.category_title AS "typetitle",
  category.category_short_title AS "typeshorttitle",
  category.id AS "typeid",
  category.category_path AS "typepath",
  category.category_img AS "typelitpic",
  category.category_ico AS "typeico",
  category.category_keyword as "typekeyword",
  category.top_id as "topid",
  category.category_id as "parentid",
  category.category_parent_ids as "parentids",
  category.category_type AS "type",
      CONCAT(category.category_path,'/index.html') AS "typelink",
  content_description AS "descrip",
  content_hit AS "hit",
  content_type AS "flag",
  cms_content.content_keyword AS "keyword",
  content_img AS "litpic",
        CONCAT(CONCAT( category.category_path, '/' ), CONCAT(CASE category_type WHEN  '2' THEN 'index' ELSE cms_content.id END , '.html' )) as "link",
  
  content_datetime AS "date"
FROM
  cms_content
LEFT JOIN
  cms_category as category
ON cms_content.category_id = category.id
WHERE
  content_display='0'
  and category_display='enable'
  and cms_content.del=0

        and (cms_content.category_id='1666653706550321162'
        or cms_content.category_id in (select id FROM cms_category where cms_category.del=0
        and FIND_IN_SET('1666653706550321162',CATEGORY_PARENT_IDS) > 0))









    ORDER BY
      cms_content.content_datetime desc
  LIMIT
    20

[2m2025-04-14 13:50:06.335[0;39m [[32mDEBUG[0;39m] [35m88914[0;39m [2m[nio-8080-exec-8 ][0;39m [32mnet.mingsoft.mdiy.biz.impl.TagBizImpl[0;39m:86 [2m:[0;39m queryForList sql:



SELECT
  cms_content.id AS "id",
  content_title AS "title",
  content_short_title AS "shorttitle",
  content_author AS "author",
  content_source AS "source",
  content_out_link AS "outlink",
  content_tags AS "tags",

  category.category_title AS "typetitle",
  category.category_short_title AS "typeshorttitle",
  category.id AS "typeid",
  category.category_path AS "typepath",
  category.category_img AS "typelitpic",
  category.category_ico AS "typeico",
  category.category_keyword as "typekeyword",
  category.top_id as "topid",
  category.category_id as "parentid",
  category.category_parent_ids as "parentids",
  category.category_type AS "type",
      CONCAT(category.category_path,'/index.html') AS "typelink",
  content_description AS "descrip",
  content_hit AS "hit",
  content_type AS "flag",
  cms_content.content_keyword AS "keyword",
  content_img AS "litpic",
        CONCAT(CONCAT( category.category_path, '/' ), CONCAT(CASE category_type WHEN  '2' THEN 'index' ELSE cms_content.id END , '.html' )) as "link",
  
  content_datetime AS "date"
FROM
  cms_content
LEFT JOIN
  cms_category as category
ON cms_content.category_id = category.id
WHERE
  content_display='0'
  and category_display='enable'
  and cms_content.del=0

        and (cms_content.category_id='1666653706550321162'
        or cms_content.category_id in (select id FROM cms_category where cms_category.del=0
        and FIND_IN_SET('1666653706550321162',CATEGORY_PARENT_IDS) > 0))








  and(
  
  FIND_IN_SET('f',cms_content.content_type) > 0
  )

    ORDER BY
      cms_content.content_datetime desc
  LIMIT
    5

[2m2025-04-14 13:50:06.341[0;39m [[32mDEBUG[0;39m] [35m88914[0;39m [2m[nio-8080-exec-8 ][0;39m [32mnet.mingsoft.mdiy.biz.impl.TagBizImpl[0;39m:86 [2m:[0;39m queryForList sql:

select
    cms_category.id as "id",
    cms_category.id as "typeid",
    cms_category.category_title as "typetitle",
    cms_category.category_short_title as "typeshorttitle",
            CONCAT(cms_category.category_path,'/index.html') as "typelink",
    cms_category.category_keyword as "typekeyword",
    cms_category.category_diy_url as "typeurl",
    cms_category.category_flag as "flag",
    cms_category.category_id as "parentid",
    cms_category.category_parent_ids as "parentids",
    cms_category.category_descrip as "typedescrip",
    cms_category.category_type as "type",
    cms_category.category_path as "typepath",
    cms_category.leaf as "typeleaf",
    cms_category.category_img as "typelitpic" ,
    cms_category.category_ico as "typeico" ,
    
    ( SELECT count(*) FROM cms_category cc WHERE cc.category_id = cms_category.id AND cc.del = 0 ) AS "childsize"
from
    cms_category

where
    cms_category.del=0
    and  cms_category.category_display = 'enable'
    and  cms_category.is_child = 'cms'




    and cms_category.id='1666653706550321152'


    

LIMIT
9999
[2m2025-04-14 13:50:06.345[0;39m [[32mDEBUG[0;39m] [35m88914[0;39m [2m[nio-8080-exec-8 ][0;39m [32mnet.mingsoft.mdiy.biz.impl.TagBizImpl[0;39m:86 [2m:[0;39m queryForList sql:



SELECT
  cms_content.id AS "id",
  content_title AS "title",
  content_short_title AS "shorttitle",
  content_author AS "author",
  content_source AS "source",
  content_out_link AS "outlink",
  content_tags AS "tags",

  category.category_title AS "typetitle",
  category.category_short_title AS "typeshorttitle",
  category.id AS "typeid",
  category.category_path AS "typepath",
  category.category_img AS "typelitpic",
  category.category_ico AS "typeico",
  category.category_keyword as "typekeyword",
  category.top_id as "topid",
  category.category_id as "parentid",
  category.category_parent_ids as "parentids",
  category.category_type AS "type",
      CONCAT(category.category_path,'/index.html') AS "typelink",
  content_description AS "descrip",
  content_hit AS "hit",
  content_type AS "flag",
  cms_content.content_keyword AS "keyword",
  content_img AS "litpic",
        CONCAT(CONCAT( category.category_path, '/' ), CONCAT(CASE category_type WHEN  '2' THEN 'index' ELSE cms_content.id END , '.html' )) as "link",
  
  content_datetime AS "date"
FROM
  cms_content
LEFT JOIN
  cms_category as category
ON cms_content.category_id = category.id
WHERE
  content_display='0'
  and category_display='enable'
  and cms_content.del=0

        and (cms_content.category_id='1666653706550321152'
        or cms_content.category_id in (select id FROM cms_category where cms_category.del=0
        and FIND_IN_SET('1666653706550321152',CATEGORY_PARENT_IDS) > 0))









    ORDER BY
      cms_content.content_datetime desc
  LIMIT
    6

[2m2025-04-14 13:50:06.350[0;39m [[32mDEBUG[0;39m] [35m88914[0;39m [2m[nio-8080-exec-8 ][0;39m [32mnet.mingsoft.mdiy.biz.impl.TagBizImpl[0;39m:86 [2m:[0;39m queryForList sql:

select
    cms_category.id as "id",
    cms_category.id as "typeid",
    cms_category.category_title as "typetitle",
    cms_category.category_short_title as "typeshorttitle",
            CONCAT(cms_category.category_path,'/index.html') as "typelink",
    cms_category.category_keyword as "typekeyword",
    cms_category.category_diy_url as "typeurl",
    cms_category.category_flag as "flag",
    cms_category.category_id as "parentid",
    cms_category.category_parent_ids as "parentids",
    cms_category.category_descrip as "typedescrip",
    cms_category.category_type as "type",
    cms_category.category_path as "typepath",
    cms_category.leaf as "typeleaf",
    cms_category.category_img as "typelitpic" ,
    cms_category.category_ico as "typeico" ,
    
    ( SELECT count(*) FROM cms_category cc WHERE cc.category_id = cms_category.id AND cc.del = 0 ) AS "childsize"
from
    cms_category

where
    cms_category.del=0
    and  cms_category.category_display = 'enable'
    and  cms_category.is_child = 'cms'




    and cms_category.id='1666653706550321163'


    

LIMIT
9999
[2m2025-04-14 13:50:06.356[0;39m [[32mDEBUG[0;39m] [35m88914[0;39m [2m[nio-8080-exec-8 ][0;39m [32mnet.mingsoft.mdiy.biz.impl.TagBizImpl[0;39m:86 [2m:[0;39m queryForList sql:

select
    cms_category.id as "id",
    cms_category.id as "typeid",
    cms_category.category_title as "typetitle",
    cms_category.category_short_title as "typeshorttitle",
            CONCAT(cms_category.category_path,'/index.html') as "typelink",
    cms_category.category_keyword as "typekeyword",
    cms_category.category_diy_url as "typeurl",
    cms_category.category_flag as "flag",
    cms_category.category_id as "parentid",
    cms_category.category_parent_ids as "parentids",
    cms_category.category_descrip as "typedescrip",
    cms_category.category_type as "type",
    cms_category.category_path as "typepath",
    cms_category.leaf as "typeleaf",
    cms_category.category_img as "typelitpic" ,
    cms_category.category_ico as "typeico" ,
    
    ( SELECT count(*) FROM cms_category cc WHERE cc.category_id = cms_category.id AND cc.del = 0 ) AS "childsize"
from
    cms_category

where
    cms_category.del=0
    and  cms_category.category_display = 'enable'
    and  cms_category.is_child = 'cms'




    and cms_category.category_id='1666653706550321163'


    

LIMIT
9999
[2m2025-04-14 13:50:06.359[0;39m [[32mDEBUG[0;39m] [35m88914[0;39m [2m[nio-8080-exec-8 ][0;39m [32mnet.mingsoft.mdiy.biz.impl.TagBizImpl[0;39m:86 [2m:[0;39m queryForList sql:

select
    cms_category.id as "id",
    cms_category.id as "typeid",
    cms_category.category_title as "typetitle",
    cms_category.category_short_title as "typeshorttitle",
            CONCAT(cms_category.category_path,'/index.html') as "typelink",
    cms_category.category_keyword as "typekeyword",
    cms_category.category_diy_url as "typeurl",
    cms_category.category_flag as "flag",
    cms_category.category_id as "parentid",
    cms_category.category_parent_ids as "parentids",
    cms_category.category_descrip as "typedescrip",
    cms_category.category_type as "type",
    cms_category.category_path as "typepath",
    cms_category.leaf as "typeleaf",
    cms_category.category_img as "typelitpic" ,
    cms_category.category_ico as "typeico" ,
    
    ( SELECT count(*) FROM cms_category cc WHERE cc.category_id = cms_category.id AND cc.del = 0 ) AS "childsize"
from
    cms_category

where
    cms_category.del=0
    and  cms_category.category_display = 'enable'
    and  cms_category.is_child = 'cms'




    and cms_category.id='1666653706550321164'


    

LIMIT
9999
[2m2025-04-14 13:50:06.363[0;39m [[32mDEBUG[0;39m] [35m88914[0;39m [2m[nio-8080-exec-8 ][0;39m [32mnet.mingsoft.mdiy.biz.impl.TagBizImpl[0;39m:86 [2m:[0;39m queryForList sql:



SELECT
  cms_content.id AS "id",
  content_title AS "title",
  content_short_title AS "shorttitle",
  content_author AS "author",
  content_source AS "source",
  content_out_link AS "outlink",
  content_tags AS "tags",

  category.category_title AS "typetitle",
  category.category_short_title AS "typeshorttitle",
  category.id AS "typeid",
  category.category_path AS "typepath",
  category.category_img AS "typelitpic",
  category.category_ico AS "typeico",
  category.category_keyword as "typekeyword",
  category.top_id as "topid",
  category.category_id as "parentid",
  category.category_parent_ids as "parentids",
  category.category_type AS "type",
      CONCAT(category.category_path,'/index.html') AS "typelink",
  content_description AS "descrip",
  content_hit AS "hit",
  content_type AS "flag",
  cms_content.content_keyword AS "keyword",
  content_img AS "litpic",
        CONCAT(CONCAT( category.category_path, '/' ), CONCAT(CASE category_type WHEN  '2' THEN 'index' ELSE cms_content.id END , '.html' )) as "link",
  
  content_datetime AS "date"
FROM
  cms_content
LEFT JOIN
  cms_category as category
ON cms_content.category_id = category.id
WHERE
  content_display='0'
  and category_display='enable'
  and cms_content.del=0

        and (cms_content.category_id='1666653706550321164'
        or cms_content.category_id in (select id FROM cms_category where cms_category.del=0
        and FIND_IN_SET('1666653706550321164',CATEGORY_PARENT_IDS) > 0))









    ORDER BY
      cms_content.content_datetime desc
  LIMIT
    10

[2m2025-04-14 13:50:06.370[0;39m [[32mDEBUG[0;39m] [35m88914[0;39m [2m[nio-8080-exec-8 ][0;39m [32mnet.mingsoft.mdiy.biz.impl.TagBizImpl[0;39m:86 [2m:[0;39m queryForList sql:

select
    cms_category.id as "id",
    cms_category.id as "typeid",
    cms_category.category_title as "typetitle",
    cms_category.category_short_title as "typeshorttitle",
            CONCAT(cms_category.category_path,'/index.html') as "typelink",
    cms_category.category_keyword as "typekeyword",
    cms_category.category_diy_url as "typeurl",
    cms_category.category_flag as "flag",
    cms_category.category_id as "parentid",
    cms_category.category_parent_ids as "parentids",
    cms_category.category_descrip as "typedescrip",
    cms_category.category_type as "type",
    cms_category.category_path as "typepath",
    cms_category.leaf as "typeleaf",
    cms_category.category_img as "typelitpic" ,
    cms_category.category_ico as "typeico" ,
    
    ( SELECT count(*) FROM cms_category cc WHERE cc.category_id = cms_category.id AND cc.del = 0 ) AS "childsize"
from
    cms_category

where
    cms_category.del=0
    and  cms_category.category_display = 'enable'
    and  cms_category.is_child = 'cms'




    and cms_category.id='1666653706550321169'


    

LIMIT
9999
[2m2025-04-14 13:50:06.376[0;39m [[32mDEBUG[0;39m] [35m88914[0;39m [2m[nio-8080-exec-8 ][0;39m [32mnet.mingsoft.mdiy.biz.impl.TagBizImpl[0;39m:86 [2m:[0;39m queryForList sql:



SELECT
  cms_content.id AS "id",
  content_title AS "title",
  content_short_title AS "shorttitle",
  content_author AS "author",
  content_source AS "source",
  content_out_link AS "outlink",
  content_tags AS "tags",

  category.category_title AS "typetitle",
  category.category_short_title AS "typeshorttitle",
  category.id AS "typeid",
  category.category_path AS "typepath",
  category.category_img AS "typelitpic",
  category.category_ico AS "typeico",
  category.category_keyword as "typekeyword",
  category.top_id as "topid",
  category.category_id as "parentid",
  category.category_parent_ids as "parentids",
  category.category_type AS "type",
      CONCAT(category.category_path,'/index.html') AS "typelink",
  content_description AS "descrip",
  content_hit AS "hit",
  content_type AS "flag",
  cms_content.content_keyword AS "keyword",
  content_img AS "litpic",
        CONCAT(CONCAT( category.category_path, '/' ), CONCAT(CASE category_type WHEN  '2' THEN 'index' ELSE cms_content.id END , '.html' )) as "link",
  
  content_datetime AS "date"
FROM
  cms_content
LEFT JOIN
  cms_category as category
ON cms_content.category_id = category.id
WHERE
  content_display='0'
  and category_display='enable'
  and cms_content.del=0

        and (cms_content.category_id='1666653706550321169'
        or cms_content.category_id in (select id FROM cms_category where cms_category.del=0
        and FIND_IN_SET('1666653706550321169',CATEGORY_PARENT_IDS) > 0))









    ORDER BY
      cms_content.content_datetime desc
  LIMIT
    12

[2m2025-04-14 13:50:06.382[0;39m [[32mDEBUG[0;39m] [35m88914[0;39m [2m[nio-8080-exec-8 ][0;39m [32mnet.mingsoft.mdiy.biz.impl.TagBizImpl[0;39m:86 [2m:[0;39m queryForList sql:

select
    cms_category.id as "id",
    cms_category.id as "typeid",
    cms_category.category_title as "typetitle",
    cms_category.category_short_title as "typeshorttitle",
            CONCAT(cms_category.category_path,'/index.html') as "typelink",
    cms_category.category_keyword as "typekeyword",
    cms_category.category_diy_url as "typeurl",
    cms_category.category_flag as "flag",
    cms_category.category_id as "parentid",
    cms_category.category_parent_ids as "parentids",
    cms_category.category_descrip as "typedescrip",
    cms_category.category_type as "type",
    cms_category.category_path as "typepath",
    cms_category.leaf as "typeleaf",
    cms_category.category_img as "typelitpic" ,
    cms_category.category_ico as "typeico" ,
    
    ( SELECT count(*) FROM cms_category cc WHERE cc.category_id = cms_category.id AND cc.del = 0 ) AS "childsize"
from
    cms_category

where
    cms_category.del=0
    and  cms_category.category_display = 'enable'
    and  cms_category.is_child = 'cms'

    and
    (
    
    FIND_IN_SET('n',cms_category.category_flag)>0
    )



    and(cms_category.category_id is null)


    

LIMIT
4
[2m2025-04-14 13:50:06.385[0;39m [[32mDEBUG[0;39m] [35m88914[0;39m [2m[nio-8080-exec-8 ][0;39m [32mnet.mingsoft.mdiy.biz.impl.TagBizImpl[0;39m:86 [2m:[0;39m queryForList sql:

select
    cms_category.id as "id",
    cms_category.id as "typeid",
    cms_category.category_title as "typetitle",
    cms_category.category_short_title as "typeshorttitle",
            CONCAT(cms_category.category_path,'/index.html') as "typelink",
    cms_category.category_keyword as "typekeyword",
    cms_category.category_diy_url as "typeurl",
    cms_category.category_flag as "flag",
    cms_category.category_id as "parentid",
    cms_category.category_parent_ids as "parentids",
    cms_category.category_descrip as "typedescrip",
    cms_category.category_type as "type",
    cms_category.category_path as "typepath",
    cms_category.leaf as "typeleaf",
    cms_category.category_img as "typelitpic" ,
    cms_category.category_ico as "typeico" ,
    
    ( SELECT count(*) FROM cms_category cc WHERE cc.category_id = cms_category.id AND cc.del = 0 ) AS "childsize"
from
    cms_category

where
    cms_category.del=0
    and  cms_category.category_display = 'enable'
    and  cms_category.is_child = 'cms'




    and cms_category.category_id='1666653706550321152'


    

LIMIT
9999
[2m2025-04-14 13:50:06.387[0;39m [[32mDEBUG[0;39m] [35m88914[0;39m [2m[nio-8080-exec-8 ][0;39m [32mnet.mingsoft.mdiy.biz.impl.TagBizImpl[0;39m:86 [2m:[0;39m queryForList sql:

select
    cms_category.id as "id",
    cms_category.id as "typeid",
    cms_category.category_title as "typetitle",
    cms_category.category_short_title as "typeshorttitle",
            CONCAT(cms_category.category_path,'/index.html') as "typelink",
    cms_category.category_keyword as "typekeyword",
    cms_category.category_diy_url as "typeurl",
    cms_category.category_flag as "flag",
    cms_category.category_id as "parentid",
    cms_category.category_parent_ids as "parentids",
    cms_category.category_descrip as "typedescrip",
    cms_category.category_type as "type",
    cms_category.category_path as "typepath",
    cms_category.leaf as "typeleaf",
    cms_category.category_img as "typelitpic" ,
    cms_category.category_ico as "typeico" ,
    
    ( SELECT count(*) FROM cms_category cc WHERE cc.category_id = cms_category.id AND cc.del = 0 ) AS "childsize"
from
    cms_category

where
    cms_category.del=0
    and  cms_category.category_display = 'enable'
    and  cms_category.is_child = 'cms'




    and cms_category.category_id='1666653706550321153'


    

LIMIT
9999
[2m2025-04-14 13:50:06.391[0;39m [[32mDEBUG[0;39m] [35m88914[0;39m [2m[nio-8080-exec-8 ][0;39m [32mnet.mingsoft.mdiy.biz.impl.TagBizImpl[0;39m:86 [2m:[0;39m queryForList sql:

select
    cms_category.id as "id",
    cms_category.id as "typeid",
    cms_category.category_title as "typetitle",
    cms_category.category_short_title as "typeshorttitle",
            CONCAT(cms_category.category_path,'/index.html') as "typelink",
    cms_category.category_keyword as "typekeyword",
    cms_category.category_diy_url as "typeurl",
    cms_category.category_flag as "flag",
    cms_category.category_id as "parentid",
    cms_category.category_parent_ids as "parentids",
    cms_category.category_descrip as "typedescrip",
    cms_category.category_type as "type",
    cms_category.category_path as "typepath",
    cms_category.leaf as "typeleaf",
    cms_category.category_img as "typelitpic" ,
    cms_category.category_ico as "typeico" ,
    
    ( SELECT count(*) FROM cms_category cc WHERE cc.category_id = cms_category.id AND cc.del = 0 ) AS "childsize"
from
    cms_category

where
    cms_category.del=0
    and  cms_category.category_display = 'enable'
    and  cms_category.is_child = 'cms'




    and cms_category.category_id='1666653706550321154'


    

LIMIT
9999
[2m2025-04-14 13:50:06.394[0;39m [[32mDEBUG[0;39m] [35m88914[0;39m [2m[nio-8080-exec-8 ][0;39m [32mnet.mingsoft.mdiy.biz.impl.TagBizImpl[0;39m:86 [2m:[0;39m queryForList sql:

select
    cms_category.id as "id",
    cms_category.id as "typeid",
    cms_category.category_title as "typetitle",
    cms_category.category_short_title as "typeshorttitle",
            CONCAT(cms_category.category_path,'/index.html') as "typelink",
    cms_category.category_keyword as "typekeyword",
    cms_category.category_diy_url as "typeurl",
    cms_category.category_flag as "flag",
    cms_category.category_id as "parentid",
    cms_category.category_parent_ids as "parentids",
    cms_category.category_descrip as "typedescrip",
    cms_category.category_type as "type",
    cms_category.category_path as "typepath",
    cms_category.leaf as "typeleaf",
    cms_category.category_img as "typelitpic" ,
    cms_category.category_ico as "typeico" ,
    
    ( SELECT count(*) FROM cms_category cc WHERE cc.category_id = cms_category.id AND cc.del = 0 ) AS "childsize"
from
    cms_category

where
    cms_category.del=0
    and  cms_category.category_display = 'enable'
    and  cms_category.is_child = 'cms'




    and cms_category.category_id='1666653706550321163'


    

LIMIT
9999
[2m2025-04-14 13:50:06.396[0;39m [[32mDEBUG[0;39m] [35m88914[0;39m [2m[nio-8080-exec-8 ][0;39m [32mnet.mingsoft.basic.util.BasicUtil[0;39m:893 [2m:[0;39m filePath html
[2m2025-04-14 13:50:06.396[0;39m [[32mDEBUG[0;39m] [35m88914[0;39m [2m[nio-8080-exec-8 ][0;39m [32mnet.mingsoft.basic.util.BasicUtil[0;39m:895 [2m:[0;39m classPath /Users/unk/ssd/IdeaProjects/github/MCMS/target/classes/
[2m2025-04-14 13:50:06.397[0;39m [[32mDEBUG[0;39m] [35m88914[0;39m [2m[nio-8080-exec-8 ][0;39m [32mnet.mingsoft.basic.util.BasicUtil[0;39m:899 [2m:[0;39m servlet org.apache.catalina.core.ApplicationContextFacade@285e936c
[2m2025-04-14 13:50:06.397[0;39m [[32mDEBUG[0;39m] [35m88914[0;39m [2m[nio-8080-exec-8 ][0;39m [32mnet.mingsoft.basic.util.BasicUtil[0;39m:901 [2m:[0;39m path /Users/unk/ssd/IdeaProjects/github/MCMS/src/main/webapp/
[2m2025-04-14 13:50:06.397[0;39m [[32mDEBUG[0;39m] [35m88914[0;39m [2m[nio-8080-exec-8 ][0;39m [32mnet.mingsoft.basic.util.BasicUtil[0;39m:399 [2m:[0;39m headers:{}
[2m2025-04-14 13:50:06.399[0;39m [[32mDEBUG[0;39m] [35m88914[0;39m [2m[ lh-something-7 ][0;39m [32mnet.mingsoft.basic.dao.ILogDao.insert[0;39m:135 [2m:[0;39m ==>  Preparing: INSERT INTO logger ( id, log_title, log_ip, log_method, log_request_method, log_url, log_status, log_business_type, log_user_type, log_user, log_location, log_param, log_result, create_date, del ) VALUES ( ?, ?, ?, ?, ?, ?, ?, ?, ?, ?, ?, ?, ?, ?, ? )
[2m2025-04-14 13:50:06.399[0;39m [[32mDEBUG[0;39m] [35m88914[0;39m [2m[ lh-something-7 ][0;39m [32mnet.mingsoft.basic.dao.ILogDao.insert[0;39m:135 [2m:[0;39m ==> Parameters: 1911658199866458114(String), 生成主页(String), 127.0.0.1(String), net.mingsoft.cms.action.GeneraterAction.generateIndex()(String), POST(String), /ms/cms/generate/generateIndex.do(String), success(String), update(String), manage(String), admin1234(String), 内网IP(String), {
    "url": [
        "index.htm"
    ],
    "position": [
        "index"
    ]
}(String), {"result":true,"code":200}(String), 2025-04-14 13:50:06.398(Timestamp), 0(Integer)
[2m2025-04-14 13:50:06.405[0;39m [[32mDEBUG[0;39m] [35m88914[0;39m [2m[ lh-something-7 ][0;39m [32mnet.mingsoft.basic.dao.ILogDao.insert[0;39m:135 [2m:[0;39m <==    Updates: 1
[2m2025-04-14 13:50:09.474[0;39m [[32mDEBUG[0;39m] [35m88914[0;39m [2m[nio-8080-exec-1 ][0;39m [32mnet.mingsoft.basic.util.BasicUtil[0;39m:399 [2m:[0;39m headers:{}
[2m2025-04-14 13:50:09.476[0;39m [[32mDEBUG[0;39m] [35m88914[0;39m [2m[nio-8080-exec-1 ][0;39m [32mnet.mingsoft.basic.util.BasicUtil[0;39m:399 [2m:[0;39m headers:{}
[2m2025-04-14 13:50:09.477[0;39m [[32mDEBUG[0;39m] [35m88914[0;39m [2m[nio-8080-exec-1 ][0;39m [32mnet.mingsoft.basic.action.web.IndexAction[0;39m:67 [2m:[0;39m basic index
[2m2025-04-14 13:50:09.477[0;39m [[32mDEBUG[0;39m] [35m88914[0;39m [2m[nio-8080-exec-1 ][0;39m [32mnet.mingsoft.basic.util.BasicUtil[0;39m:349 [2m:[0;39m server:localhost,basePath:http://localhost:8080/
[2m2025-04-14 13:50:09.477[0;39m [[32mDEBUG[0;39m] [35m88914[0;39m [2m[nio-8080-exec-1 ][0;39m [32mnet.mingsoft.basic.util.BasicUtil[0;39m:893 [2m:[0;39m filePath html/web/default.html
[2m2025-04-14 13:50:09.477[0;39m [[32mDEBUG[0;39m] [35m88914[0;39m [2m[nio-8080-exec-1 ][0;39m [32mnet.mingsoft.basic.util.BasicUtil[0;39m:895 [2m:[0;39m classPath /Users/unk/ssd/IdeaProjects/github/MCMS/target/classes/
[2m2025-04-14 13:50:09.477[0;39m [[32mDEBUG[0;39m] [35m88914[0;39m [2m[nio-8080-exec-1 ][0;39m [32mnet.mingsoft.basic.util.BasicUtil[0;39m:899 [2m:[0;39m servlet org.apache.catalina.core.ApplicationContextFacade@285e936c
[2m2025-04-14 13:50:09.478[0;39m [[32mDEBUG[0;39m] [35m88914[0;39m [2m[nio-8080-exec-1 ][0;39m [32mnet.mingsoft.basic.util.BasicUtil[0;39m:901 [2m:[0;39m path /Users/unk/ssd/IdeaProjects/github/MCMS/src/main/webapp/
[2m2025-04-14 13:50:09.478[0;39m [[32mDEBUG[0;39m] [35m88914[0;39m [2m[nio-8080-exec-1 ][0;39m [32mnet.mingsoft.basic.action.web.IndexAction[0;39m:81 [2m:[0;39m defaultHtmlPath /Users/unk/ssd/IdeaProjects/github/MCMS/src/main/webapp/html/web/default.html
[2m2025-04-14 13:50:09.478[0;39m [[32mDEBUG[0;39m] [35m88914[0;39m [2m[nio-8080-exec-1 ][0;39m [32mnet.mingsoft.basic.action.web.IndexAction[0;39m:88 [2m:[0;39m indexPosition html/web/index.html
[2m2025-04-14 13:50:09.479[0;39m [[32mDEBUG[0;39m] [35m88914[0;39m [2m[nio-8080-exec-1 ][0;39m [32mnet.mingsoft.basic.util.BasicUtil[0;39m:399 [2m:[0;39m headers:{}
[2m2025-04-14 13:50:09.518[0;39m [[32mDEBUG[0;39m] [35m88914[0;39m [2m[nio-8080-exec-7 ][0;39m [32mnet.mingsoft.basic.util.BasicUtil[0;39m:399 [2m:[0;39m headers:{}
